6.198527333333333	1.8180006666666664	0.1454983333333333	0.4576929999999999	0.4256353333333332	2.0352273333333333	0.5919936666666666	3.2883179999999994	0.3749839999999999	0.8667109999999999	0.3426816666666666	2.468630333333333	0.1085716666666666	2.1865296666666665	0.0993483333333333	0.3236696666666666	1.435962	1.5363743333333333	1.437935	0.149622	3.66752	0.1616746666666666	0.1107549999999999	0.4876686666666666	1.5873493333333333	1.1930566666666669	1.8036696666666667	0.4037646666666666	3.839409	0.1987939999999999	0.5739569999999999	0.0484296666666666	0.121994	3.294292	2.831297333333333	1.6683253333333332	0.1112826666666666	4.856613	0.1622839999999999	8.644386666666666	0.539685
6.216552	2.099988333333333	0.1343453333333333	0.4524236666666666	0.3340236666666666	1.975953	0.6149596666666667	3.1431266666666664	0.3697983333333333	0.749702	0.3483993333333333	2.67779	0.1096023333333333	2.20167	0.1051683333333333	0.2681829999999999	1.4868526666666666	1.726358	1.310274333333333	0.1926643333333333	3.859583333333333	0.1542786666666666	0.1106836666666666	0.4767666666666666	1.603303	1.3236413333333332	1.9067979999999995	0.4448746666666666	3.8080496666666654	0.1905989999999999	0.5410186666666665	0.0535506666666666	0.1178259999999999	3.2613236666666667	2.8297986666666666	1.6937023333333334	0.101007	5.441549999999999	0.1601853333333333	9.437272666666669	0.5673666666666667
6.225372333333333	2.378262666666666	0.1290569999999999	0.4461543333333333	0.2630499999999999	1.9308586666666667	0.6395053333333333	2.9925389999999994	0.360949	0.6359573333333333	0.3480773333333333	2.8638606666666666	0.1116539999999999	2.2004123333333334	0.112471	0.2200963333333332	1.5397009999999998	1.9251746666666665	1.17636	0.2466786666666666	4.026924666666667	0.1480153333333333	0.1120233333333333	0.4671236666666666	1.6231416666666667	1.4679586666666664	2.0111453333333333	0.4885263333333333	3.747368333333333	0.1836723333333333	0.556028	0.0593876666666666	0.1141386666666666	3.221910666666667	2.832856	1.7126366666666668	0.091008	5.963314333333333	0.158987	10.220977333333334	0.588399
6.224214666666667	2.639997666666666	0.1299926666666666	0.439922	0.210529	1.893943333333333	0.6657566666666667	2.8369006666666663	0.3510646666666666	0.5300796666666666	0.3446236666666666	3.032156	0.1149669999999999	2.183234333333333	0.121192	0.180414	1.5875816666666664	2.1264553333333334	1.0419639999999997	0.3107556666666666	4.163906666666667	0.1435543333333333	0.1149836666666666	0.4615329999999999	1.644653	1.614311	2.1142396666666663	0.5359149999999999	3.658359333333333	0.1779246666666666	0.6122749999999999	0.0661949999999999	0.1111786666666666	3.1739806666666666	2.841973	1.7311476666666663	0.0816336666666666	6.403523	0.1589983333333333	10.989949333333334	0.6049626666666666
6.213579333333333	2.8747066666666665	0.1374169999999999	0.4341726666666666	0.1741489999999999	1.8618163333333333	0.6937736666666666	2.677185	0.3417576666666667	0.4352479999999999	0.3421149999999999	3.188412	0.1196783333333333	2.1505363333333336	0.1313366666666666	0.1493186666666666	1.6256706666666667	2.323824	0.9123886666666666	0.3825736666666666	4.267753	0.1411516666666666	0.1194443333333333	0.4612769999999999	1.6671876666666663	1.7500653333333331	2.212271	0.588356	3.542302	0.1732783333333333	0.7021223333333333	0.0741753333333333	0.109034	3.117072333333333	2.8511896666666665	1.7387896666666665	0.0732633333333333	6.7519013333333335	0.1602986666666666	11.739418666666666	0.6198440000000001
6.196249333333334	3.0760126666666667	0.1512726666666666	0.4286949999999999	0.1513403333333333	1.833934	0.7232566666666668	2.515976	0.3336026666666666	0.3529456666666666	0.3446793333333333	3.335705	0.125959	2.1023896666666664	0.1429829999999999	0.126566	1.6524759999999998	2.512484333333333	0.7922956666666667	0.4581573333333333	4.341452	0.141289	0.1253389999999999	0.4678826666666666	1.6934006666666663	1.863831	2.300246	0.647059	3.4006443333333327	0.1697569999999999	0.8166966666666666	0.0834123333333333	0.107987	3.052946	2.849802333333333	1.713982	0.0661953333333333	7.011031666666667	0.1630226666666666	12.464838	0.6358086666666667
6.177453333333333	3.240421	0.171156	0.4231083333333333	0.1392863333333333	1.8109503333333332	0.753437	2.357769	0.3265293333333333	0.283443	0.3549053333333333	3.473566333333333	0.133925	2.0384246666666668	0.1560939999999999	0.1114376666666666	1.6695496666666667	2.688613333333333	0.685306	0.5327673333333333	4.392721333333333	0.144263	0.132546	0.4821753333333333	1.7282003333333331	1.947285	2.3734263333333336	0.7128313333333333	3.234972	0.167256	0.9459953333333332	0.093836	0.108276	2.9854986666666665	2.828996666666667	1.6399523333333332	0.0605433333333333	7.191076333333333	0.1671716666666666	13.157735666666667	0.6547166666666666
6.165577999999999	3.367313	0.1961773333333333	0.4172476666666666	0.1349253333333333	1.7936986666666668	0.7827980000000001	2.2097686666666663	0.319966	0.2257669999999999	0.3716893333333333	3.5959306666666664	0.1434776666666666	1.9576346666666664	0.1702916666666666	0.1024363333333333	1.682419	2.848976333333333	0.593176	0.6015103333333334	4.434385000000001	0.1496183333333333	0.1407053333333333	0.5027759999999999	1.7782909999999998	1.9982043333333328	2.428954333333333	0.785644	3.0471273333333326	0.1652696666666666	1.0786323333333332	0.105192	0.1097896666666666	2.9215046666666664	2.7888976666666667	1.5217716666666663	0.0560986666666666	7.307247666666667	0.172367	13.799866666666668	0.6763846666666666
6.167199333333333	3.457798666666666	0.2253683333333333	0.411134	0.1357726666666666	1.7831533333333331	0.8097286666666668	2.078889	0.3135316666666666	0.1783993333333333	0.3916753333333332	3.6940866666666654	0.15438	1.8593416666666664	0.1850526666666666	0.0975796666666666	1.6977696666666666	2.9903606666666667	0.5164663333333332	0.660118	4.4781976666666665	0.1561586666666666	0.1492129999999999	0.5263236666666666	1.849315	2.0188086666666667	2.466079	0.8650913333333332	2.8398319999999995	0.1631029999999999	1.2037316666666666	0.1172273333333333	0.1120433333333333	2.8685393333333336	2.736436	1.3800296666666667	0.0524773333333333	7.373514	0.1779156666666666	14.365719666666669	0.6994816666666667
6.181488666666667	3.514437333333333	0.2580723333333333	0.404975	0.141019	1.7803923333333334	0.8331476666666666	1.9685496666666664	0.3077746666666666	0.139747	0.4100729999999999	3.758679333333333	0.166285	1.744389	0.199869	0.0945866666666666	1.7208033333333332	3.1091566666666663	0.454784	0.7060109999999999	4.528267333333333	0.1618146666666666	0.1571693333333333	0.547247	1.9423376666666663	2.0158023333333333	2.487146666666667	0.9507706666666664	2.617701	0.1600743333333333	1.3131473333333332	0.1299436666666666	0.1140703333333333	2.833046333333333	2.684963	1.2483193333333331	0.049249	7.396039333333332	0.1828493333333333	14.823027333333334	0.72218
6.203683666666668	3.540557333333333	0.293985	0.3990903333333333	0.1510419999999999	1.7850606666666664	0.8526373333333332	1.879306333333333	0.3037003333333333	0.1083929999999999	0.4235046666666666	3.781576	0.178981	1.6154179999999998	0.2144483333333333	0.0915303333333333	1.7524656666666667	3.202229	0.407488	0.7382956666666667	4.582896666666666	0.1646453333333333	0.163744	0.5606166666666667	2.053207	1.9975336666666668	2.4959886666666664	1.0427343333333332	2.386743666666667	0.1557696666666666	1.4016983333333333	0.1436733333333333	0.1149536666666666	2.818993333333333	2.646323	1.1547793333333334	0.0461073333333333	7.373784333333334	0.1863316666666666	15.141190333333332	0.7434566666666667
6.227432	3.539935	0.333282	0.393887	0.167369	1.793375	0.868757	1.808571	0.3023996666666667	0.0833869999999999	0.4332313333333333	3.758124333333333	0.1926683333333333	1.477798	0.2289883333333333	0.0876506666666666	1.7854233333333331	3.2680156666666664	0.374249	0.7584203333333334	4.634707333333333	0.1639656666666666	0.1686053333333333	0.565299	2.1703666666666663	1.9719	2.496817333333334	1.14209	2.154311333333333	0.1504226666666666	1.4685359999999998	0.1593233333333333	0.1143953333333333	2.825629333333333	2.622637666666666	1.102275	0.0431026666666666	7.296701	0.1881856666666666	15.300887	0.7647303333333334
6.247016	3.516043666666666	0.3760983333333333	0.3898223333333333	0.192049	1.800544666666667	0.8823953333333332	1.752525	0.3045059999999999	0.0640296666666666	0.4432683333333332	3.686992	0.2078323333333333	1.3383536666666669	0.2440326666666666	0.0829926666666666	1.809408	3.3062276666666666	0.354916	0.768988	4.675332666666666	0.160152	0.1718456666666666	0.563017	2.281463	1.9450246666666664	2.4927783333333333	1.2505086666666665	1.9278566666666668	0.1447793333333333	1.515785333333333	0.1780589999999999	0.1125883333333333	2.8493556666666664	2.610046333333333	1.078126	0.040473	7.151076	0.1887073333333333	15.295457666666666	0.7891330000000001
6.259492333333333	3.471029666666666	0.4219759999999999	0.387356	0.2272479999999999	1.8029623333333331	0.8942233333333331	1.707334333333333	0.3095679999999999	0.0497526666666666	0.4593023333333332	3.571266	0.2251969999999999	1.2045406666666665	0.2604296666666666	0.0783443333333333	1.8158936666666663	3.317929	0.349361	0.7730549999999999	4.699436333333334	0.154821	0.1740819999999999	0.5583223333333333	2.38002	1.919372	2.484150666666667	1.369872	1.713635333333333	0.1401103333333333	1.5482479999999998	0.2012136666666666	0.1102533333333333	2.884407	2.6009903333333333	1.0598999999999998	0.0385556666666666	6.923577	0.1886993333333333	15.136821666666666	0.821356
6.263902666666667	3.404641666666666	0.4698799999999999	0.386746	0.274572	1.7986166666666663	0.9044783333333332	1.6688879999999997	0.3166166666666666	0.0399533333333333	0.4867539999999999	3.4163106666666665	0.2455859999999999	1.0827889999999998	0.2788816666666667	0.0747343333333333	1.800772	3.3047163333333334	0.3566543333333333	0.7733513333333334	4.704161666666667	0.1500446666666666	0.1761823333333333	0.5566656666666667	2.466919	1.894686	2.4690506666666665	1.5015576666666663	1.5160773333333335	0.1375513333333333	1.5707856666666664	0.2307083333333333	0.1082873333333333	2.923760333333333	2.589774	1.030131	0.0375963333333333	6.6050086666666665	0.1891156666666666	14.845487	0.8659456666666665
6.261056333333333	3.3123273333333336	0.5180613333333334	0.3877273333333333	0.3341933333333333	1.787804333333333	0.9126783333333334	1.6324339999999995	0.3246306666666667	0.033857	0.5289423333333333	3.2287886666666665	0.269811	0.9764539999999998	0.2994516666666666	0.073043	1.768219	3.268073666666666	0.3739903333333333	0.77147	4.6891050000000005	0.147755	0.1790933333333333	0.562815	2.554066	1.8678066666666664	2.443439333333333	1.645542	1.3364686666666663	0.1373996666666666	1.5857266666666665	0.269922	0.1074803333333333	2.9595006666666666	2.578130666666667	0.9913406666666664	0.0375686666666666	6.195588666666668	0.19082	14.444085	0.9256803333333332
6.251750333333334	3.187874	0.5646916666666666	0.3896003333333334	0.405211	1.771081	0.918312	1.5941806666666667	0.332928	0.0306006666666666	0.5881899999999999	3.016954333333333	0.2986283333333333	0.8864913333333333	0.3217036666666666	0.0737363333333333	1.7257343333333333	3.209003	0.3974183333333333	0.7678729999999999	4.654110999999999	0.1492143333333333	0.1835086666666666	0.5797643333333332	2.6568529999999995	1.833676	2.4030646666666664	1.8007546666666665	1.1742703333333335	0.1392786666666666	1.5930586666666666	0.3239716666666666	0.1083239999999999	2.9847506666666663	2.570123	0.9539136666666664	0.0383163333333333	5.703183666666668	0.1943789999999999	13.953008666666667	1.002233
6.235100333333333	3.0257016666666665	0.6084806666666667	0.391197	0.485622	1.7474746666666665	0.9215326666666668	1.5535256666666666	0.3416869999999999	0.0293246666666666	0.6665856666666667	2.791663	0.3326346666666667	0.8112666666666666	0.3447123333333333	0.0764533333333333	1.6803416666666664	3.1275186666666666	0.4223039999999999	0.761536	4.597462	0.154274	0.1894326666666666	0.6069846666666666	2.7878886666666665	1.7854876666666666	2.3453296666666668	1.9650383333333328	1.0277176666666668	0.1421036666666666	1.5898623333333333	0.4005926666666667	0.1107156666666666	2.996236666666667	2.567416333333333	0.9257603333333332	0.039682	5.144526333333333	0.199805	13.386283333333331	1.096602
6.209237333333334	2.823096666666667	0.6486593333333334	0.3916063333333333	0.5729719999999999	1.7160909999999998	0.922883	1.5132693333333336	0.3514766666666666	0.0292483333333333	0.7662443333333333	2.564273666666667	0.3722363333333333	0.7483026666666666	0.3674896666666666	0.080311	1.6370226666666663	3.023384333333333	0.4445463333333333	0.7507106666666666	4.5177016666666665	0.1618253333333333	0.196325	0.641508	2.955439333333333	1.7161036666666667	2.269558	2.135624	0.8948909999999998	0.1446536666666666	1.5723446666666665	0.5078523333333334	0.1141703333333333	2.994882333333333	2.5683169999999995	0.9081806666666666	0.0415556666666666	4.540784666666667	0.2066699999999999	12.755145333333331	1.2100133333333334
6.171870999999999	2.5836156666666663	0.6851066666666666	0.3909703333333333	0.6647733333333332	1.6779596666666663	0.92311	1.4809489999999998	0.363052	0.029799	0.8899346666666668	2.344472333333333	0.4175213333333333	0.6955766666666666	0.389393	0.084082	1.5968466666666663	2.896885	0.46204	0.7334366666666666	4.415914666666667	0.169979	0.2030696666666666	0.6782286666666667	3.1607296666666667	1.6194466666666665	2.1779113333333333	2.3092896666666665	0.7745626666666666	0.1460986666666666	1.5374626666666664	0.6517826666666666	0.1179236666666666	2.987811333333333	2.5662396666666663	0.8909809999999999	0.04394	3.9154736666666654	0.2141196666666666	12.070831666666669	1.3449496666666667
6.1217310000000005	2.3159806666666665	0.7178356666666666	0.3900639999999999	0.7586306666666666	1.6357513333333331	0.9227706666666666	1.465413	0.3774586666666666	0.0306143333333333	1.0447643333333332	2.1389046666666665	0.4685039999999999	0.6518926666666667	0.4101113333333333	0.086862	1.558933	2.749918	0.4744416666666666	0.7079966666666666	4.296303666666667	0.1771043333333333	0.208573	0.7126079999999999	3.4008196666666666	1.4917913333333332	2.0741023333333333	2.482493	0.6661506666666667	0.1461076666666666	1.483446333333333	0.8349589999999999	0.1213763333333333	2.9839203333333333	2.5547093333333333	0.8631573333333332	0.0468293333333333	3.294248	0.2212983333333333	11.345658	1.505343333333333
6.060310666666667	2.0348436666666667	0.7465366666666666	0.3900409999999999	0.8523419999999999	1.5938579999999998	0.921808	1.4737953333333331	0.3964106666666667	0.0316406666666666	1.2477793333333331	1.948613	0.5253239999999999	0.6173573333333333	0.4297596666666666	0.088849	1.5217323333333332	2.587664333333333	0.4835546666666666	0.6735126666666665	4.167828333333333	0.1829583333333333	0.212372	0.7434826666666667	3.6698503333333328	1.3341373333333335	1.9628296666666667	2.651315333333333	0.5697723333333333	0.1451166666666666	1.410629666666667	1.0536843333333332	0.1245853333333333	2.989981	2.53248	0.8236623333333333	0.0501069999999999	2.7055773333333333	0.2278033333333333	10.593938	1.6973886666666669
5.990582	1.7564456666666666	0.7705596666666665	0.3920119999999999	0.9437443333333332	1.5563299999999998	0.9197636666666666	1.510419	0.4221893333333333	0.0329676666666666	1.5229426666666666	1.7708426666666668	0.5883309999999999	0.5923579999999999	0.448574	0.0909143333333333	1.4840783333333334	2.417311333333333	0.4917936666666666	0.6301886666666667	4.041603333333333	0.1882636666666666	0.214538	0.772065	3.961220333333333	1.151668666666667	1.849463	2.8115803333333336	0.4855676666666665	0.1438516666666666	1.3205736666666663	1.2993836666666667	0.1280326666666666	3.00922	2.502587	0.7800803333333333	0.0535529999999999	2.176206666666667	0.2336169999999999	9.829111	1.929089
5.916042999999999	1.494901	0.7888160000000001	0.396636	1.0305516666666668	1.524605	0.9158996666666668	1.574903	0.4576929999999999	0.0347266666666666	1.8996743333333332	1.5995233333333332	0.6581893333333333	0.5766	0.466667	0.0943623333333333	1.446111	2.2474063333333336	0.5009276666666667	0.5800863333333333	3.928875	0.1945656666666666	0.2157406666666666	0.8015356666666666	4.269301666666666	0.9548903333333332	1.740076	2.9589176666666663	0.4130123333333333	0.1429703333333333	1.2156426666666664	1.5582499999999997	0.1324923333333333	3.038866333333333	2.4724763333333333	0.7493166666666666	0.0568653333333333	1.7253393333333331	0.239185	9.060302333333333	2.210621333333333
5.838951	1.2609256666666666	0.8001773333333333	0.4041909999999999	1.1103716666666663	1.4976693333333333	0.9096333333333332	1.6647803333333333	0.505069	0.036976	2.401972333333333	1.428873	0.7356703333333332	0.5690216666666666	0.48395	0.1002213333333333	1.4080436666666667	2.086161333333333	0.5116713333333334	0.5268106666666666	3.838116	0.2032523333333333	0.2167273333333333	0.8347343333333332	4.589978666666666	0.756844	1.6404746666666663	3.089483	0.3510773333333333	0.1427783333333333	1.0985066666666667	1.815383333333333	0.1386286666666666	3.073289	2.4497246666666666	0.747714	0.0597956666666666	1.3631316666666666	0.2449926666666666	8.292679333333334	2.55379
5.758206666666665	1.0594063333333332	0.8038746666666666	0.4144996666666667	1.180729666666667	1.471569	0.901052	1.777076	0.5640356666666667	0.0395843333333333	3.0349506666666666	1.2570793333333334	0.8214216666666666	0.5675073333333333	0.5000136666666667	0.1084886666666666	1.3690396666666669	1.939703	0.5230566666666666	0.4758803333333333	3.7710019999999993	0.2145883333333333	0.2178706666666666	0.8718656666666666	4.921821999999999	0.5712790000000001	1.554993333333333	3.2009556666666663	0.2982303333333333	0.1428749999999999	0.9718896666666664	2.058485333333333	0.146561	3.105892	2.437894	0.7809123333333332	0.0623423333333333	1.085697333333333	0.2512293333333333	7.526809666666665	2.9719896666666665
5.670982333333333	0.8911723333333332	0.799581	0.4270876666666666	1.239408	1.4425283333333332	0.8908613333333333	1.9073946666666663	0.6322760000000001	0.0423173333333333	3.787190333333333	1.0864573333333332	0.9158666666666666	0.5696869999999999	0.514391	0.1185843333333333	1.328563333333333	1.812573	0.5335523333333333	0.433803	3.723592333333333	0.228145	0.2193013333333333	0.911651	5.26585	0.4100623333333333	1.4858976666666663	3.2924926666666665	0.2528843333333333	0.1424783333333333	0.8391096666666665	2.2785453333333336	0.156137	3.1294809999999997	2.4370746666666667	0.8448753333333332	0.064729	0.8808716666666665	0.2578789999999999	6.763977333333333	3.4778696666666664
5.574064	0.7531366666666666	0.7876176666666667	0.4412046666666667	1.28494	1.410143333333333	0.8804973333333332	2.0483466666666663	0.7052096666666666	0.0449033333333333	4.6275276666666665	0.924841	1.01895	0.5736443333333333	0.5268286666666666	0.1296446666666666	1.288035	1.7076786666666666	0.5420796666666666	0.4075823333333332	3.685804	0.2430733333333333	0.2210103333333333	0.9521346666666666	5.626119	0.2799319999999999	1.4320339999999998	3.3652063333333326	0.2137776666666666	0.1406706666666666	0.7048863333333332	2.471662	0.1671246666666666	3.136222	2.443413333333333	0.924166	0.067479	0.7308389999999999	0.2648326666666666	6.011987666666666	4.0802
5.466816666666666	0.6408026666666666	0.7685199999999999	0.4560476666666667	1.3166676666666666	1.3767913333333333	0.8712949999999999	2.191963333333333	0.7776253333333332	0.047164	5.518874333333333	0.781668	1.1301556666666668	0.5781893333333333	0.5374546666666667	0.14101	1.250602	1.6271083333333332	0.548534	0.4039293333333333	3.647813	0.2586163333333333	0.2230416666666666	0.9919116666666664	6.006563333333334	0.1832696666666666	1.3904839999999998	3.420976333333333	0.1799903333333333	0.1368526666666666	0.57505	2.6373163333333336	0.1794926666666667	3.119187	2.4516469999999995	1.001110333333333	0.0712033333333333	0.6181066666666667	0.2720073333333333	5.285062333333333	4.781637666666667
5.354667333333333	0.549987	0.7426813333333333	0.47097	1.335103	1.3477203333333334	0.8636416666666666	2.332382333333333	0.8451143333333332	0.0491593333333333	6.429803999999999	0.6645416666666666	1.2482669999999998	0.5833513333333333	0.5470959999999999	0.152731	1.221313	1.572417	0.554644	0.4283003333333333	3.6063766666666655	0.274621	0.2256879999999999	1.0314286666666663	6.407663333333333	0.1172409999999999	1.357623	3.461514333333333	0.1510366666666666	0.1313126666666666	0.4565113333333333	2.778027333333333	0.1937416666666666	3.074512666666667	2.456989	1.0640546666666666	0.0764293333333333	0.5310276666666667	0.2795163333333333	4.605716000000001	5.573398999999999
5.243923000000001	0.4771659999999999	0.7104036666666665	0.485768	1.341368	1.328064333333333	0.8573226666666667	2.4682556666666664	0.904614	0.0511253333333333	7.339430333333333	0.5776613333333335	1.3715236666666666	0.5898063333333332	0.5569413333333333	0.1652936666666666	1.2046956666666666	1.5441596666666666	0.5630556666666666	0.484287	3.5626216666666664	0.2912679999999999	0.229376	1.0720566666666664	6.825954333333334	0.0762466666666666	1.3305133333333332	3.4876206666666665	0.1266673333333333	0.1249373333333333	0.3558139999999999	2.897118	0.2107046666666666	3.002105333333333	2.4555846666666667	1.108173	0.0834493333333333	0.4618366666666666	0.2875356666666666	3.998840333333333	6.435351
5.136637333333333	0.4198433333333333	0.6719740000000001	0.5011126666666667	1.33683	1.3197933333333332	0.8517666666666667	2.6067846666666665	0.955397	0.0534536666666666	8.244767	0.5191266666666666	1.497496	0.5985116666666666	0.5683396666666667	0.179472	1.202162333333333	1.540898	0.5767496666666667	0.5721243333333333	3.520932333333333	0.3089203333333333	0.234593	1.115481	7.252499666666666	0.0532076666666666	1.3083456666666669	3.498188	0.106735	0.1190966666666666	0.2773776666666666	2.997036	0.2314816666666666	2.9077893333333336	2.4451273333333337	1.1380093333333332	0.092096	0.4058756666666667	0.2962536666666666	3.486197666666666	7.331346999999999
5.030907999999999	0.3757619999999999	0.6280913333333332	0.518191	1.322536	1.3221226666666666	0.8467290000000001	2.759556	0.9979693333333332	0.0564999999999999	9.147480666666668	0.483248	1.6233893333333334	0.6100803333333332	0.5824426666666667	0.196109	1.213169	1.559603	0.5982636666666666	0.6891193333333333	3.485345333333333	0.3279426666666666	0.2418706666666666	1.163379	7.677770666666667	0.0413399999999999	1.2910093333333337	3.4911256666666666	0.0909906666666666	0.1149716666666666	0.2231033333333333	3.0794869999999994	0.2573263333333333	2.8004316666666664	2.423923	1.160625	0.101917	0.3599383333333333	0.3058433333333333	3.081647	8.216419666666667
4.9205076666666665	0.3422356666666666	0.580411	0.538497	1.2985706666666663	1.3310589999999998	0.8430386666666666	2.9399026666666668	1.0334656666666666	0.060399	10.041734	0.4615276666666666	1.7461266666666666	0.6240783333333333	0.5998256666666666	0.2159226666666666	1.2358216666666666	1.5954739999999998	0.628826	0.8288143333333333	3.4563666666666664	0.348574	0.2517983333333333	1.217180666666667	8.096207666666666	0.035866	1.2778526666666667	3.4640136666666663	0.0788433333333333	0.1128526666666666	0.1910003333333333	3.145329333333333	0.2896343333333333	2.690304333333333	2.3903989999999995	1.180019666666667	0.1122813333333333	0.3215233333333333	0.316497	2.783429333333333	9.040888
4.800823666666666	0.3164356666666666	0.5310253333333333	0.5634606666666666	1.2645276666666667	1.341646	0.8417989999999999	3.1598396666666666	1.06292	0.0651056666666666	10.910447333333332	0.445753	1.8624499999999995	0.6394363333333332	0.6206876666666667	0.2393673333333333	1.268489	1.642874333333333	0.6689006666666666	0.9826116666666668	3.434114	0.3708643333333333	0.2649353333333333	1.277812	8.504673333333333	0.0335266666666666	1.2675276666666666	3.4151316666666665	0.0695343333333333	0.1124056666666666	0.17703	3.194197	0.3298606666666666	2.587620666666666	2.344227	1.198651	0.122655	0.2886756666666666	0.3283503333333333	2.57958	9.759820333333334
4.67539	0.2957543333333332	0.481993	0.5940416666666666	1.2198613333333337	1.3497726666666665	0.843572	3.426544666666666	1.0866399999999998	0.0703963333333333	11.718737666666668	0.4309969999999999	1.9688983333333328	0.6547056666666665	0.64494	0.26638	1.3112906666666666	1.6959203333333333	0.7184743333333332	1.1404786666666666	3.4217166666666667	0.3945709999999999	0.2817346666666666	1.345192333333333	8.900980333333331	0.032614	1.2577790000000002	3.3447019999999994	0.062252	0.1127919999999999	0.1761503333333333	3.2234066666666665	0.3794819999999999	2.501076	2.2880453333333333	1.2189716666666666	0.132933	0.2601886666666667	0.341423	2.449549	10.344405666666669
4.553120666666667	0.2783196666666667	0.4348406666666666	0.6306966666666666	1.1645693333333331	1.352837	0.8478276666666666	3.741426666666666	1.1043983333333331	0.0760363333333333	12.426673	0.4146823333333333	2.0620006666666666	0.6686876666666666	0.6724636666666667	0.2963989999999999	1.3650936666666666	1.7488753333333336	0.777639	1.292579	3.425574333333333	0.419181	0.3025383333333333	1.41797	9.279206	0.0322396666666666	1.2464706666666665	3.254327333333333	0.056333	0.1132416666666666	0.1838629999999999	3.227980666666667	0.4398596666666666	2.4364473333333327	2.226075333333333	1.2443136666666663	0.1432776666666666	0.2351956666666666	0.3555249999999999	2.370642	10.780792
4.446789333333334	0.2637459999999999	0.389866	0.673094	1.1000163333333333	1.350772	0.8521093333333333	4.096937333333333	1.115532	0.0819426666666666	13.001099333333332	0.3963739999999999	2.138506333333333	0.68112	0.7032806666666667	0.3282436666666666	1.4307076666666667	1.7966456666666666	0.8470676666666666	1.4309166666666666	3.456224666666667	0.4439419999999999	0.327626	1.4929723333333331	9.623875666666668	0.032027	1.2327026666666665	3.1469136666666664	0.0514776666666666	0.1136226666666666	0.1977356666666666	3.1998846666666663	0.512108	2.393917	2.163082333333333	1.2794663333333332	0.1540736666666666	0.2129306666666666	0.3701613333333333	2.323136666666666	11.074516666666668
4.366764	0.2522733333333333	0.3467803333333333	0.7199646666666666	1.0283686666666667	1.3446516666666666	0.853526	4.479855333333333	1.1194703333333331	0.0881333333333333	13.422399666666667	0.3763839999999999	2.1958739999999994	0.6921446666666665	0.7371909999999999	0.3607143333333333	1.5090566666666665	1.835241	0.9273113333333332	1.5496393333333334	3.523181666666667	0.468522	0.3575806666666666	1.567379	9.915526666666668	0.0318523333333333	1.216708333333333	3.025967333333333	0.0475876666666666	0.1141383333333333	0.216354	3.1308826666666665	0.597299	2.3693376666666666	2.102025	1.3266773333333333	0.1657106666666666	0.1927666666666666	0.3848746666666666	2.2910596666666665	11.241681
4.313945333333333	0.2440806666666666	0.3051556666666666	0.7686016666666666	0.952261	1.335738	0.8502123333333332	4.872442333333334	1.116245	0.0947023333333333	13.695273	0.354882	2.2330533333333333	0.7018883333333332	0.773296	0.39321	1.6016619999999997	1.862741	1.0179233333333333	1.6461323333333333	3.629021333333333	0.4938853333333333	0.3938519999999999	1.641155	10.135897	0.0317646666666666	1.2000683333333333	2.895215	0.044663	0.1151023333333333	0.238527	3.015527333333333	0.6966153333333333	2.3539106666666667	2.0411576666666664	1.3804506666666665	0.1784353333333333	0.1743569999999999	0.399676	2.264105333333333	11.304427333333331
4.282167333333333	0.2388186666666666	0.264993	0.8158073333333332	0.8743123333333335	1.3252193333333333	0.8418353333333333	5.2564443333333335	1.105878666666667	0.1017273333333333	13.834254666666665	0.3321446666666666	2.2501856666666664	0.7101146666666666	0.8101739999999998	0.4256286666666667	1.7118249999999997	1.878679	1.1173306666666667	1.7199429999999998	3.76933	0.5218186666666667	0.4385909999999999	1.716584	10.275680333333334	0.0319116666666666	1.1843736666666669	2.7585783333333334	0.042672	0.1166553333333333	0.2627823333333333	2.8524626666666664	0.8108293333333332	2.3376776666666665	1.9762656666666667	1.430096	0.1924556666666666	0.1576186666666666	0.4149926666666666	2.235462666666667	11.2838
4.258546333333333	0.2349979999999999	0.2273563333333333	0.8587373333333334	0.7966833333333333	1.3140626666666666	0.8305383333333332	5.617041333333333	1.087724	0.1091743333333333	13.852231333333332	0.3090173333333333	2.2487006666666667	0.7158436666666667	0.8459243333333333	0.4584136666666666	1.846224	1.8839906666666668	1.2223033333333333	1.7725879999999998	3.930359333333333	0.5547186666666667	0.4947426666666666	1.7984006666666668	10.345036666666669	0.0325133333333333	1.1699243333333331	2.620278	0.0414356666666666	0.1184506666666666	0.2868736666666666	2.647301	0.9395099999999998	2.312688	1.902282	1.4609653333333332	0.2080933333333333	0.1427853333333333	0.431771	2.2012336666666665	11.192753
4.230123	0.2306063333333333	0.1936909999999999	0.8956023333333334	0.7212823333333332	1.3033366666666666	0.8191493333333333	5.945072666666667	1.060609	0.1169543333333333	13.752600333333334	0.286953	2.230376666666667	0.7177996666666666	0.8786706666666666	0.491865	2.011342	1.879822333333333	1.328878	1.806581	4.095242	0.5946853333333333	0.5653206666666666	1.890905	10.362638333333337	0.0337923333333333	1.156058	2.4847326666666665	0.040678	0.1198973333333333	0.308371	2.410573333333333	1.0807879999999996	2.274987	1.816003	1.461196333333333	0.225791	0.1301133333333333	0.4509383333333333	2.1591116666666665	11.037552666666668
4.190326	0.2236033333333333	0.165227	0.9267226666666668	0.6499273333333333	1.2945619999999998	0.8096283333333333	6.241249666666667	1.0229406666666665	0.1249646666666666	13.520067	0.2682113333333333	2.196563333333333	0.7148693333333334	0.9071223333333333	0.5254570000000001	2.2095936666666662	1.8665126666666667	1.433019	1.8248956666666667	4.249001999999999	0.6426213333333333	0.6527296666666667	1.9949383333333333	10.347004666666669	0.0359106666666666	1.141278	2.356418666666667	0.040072	0.1203423333333333	0.3252909999999999	2.157441	1.2305563333333331	2.227866	1.7192703333333332	1.4293846666666667	0.2461846666666666	0.1195733333333333	0.472908	2.1080963333333336	10.816649666666663
4.138222666666667	0.2128129999999999	0.1427103333333333	0.9536836666666668	0.5847123333333333	1.2894716666666666	0.8027973333333334	6.510767	0.973982	0.1331946666666666	13.137304666666669	0.2548196666666666	2.1481193333333333	0.7065469999999999	0.9306646666666666	0.5581416666666666	2.439826666666667	1.843661	1.5312716666666664	1.830188	4.380484333333333	0.6988336666666667	0.7587349999999999	2.108594333333333	10.309269333333331	0.038997	1.1243676666666669	2.239054333333333	0.039367	0.1194053333333333	0.3367153333333333	1.9036326666666663	1.3833346666666666	2.1776663333333333	1.6165276666666664	1.3715516666666665	0.2698686666666666	0.1109299999999999	0.4976796666666666	2.0483	10.523128666666668
4.079472333333333	0.1991033333333333	0.1260073333333333	0.9788813333333332	0.528432	1.289718333333333	0.7978096666666666	6.759834333333333	0.9154439999999998	0.1418559999999999	12.601935999999998	0.2474199999999999	2.0852546666666663	0.6936366666666666	0.949726	0.5885670000000001	2.6967576666666666	1.8100653333333332	1.621562	1.8238983333333332	4.485500666666666	0.7635419999999999	0.8841543333333332	2.22711	10.24438	0.0431526666666666	1.1055886666666666	2.1343896666666664	0.038568	0.1174063333333333	0.3438073333333333	1.6616503333333332	1.5326619999999995	2.130873	1.513124333333333	1.300481	0.2971973333333333	0.103753	0.5248683333333334	1.98139	10.144895
4.022106333333333	0.1846866666666666	0.1145409999999999	1.004165	0.484194	1.2960773333333333	0.7931599999999999	6.994740666666667	0.8505363333333333	0.151309	11.927487333333332	0.2453726666666666	2.0080486666666664	0.6776719999999999	0.9652566666666664	0.6155003333333333	2.9742550000000003	1.7644616666666666	1.7027139999999998	1.806467	4.5654346666666665	0.8372999999999999	1.0286876666666664	2.3449473333333333	10.141164666666668	0.048516	1.086204	2.0425383333333333	0.037856	0.1151416666666666	0.3489213333333333	1.4405226666666666	1.6722959999999998	2.093884	1.4136233333333332	1.230562333333333	0.328311	0.0976156666666666	0.553989	1.9096813333333331	9.669568333333332
3.9733046666666665	0.1727959999999999	0.107581	1.0293663333333334	0.4550583333333333	1.307276	0.7874840000000001	7.221395333333334	0.7834623333333331	0.1620266666666666	11.148903	0.2464759999999999	1.9169376666666669	0.6606266666666667	0.9784323333333332	0.6383213333333334	3.268354333333333	1.7062676666666667	1.774233333333333	1.7771216666666665	4.627798666666667	0.9215046666666664	1.190200666666667	2.457494666666667	9.990791	0.0552929999999999	1.0682683333333332	1.9616883333333333	0.0375846666666666	0.1138203333333333	0.3551083333333333	1.2442933333333333	1.7974946666666662	2.073078666666667	1.3200426666666665	1.1734776666666666	0.3631593333333333	0.0922673333333333	0.5847340000000001	1.8354663333333328	9.089419333333334
3.9378863333333336	0.166368	0.1045166666666666	1.0531403333333331	0.4435546666666667	1.320663666666667	0.7799583333333334	7.444316666666667	0.7182576666666666	0.1744643333333333	10.307610666666664	0.248073	1.8128306666666665	0.6442213333333332	0.9902863333333332	0.6568283333333332	3.578625333333333	1.6355803333333332	1.8357206666666668	1.7342723333333332	4.681088333333333	1.0178376666666666	1.3650359999999997	2.561246	9.791492666666668	0.0636466666666666	1.0537176666666666	1.889296	0.0380936666666666	0.1145576666666666	0.3650233333333332	1.0736536666666665	1.9048816666666664	2.073881333333333	1.2331913333333333	1.137363	0.4016929999999999	0.087631	0.6169236666666666	1.7598866666666666	8.403280999999998
3.916254666666666	0.1665946666666666	0.1051713333333333	1.0735016666666666	0.4509776666666666	1.332513	0.7708486666666665	7.664759999999999	0.6576696666666666	0.1889156666666666	9.438755	0.2480073333333333	1.6973890000000005	0.6292213333333333	1.0013223333333334	0.6712009999999999	3.910783	1.5534156666666668	1.886343	1.6755699999999998	4.730025666666666	1.1277953333333333	1.5476716666666666	2.654227	9.555045333333334	0.0735186666666666	1.0434203333333332	1.822939	0.039534	0.1178693333333333	0.3797376666666666	0.926112	1.9928506666666663	2.099093	1.153576	1.124708	0.4441003333333332	0.0838313333333333	0.6505470000000001	1.68146	7.621344666666666
3.906943	0.1731576666666666	0.1096513333333333	1.0888049999999998	0.477651	1.3397716666666668	0.7609819999999999	7.8792426666666655	0.6036613333333334	0.205526	8.565756333333333	0.245083	1.572771	0.6156079999999999	1.0115353333333332	0.6816616666666666	4.274493666666666	1.4613006666666668	1.924979	1.5988239999999998	4.775191333333334	1.2522069999999998	1.7315303333333332	2.73498	9.299443666666669	0.0846496666666666	1.0371536666666663	1.7608346666666663	0.0418543333333333	0.123689	0.3990226666666666	0.7981726666666668	2.060969666666667	2.147171	1.0817996666666667	1.1337073333333332	0.4908149999999999	0.0810146666666666	0.685607	1.5969726666666666	6.764360000000001
3.908264	0.1839463333333333	0.1183279999999999	1.098757	0.5228456666666667	1.342053333333333	0.751366	8.076392333333333	0.5576553333333333	0.2242303333333333	7.692049333333333	0.239836	1.441599	0.602546	1.0202509999999998	0.6881956666666667	4.682568333333333	1.3610996666666668	1.9502746666666664	1.5030679999999998	4.811459666666666	1.3905623333333332	1.909384	2.801778333333333	9.043529	0.0965276666666666	1.0332983333333332	1.702469	0.0447416666666666	0.1312383333333333	0.4212403333333332	0.6868393333333332	2.109937	2.208892333333333	1.018799	1.158027666666667	0.542658	0.0791813333333333	0.7220436666666666	1.5019569999999998	5.867187
3.9176946666666654	0.1963716666666666	0.1315256666666666	1.1036990000000002	0.5855393333333334	1.340845	0.7425083333333333	8.241729	0.520786	0.2448906666666666	6.815299	0.2337623333333333	1.3067276666666667	0.5889416666666667	1.026458	0.6905979999999999	5.147555333333333	1.2549309999999998	1.9609386666666664	1.3891433333333332	4.831755666666667	1.541296	2.074415666666667	2.852699333333333	8.802406333333332	0.1088399999999999	1.0302416666666667	1.6479969999999995	0.047799	0.1395343333333333	0.444395	0.5896193333333334	2.1408723333333333	2.271361333333333	0.9656076666666664	1.191041	0.6007363333333333	0.0782	0.7596793333333333	1.3926053333333333	4.972238
3.930672666666666	0.2084236666666666	0.1492956666666666	1.1040393333333332	0.6650233333333333	1.3392703333333331	0.7335986666666666	8.361877333333332	0.4938889999999999	0.2673606666666666	5.940030999999999	0.2288933333333332	1.1711593333333332	0.5739253333333333	1.0289866666666667	0.6885060000000001	5.678176	1.14523	1.9560363333333333	1.2610206666666666	4.830101	1.7017266666666666	2.221432	2.8857836666666663	8.581884333333333	0.1219516666666666	1.0277743333333331	1.5978339999999998	0.0506936666666666	0.1478353333333333	0.4670356666666665	0.5045453333333334	2.15486	2.3211000000000004	0.922931	1.2295656666666668	0.66648	0.0777966666666666	0.7982039999999999	1.2680646666666666	4.125531
3.941775	0.2188399999999999	0.1716633333333333	1.0997096666666668	0.7609386666666667	1.3403736666666666	0.7232903333333334	8.429417333333333	0.4772936666666666	0.2915169999999999	5.081238	0.227091	1.038001333333333	0.5568953333333333	1.026711333333333	0.6816966666666666	6.278356666666666	1.0348106666666663	1.934964	1.124802	4.803103	1.868555	2.3468416666666667	2.899818333333333	8.381205999999999	0.1366463333333333	1.0267606666666669	1.5522380000000002	0.0531833333333333	0.1556409999999999	0.4882776666666666	0.4300699999999999	2.152765666666667	2.348641333333333	0.8902133333333333	1.2715383333333332	0.7414663333333333	0.0777139999999999	0.8372163333333333	1.130275	3.36866
3.945859333333333	0.2274023333333333	0.1989533333333333	1.0895666666666666	0.8733683333333333	1.345497	0.7103586666666666	8.449858333333333	0.4703913333333333	0.317261	4.270335333333333	0.2293216666666666	0.9104533333333332	0.5376583333333333	1.0187503333333332	0.670418	6.944536	0.927026	1.8975533333333328	0.988538	4.752090999999999	2.0380736666666666	2.4492103333333333	2.895334	8.193627	0.1539266666666666	1.029024333333333	1.510851333333333	0.0551583333333333	0.1627683333333333	0.5080096666666667	0.3651656666666666	2.1350139999999995	2.354518333333333	0.8641866666666667	1.3137589999999997	0.8272980000000001	0.0778679999999999	0.876294	0.9848366666666668	2.728819333333333
3.940330333333333	0.2342049999999999	0.2315926666666666	1.0723399999999998	1.002298666666667	1.3547709999999995	0.6942560000000001	8.436632666666668	0.472429	0.3445473333333333	3.5423756666666666	0.2357523333333333	0.7915066666666666	0.5161783333333333	1.0044763333333333	0.6551263333333333	7.668907666666666	0.8252386666666666	1.8439743333333332	0.8606833333333332	4.680361333333334	2.206013	2.528344666666667	2.8734783333333334	8.011985666666666	0.174526	1.0360673333333337	1.4728903333333332	0.0565556666666666	0.1690673333333333	0.526548	0.3092369999999999	2.101518	2.3457203333333334	0.8404693333333333	1.3518073333333331	0.9255226666666668	0.0782426666666666	0.914814	0.8387439999999999	2.2192303333333334
3.928297	0.2390646666666666	0.2699513333333333	1.0476396666666663	1.1470653333333334	1.3672996666666666	0.675823	8.408500666666667	0.483162	0.3734126666666666	2.9238866666666663	0.245597	0.6835096666666667	0.4924553333333333	0.9836836666666664	0.6362833333333333	8.440762000000001	0.7322166666666665	1.774849	0.748698	4.591114666666666	2.367208333333333	2.584893666666667	2.835069333333333	7.833919333333333	0.1983403333333333	1.0476683333333334	1.4371749999999996	0.05731	0.1742409999999999	0.5445679999999999	0.2621876666666666	2.0514563333333333	2.3341726666666665	0.8148983333333334	1.3800876666666666	1.0375016666666668	0.0787979999999999	0.951783	0.6987416666666666	1.834137
3.915904	0.2418386666666666	0.3138983333333333	1.0163333333333333	1.3065663333333335	1.3819856666666666	0.6565233333333333	8.381587333333332	0.5025029999999999	0.4040593333333333	2.42861	0.2577339999999999	0.588065	0.4667036666666666	0.9567213333333332	0.614337	9.247204	0.6498703333333332	1.6914056666666668	0.6582906666666666	4.486380666666666	2.5162986666666667	2.619745	2.7805673333333334	7.661594	0.224871	1.062358666666667	1.402506	0.0574089999999999	0.178081	0.5633963333333334	0.223959	1.983713	2.3307433333333334	0.7852733333333333	1.3956143333333333	1.1643713333333334	0.0794696666666666	0.9860546666666664	0.5705006666666667	1.5567906666666669
3.9104646666666665	0.2428376666666666	0.3621956666666666	0.981272	1.4793623333333332	1.3982073333333331	0.6377963333333333	8.360878333333334	0.5300386666666667	0.4369913333333333	2.0490733333333333	0.2711786666666666	0.5056333333333333	0.4397059999999999	0.924894	0.5897563333333333	10.072560666666668	0.5786653333333334	1.5959313333333331	0.5919793333333333	4.365940333333333	2.648563	2.6336136666666663	2.710137	7.502471999999999	0.2535613333333333	1.077545	1.3679879999999998	0.0569796666666666	0.1808373333333333	0.5855856666666666	0.1940663333333333	1.897349333333333	2.339202	0.7536716666666666	1.402967	1.3068473333333332	0.080188	1.0166223333333333	0.4575786666666666	1.362866
3.9173026666666666	0.2429166666666666	0.4126189999999999	0.9458213333333332	1.663992666666667	1.4155653333333331	0.6204836666666667	8.344290333333333	0.56468	0.4729686666666666	1.7662943333333332	0.2850606666666666	0.4359169999999999	0.4126853333333332	0.8900806666666665	0.5632923333333333	10.899084666666669	0.5182236666666666	1.4915256666666667	0.5499406666666666	4.229670666666667	2.760800666666667	2.6271063333333333	2.624891666666666	7.363581666666667	0.2841019999999999	1.0908106666666666	1.3329626666666663	0.0562746666666666	0.1832026666666666	0.6142503333333333	0.171557	1.79232	2.358255333333333	0.7244069999999998	1.4122456666666665	1.4651246666666666	0.080996	1.0428356666666667	0.3622376666666667	1.2274183333333333
3.936052	0.2437146666666666	0.4618096666666666	0.9125186666666666	1.8591876666666665	1.433659	0.6040726666666666	8.324531666666665	0.6040573333333333	0.5130376666666666	1.5553006666666664	0.2985913333333333	0.3779436666666667	0.3873376666666666	0.8545533333333334	0.5363143333333333	11.707149	0.4675689999999999	1.382123	0.5298563333333334	4.080065666666666	2.8527846666666665	2.600745666666666	2.5283956666666665	7.245946999999998	0.3167686666666666	1.1012023333333332	1.296981333333333	0.0556723333333333	0.1864823333333333	0.6524803333333333	0.154829	1.6706253333333332	2.3820783333333333	0.7025473333333334	1.438381333333333	1.6384333333333332	0.082213	1.064814666666667	0.2857173333333333	1.130864
3.9631983333333336	0.247017	0.5063126666666666	0.882689	2.063307	1.451871666666667	0.5874840000000001	8.293396333333334	0.6454513333333333	0.5583013333333332	1.3933336666666665	0.3107559999999999	0.3303833333333333	0.3652519999999999	0.8204006666666666	0.510284	12.479194666666666	0.4255039999999999	1.271704	0.5278723333333333	3.921781333333333	2.925638	2.5547906666666664	2.4248419999999995	7.147963333333333	0.3518723333333333	1.1087303333333334	1.2595873333333334	0.0555496666666666	0.1920156666666666	0.7022943333333334	0.1421216666666666	1.5356789999999998	2.4036859999999995	0.6915616666666665	1.4936789999999998	1.824848	0.084186	1.082874	0.22828	1.0579526666666663
3.9936283333333336	0.254102	0.5436236666666666	0.855727	2.273519666666666	1.4691350000000003	0.5696496666666666	8.245372666666666	0.686586	0.6097026666666666	1.2678033333333332	0.3200196666666666	0.2916883333333333	0.347275	0.7888669999999999	0.4861843333333333	13.204539	0.3908043333333333	1.1634706666666663	0.5388233333333332	3.7617063333333327	2.980614666666667	2.488882	2.317193333333333	7.068415666666666	0.3891856666666666	1.1140966666666667	1.220128	0.0561156666666666	0.2006633333333333	0.7631169999999998	0.1319653333333333	1.3922656666666666	2.4177849999999994	0.6905283333333333	1.5794106666666663	2.0205716666666667	0.0870503333333333	1.0970756666666666	0.1887466666666667	0.998229
4.022666666666667	0.2653546666666667	0.5722456666666667	0.8302066666666668	2.485589333333333	1.4842936666666664	0.5497883333333333	8.178520333333333	0.7258086666666665	0.6679683333333333	1.1710859999999998	0.3249906666666666	0.2601513333333333	0.3334406666666666	0.7604113333333332	0.4642166666666666	13.877124	0.362122	1.0597403333333333	0.5573083333333333	3.606371333333333	3.017758	2.402055	2.2059836666666666	7.008752666666666	0.4277393333333332	1.1178656666666669	1.1780563333333334	0.0574143333333333	0.2127246666666666	0.8322639999999999	0.1232643333333333	1.2455843333333332	2.422179333333333	0.6962523333333331	1.6893029999999998	2.220794333333333	0.090601	1.1069323333333332	0.1648033333333333	0.9448793333333332
4.0479666666666665	0.279578	0.5921256666666666	0.8047193333333333	2.693172333333333	1.4964436666666667	0.5277073333333333	8.096269	0.7624083333333334	0.7334736666666666	1.0969423333333332	0.3252723333333333	0.2339273333333333	0.322649	0.7344769999999999	0.4432629999999999	14.494539666666666	0.337816	0.961493	0.5785916666666666	3.4592076666666665	3.0343120000000003	2.292620666666666	2.087478	6.975682999999999	0.4654446666666666	1.11969	1.1333116666666667	0.0592336666666666	0.2277486666666666	0.9046596666666666	0.1155166666666666	1.100563	2.420055	0.704689	1.810822333333333	2.420143333333333	0.0940939999999999	1.111093333333333	0.1528813333333333	0.8953653333333332
4.068172666666666	0.294832	0.604147	0.7785673333333332	2.889105666666667	1.504822	0.5036606666666668	8.003522666666665	0.796141	0.8064036666666665	1.0397363333333334	0.3216316666666666	0.211292	0.3133466666666666	0.7100683333333333	0.4218339999999999	15.052926	0.3162226666666666	0.8690716666666666	0.5987936666666666	3.320803333333333	3.026486333333333	2.1594976666666668	1.957096333333333	6.975714333333333	0.4999163333333332	1.119122333333333	1.0864033333333334	0.0612603333333333	0.2449906666666667	0.974603	0.108541	0.9615966666666664	2.4166173333333334	0.7126326666666666	1.9318473333333332	2.613505333333333	0.0966756666666666	1.1080956666666664	0.149052	0.8494729999999999
4.081985666666667	0.3090386666666666	0.6100159999999999	0.7526313333333334	3.0664496666666663	1.5087303333333333	0.4783636666666666	7.903323333333333	0.826907	0.8868163333333332	0.994643	0.3165613333333333	0.1910056666666666	0.3040469999999999	0.686128	0.3989509999999999	15.541584333333333	0.2959843333333333	0.7825606666666667	0.6153786666666666	3.1884596666666667	2.991067	2.003893	1.812866333333333	7.009374666666665	0.5292513333333333	1.1164386666666666	1.0386553333333333	0.0631566666666666	0.2638186666666666	1.0372466666666669	0.1023466666666666	0.8321813333333332	2.4164406666666665	0.7194173333333332	2.046904666666667	2.7968356666666665	0.0978286666666666	1.0972396666666666	0.1498186666666666	0.8084603333333332
4.088696333333333	0.3205743333333333	0.6116119999999999	0.7285900000000001	3.219320333333333	1.5075266666666665	0.4528409999999999	7.796927333333333	0.8545203333333334	0.9747353333333332	0.9584013333333332	0.3129666666666666	0.1723956666666667	0.293632	0.6616756666666666	0.3746736666666666	15.945359666666665	0.276306	0.7020749999999999	0.626827	3.059814333333333	2.9268776666666665	1.8294543333333333	1.6571263333333333	7.072234666666667	0.5522189999999999	1.1125136666666666	0.9916083333333334	0.064648	0.2839046666666667	1.0890766666666667	0.0970123333333333	0.7153113333333333	2.422763	0.7252396666666665	2.153879666666666	2.9668606666666664	0.0975429999999999	1.0788606666666667	0.1525623333333333	0.7738063333333333
4.089226666666667	0.3289893333333332	0.6104179999999999	0.7083446666666666	3.3440929999999995	1.5006883333333332	0.4283213333333333	7.683402666666666	0.8784463333333333	1.0701983333333331	0.930685	0.3130313333333333	0.1556556666666666	0.2817543333333333	0.6359349999999999	0.3509089999999999	16.246169	0.2574473333333333	0.6279433333333334	0.63272	2.936507666666666	2.836844333333333	1.6432593333333332	1.4995106666666664	7.154928666666666	0.5686983333333334	1.1087683333333334	0.9464813333333332	0.0655866666666666	0.3055696666666666	1.1288273333333334	0.0926223333333333	0.6136063333333333	2.436417	0.729747	2.251668333333333	3.120994333333333	0.0966593333333333	1.054978	0.1563316666666666	0.7462356666666667
4.086128666666666	0.334668	0.6072906666666665	0.6931526666666666	3.4388926666666664	1.487907	0.4056366666666666	7.560291333333334	0.8978126666666666	1.1732406666666666	0.9123016666666666	0.3180636666666666	0.1412739999999999	0.2686406666666666	0.6083890000000001	0.330132	16.42918033333333	0.2401209999999999	0.5606616666666666	0.6332456666666667	2.82256	2.725842333333333	1.4539116666666665	1.3520266666666667	7.250059666666666	0.579239	1.1064146666666663	0.904088	0.065977	0.3296683333333333	1.1570293333333332	0.0891253333333333	0.5288403333333334	2.455979	0.7322466666666665	2.339617333333333	3.2569476666666666	0.0962916666666666	1.0281253333333331	0.1613576666666666	0.7257346666666666
4.084190333333334	0.3387579999999999	0.602034	0.6825446666666667	3.5037336666666663	1.469335	0.384473	7.423579	0.9113346666666666	1.283818	0.903775	0.3282033333333333	0.1295763333333333	0.2550779999999999	0.5789323333333333	0.314254	16.490133666666665	0.2250936666666666	0.500836	0.6289556666666665	2.7231776666666665	2.5991746666666664	1.2701313333333333	1.2248156666666667	7.359714666666665	0.5848876666666666	1.1055506666666666	0.8646483333333332	0.0660016666666666	0.3577276666666666	1.176196	0.0861683333333333	0.4610446666666667	2.477070333333333	0.7319823333333333	2.4176896666666665	3.372519	0.0973536666666666	1.0003886666666668	0.1690539999999999	0.7114486666666666
4.089013666666667	0.3425496666666666	0.5939853333333333	0.6748660000000001	3.539394	1.4457083333333332	0.3640633333333333	7.268756333333333	0.9178853333333332	1.4014556666666669	0.9048203333333332	0.3434983333333333	0.120571	0.2419579999999999	0.547766	0.304168	16.431628	0.2128073333333333	0.44891	0.6204593333333334	2.641806	2.461483333333333	1.099382	1.124209	7.491875666666666	0.5865976666666667	1.10526	0.828209	0.0659196666666666	0.3915676666666666	1.1894239999999998	0.083327	0.408925	2.4943366666666664	0.7287046666666666	2.487321	3.465933	0.1003306666666666	0.9730686666666666	0.1814573333333333	0.7026013333333333
4.105612333333333	0.346928	0.5824156666666666	0.6674676666666667	3.546664333333333	1.4187826666666663	0.3437636666666667	7.091608333333332	0.9171766666666668	1.5246753333333332	0.913642	0.3649276666666666	0.1137306666666666	0.2298596666666666	0.515407	0.29903	16.261688333333332	0.203005	0.4048029999999999	0.6081479999999999	2.5766236666666664	2.315619666666666	0.946076	1.0497036666666666	7.658739	0.5846786666666667	1.103353	0.7949826666666666	0.0659623333333333	0.4330739999999999	1.199233	0.0803163333333333	0.369809	2.503044333333333	0.7233289999999999	2.5525056666666663	3.5363609999999994	0.1049653333333333	0.9461666666666666	0.200982	0.6994143333333334
4.1356953333333335	0.3523949999999999	0.5667746666666666	0.6579283333333333	3.526228333333333	1.391276	0.323445	6.888339333333333	0.909827	1.651158	0.927476	0.3937903333333333	0.1083306666666666	0.2190786666666666	0.4825159999999999	0.297188	15.989477	0.1950306666666666	0.3680879999999999	0.5922393333333333	2.5226276666666667	2.163764333333333	0.8124586666666666	0.997127	7.8741163333333315	0.5790476666666666	1.0974386666666665	0.765219	0.066303	0.4840393333333333	1.2074466666666666	0.0770683333333333	0.3405779999999999	2.499728333333333	0.716849	2.615609	3.583539333333333	0.1106186666666666	0.9191536666666664	0.2303859999999999	0.7024180000000001
4.173641333333333	0.3589616666666667	0.5469533333333334	0.6453439999999999	3.4785706666666663	1.3670676666666666	0.303965	6.655894999999999	0.8976783333333332	1.777564	0.9428656666666666	0.4310913333333334	0.1037273333333333	0.2095679999999999	0.4497696666666665	0.2968696666666666	15.621929666666665	0.1880779999999999	0.3380216666666665	0.5727403333333333	2.4727423333333327	2.0083676666666666	0.6986399999999999	0.9605083333333332	8.151833666666667	0.5694286666666667	1.0859226666666666	0.7390503333333334	0.066991	0.5459773333333333	1.2148523333333334	0.0738463333333333	0.318437	2.483174	0.7092653333333332	2.6724866666666665	3.6075403333333336	0.1165316666666666	0.8915593333333333	0.2729763333333333	0.7117793333333334
4.208995333333333	0.3662696666666666	0.523162	0.6300613333333335	3.4041826666666664	1.349459	0.286404	6.392479333333332	0.8825453333333333	1.9000313333333327	0.956901	0.4769106666666666	0.0994806666666666	0.2011393333333333	0.4177369999999999	0.2967063333333333	15.164241999999998	0.1814553333333333	0.3137436666666666	0.5495663333333334	2.420513	1.8527776666666669	0.6037043333333332	0.9344896666666666	8.504816333333334	0.5558263333333333	1.068501666666667	0.7163499999999999	0.0679993333333333	0.620085	1.221661	0.0709936666666666	0.3012556666666666	2.4535466666666665	0.7000596666666666	2.715142	3.60823	0.122091	0.8633479999999999	0.332902	0.7268816666666666
4.227588666666667	0.3735636666666667	0.4959819999999999	0.6138076666666666	3.303777666666666	1.3391943333333334	0.271347	6.098955666666667	0.8649756666666666	2.014465333333333	0.9686493333333333	0.5295326666666667	0.095538	0.1936006666666666	0.3867046666666666	0.2963626666666666	14.620329666666668	0.1749196666666666	0.294369	0.5226093333333333	2.3628636666666663	1.702049333333333	0.526241	0.916688	8.943321	0.5390696666666667	1.047035333333333	0.6965346666666666	0.06921	0.707041	1.227709333333333	0.0686873333333333	0.2881223333333333	2.4121483333333336	0.6886763333333333	2.733789	3.584712333333333	0.1271536666666666	0.8353633333333333	0.415747	0.7457036666666668
4.217136666666667	0.3799889999999999	0.4665419999999999	0.5988233333333334	3.17858	1.335163333333333	0.258868	5.780255666666666	0.8446049999999998	2.117038333333333	0.978522	0.5864569999999999	0.0920373333333333	0.1868026666666666	0.3568216666666666	0.2960653333333333	13.996191666666665	0.1685043333333333	0.2790666666666667	0.491816	2.299457	1.5619953333333334	0.464701	0.906731	9.471220333333331	0.5202773333333333	1.0244909999999998	0.6787946666666667	0.0704933333333333	0.8069709999999999	1.2330196666666664	0.0669589999999999	0.2788453333333333	2.3615786666666665	0.6755023333333332	2.7230136666666667	3.53587	0.1318913333333333	0.8088909999999999	0.527565	0.7658556666666666
4.173752333333334	0.3848753333333333	0.4370109999999999	0.5871919999999999	3.030796	1.3346726666666668	0.2484173333333333	5.448440666666667	0.8203583333333332	2.204762333333333	0.9880446666666668	0.645313	0.0891619999999999	0.1806683333333333	0.3281546666666666	0.2962783333333333	13.304136666666666	0.162453	0.2671003333333333	0.4572936666666666	2.2329893333333333	1.438316	0.4175076666666667	0.9057333333333334	10.079111666666666	0.5003733333333333	1.0041286666666664	0.6622933333333334	0.0717339999999999	0.919154	1.2383953333333333	0.0656636666666666	0.2737026666666666	2.306612	0.6630906666666666	2.689252	3.460925	0.1367386666666666	0.7852819999999999	0.6739103333333333	0.785571
4.10192	0.3880493333333333	0.4105713333333333	0.5803889999999999	2.863355	1.3356616666666667	0.2394403333333333	5.119343333333333	0.7915273333333332	2.2753476666666668	0.9986413333333332	0.7051356666666666	0.0869333333333333	0.1751076666666666	0.300787	0.297062	12.560844333333334	0.1568583333333333	0.2576943333333333	0.4193673333333333	2.167885333333333	1.3354153333333334	0.3827746666666666	0.9136733333333332	10.746035	0.4797726666666667	0.988228	0.6463946666666667	0.0728656666666666	1.0421686666666663	1.245356666666667	0.064687	0.2728556666666666	2.2540500000000003	0.6544306666666666	2.6443106666666663	3.359951666666667	0.1419939999999999	0.7653836666666667	0.8585740000000001	0.804215
4.017194	0.3903146666666666	0.3917799999999999	0.5786116666666667	2.679916333333334	1.3390136666666663	0.2319683333333333	4.810300666666667	0.7589686666666666	2.327331333333333	1.0105333333333333	0.7682093333333333	0.084951	0.1699123333333333	0.2748646666666666	0.2973543333333333	11.786626999999998	0.151315	0.2498876666666666	0.37874	2.1097206666666666	1.2547613333333332	0.357865	0.926556	11.436894	0.4579433333333333	0.9764546666666668	0.6309833333333333	0.073882	1.173768	1.2562983333333333	0.0641233333333333	0.2757876666666666	2.2131956666666666	0.6512463333333334	2.6002663333333333	3.2347666666666663	0.1474076666666666	0.7487773333333334	1.08131	0.8231600000000001
3.938422	0.3930109999999999	0.3855583333333333	0.5811113333333333	2.4846260000000004	1.3467043333333335	0.2264273333333333	4.535737666666666	0.7243103333333334	2.359903	1.0235876666666666	0.8391353333333333	0.08269	0.1648309999999999	0.2505896666666666	0.2957956666666667	11.000443666666667	0.1452536666666666	0.2427326666666666	0.3364323333333333	2.064183666666666	1.1964663333333334	0.3399596666666666	0.938865	12.111979	0.4340886666666667	0.9670733333333332	0.6162836666666666	0.0748146666666666	1.311337333333333	1.273926	0.0642156666666666	0.281788	2.193127666666667	0.6534506666666666	2.5647593333333334	3.088598	0.1524666666666666	0.7344656666666667	1.3370193333333331	0.844795
3.881125	0.3977569999999999	0.3963276666666667	0.5861553333333334	2.282093	1.360056333333333	0.2234936666666666	4.301511333333333	0.6894029999999999	2.3730106666666666	1.0382559999999998	0.9245916666666668	0.0797646666666666	0.1596423333333333	0.2281759999999999	0.291526	10.214565333333333	0.138296	0.2355446666666666	0.2938603333333333	2.0360343333333333	1.160462	0.3266133333333333	0.9458533333333332	12.734815666666666	0.4077816666666666	0.9576983333333332	0.6028079999999999	0.0757036666666666	1.452204	1.3007543333333331	0.0652753333333333	0.2904826666666666	2.199448	0.6581746666666666	2.535547666666667	2.9263046666666663	0.1566473333333333	0.7213440000000001	1.613003	0.8717753333333333
3.855384333333333	0.4061089999999999	0.4278163333333333	0.591745	2.077325333333333	1.3780893333333333	0.2236006666666666	4.105490333333333	0.6557486666666668	2.367113	1.0564963333333333	1.0307046666666664	0.0761226666666666	0.1542766666666666	0.2078276666666666	0.2846536666666666	9.436624666666669	0.1305049999999999	0.2280273333333333	0.2526186666666666	2.028568	1.1478416666666666	0.316153	0.9457536666666664	13.276544666666666	0.3792893333333333	0.9466436666666668	0.5909193333333334	0.0765853333333333	1.593811	1.338588	0.06755	0.3024989999999999	2.2319306666666665	0.662146	2.507539	2.7532680000000003	0.1597666666666666	0.7088523333333332	1.892872	0.9055006666666668
3.862002	0.4192823333333333	0.482672	0.5961979999999999	1.875779	1.395416	0.2263686666666666	3.935399666666666	0.6239296666666667	2.343141666666667	1.083081	1.160302333333333	0.0723093333333333	0.1489973333333333	0.1896616666666666	0.2769716666666666	8.670484666666665	0.1227753333333333	0.220551	0.2143319999999999	2.04244	1.1623303333333332	0.3083193333333333	0.9428313333333336	13.723367333333334	0.350068	0.934332	0.5803766666666667	0.0774753333333333	1.7339049999999998	1.387652	0.0710379999999999	0.3205053333333333	2.280001333333333	0.663969	2.4790073333333336	2.574529666666666	0.1624366666666666	0.6976586666666666	2.159141	0.9441373333333332
3.895844666666666	0.4385329999999999	0.5629783333333332	0.59837	1.6828663333333334	1.4060646666666663	0.2310543333333333	3.7756983333333327	0.594131	2.302243333333333	1.1231863333333332	1.3139839999999998	0.0690863333333333	0.14425	0.1737636666666666	0.2708119999999999	7.921076666666667	0.1162563333333333	0.2137663333333333	0.1804253333333333	2.0764663333333333	1.2080426666666666	0.303477	0.9437316666666666	14.075563	0.3219113333333333	0.9223153333333332	0.5704366666666666	0.0783933333333333	1.870375	1.4466153333333334	0.0758063333333333	0.3484713333333333	2.327496333333333	0.6638866666666666	2.451411	2.394459666666666	0.1655933333333333	0.6889443333333333	2.3963693333333334	0.983738
3.946740333333333	0.4655426666666666	0.6705623333333334	0.5979729999999999	1.503326	1.4074403333333332	0.2368873333333333	3.613301666666666	0.5665689999999999	2.245607666666667	1.1799206666666666	1.4907433333333333	0.0670733333333333	0.140558	0.1601769999999999	0.2679736666666666	7.199379	0.111815	0.2083259999999999	0.1518066666666666	2.127519	1.2869253333333333	0.3020056666666666	0.954221	14.351922666666669	0.2961923333333333	0.912512	0.5598533333333333	0.0793903333333333	2.0011156666666663	1.5119869999999995	0.0823483333333333	0.3913456666666666	2.3557296666666665	0.6639246666666667	2.4295816666666665	2.21626	0.1700993333333333	0.6836736666666667	2.594967333333333	1.0187476666666666
4.002461666666667	0.501834	0.807346	0.5948883333333334	1.3407376666666668	1.401017	0.2434113333333333	3.440066	0.5415636666666667	2.174308	1.2535759999999998	1.6909289999999997	0.0664553333333333	0.1382499999999999	0.1488976666666666	0.268885	6.519921666666668	0.1096399999999999	0.2045936666666666	0.1289123333333333	2.1907666666666668	1.3966746666666665	0.3035866666666666	0.9756586666666668	14.578973666666664	0.273746	0.906374	0.547409	0.080514	2.123746	1.5791516666666667	0.0918536666666666	0.4539349999999999	2.3493456666666663	0.6661803333333333	2.4175076666666664	2.0424796666666665	0.1762383333333333	0.6818716666666665	2.7507006666666665	1.0441483333333332
4.050510666666667	0.5482196666666665	0.9755486666666668	0.5885496666666665	1.1964923333333333	1.3941743333333332	0.2508896666666666	3.256848333333333	0.5196203333333334	2.089097	1.339929	1.9197846666666665	0.0665436666666666	0.1371079999999999	0.139795	0.2713743333333333	5.898787333333333	0.1086456666666666	0.2022703333333333	0.111567	2.2590486666666667	1.5271936666666666	0.306378	1.0002253333333333	14.782824333333332	0.254599	0.9038716666666664	0.5324876666666666	0.0817676666666666	2.2352416666666666	1.6429106666666664	0.1066733333333333	0.5397569999999999	2.303452333333333	0.6711013333333332	2.413629333333333	1.875296	0.1830843333333333	0.6815589999999999	2.8661096666666666	1.0577826666666668
4.079035333333333	0.6057573333333333	1.1765436666666669	0.5782603333333334	1.070302	1.3953583333333333	0.260038	3.070205333333333	0.5012876666666667	1.990503	1.432287	2.1867456666666665	0.0663553333333333	0.1364563333333333	0.1325796666666666	0.2723919999999999	5.347694	0.107303	0.200539	0.0991513333333333	2.324026	1.6649619999999998	0.3080453333333333	1.016770333333333	14.981285333333332	0.238388	0.9040583333333334	0.514987	0.0830583333333333	2.332219333333333	1.6979886666666668	0.1297073333333333	0.6513079999999999	2.2223330000000003	0.6772136666666666	2.4108313333333333	1.7167940000000002	0.1893169999999999	0.6800553333333333	2.9467156666666665	1.0597496666666666
4.078259666666666	0.6771816666666666	1.4091806666666666	0.5636133333333333	0.9600433333333332	1.409549	0.2718556666666666	2.891299333333333	0.487046	1.878885666666667	1.5226346666666668	2.506050666666667	0.0650843333333333	0.1351276666666666	0.1266893333333333	0.2695006666666666	4.8664033333333325	0.1043593333333333	0.1980453333333333	0.0906093333333333	2.377158333333333	1.7963566666666664	0.3067529999999999	1.0158673333333332	15.173401666666663	0.2246143333333333	0.9053116666666664	0.4954016666666666	0.084141	2.411177	1.7395196666666664	0.16388	0.7898953333333333	2.121302	0.6803189999999999	2.3948626666666666	1.5690906666666666	0.1939826666666666	0.6750413333333333	2.998516999999999	1.052474
4.043358	0.7682926666666665	1.669712	0.5451376666666667	0.863061	1.4373386666666668	0.2870836666666667	2.7323693333333328	0.4772869999999999	1.7549083333333333	1.603355	2.892729333333333	0.0623863333333333	0.1319973333333333	0.1215026666666666	0.2616956666666666	4.446330333333333	0.0992369999999999	0.1934273333333333	0.0848116666666666	2.4131193333333334	1.910604333333333	0.3016296666666666	0.992968	15.346647	0.2127893333333333	0.906326	0.4742296666666666	0.0847349999999999	2.4690846666666664	1.7639386666666668	0.2113773333333333	0.9557566666666666	2.019331333333333	0.6757003333333332	2.3508660000000003	1.4337293333333332	0.1968946666666666	0.6652876666666666	3.026804333333333	1.038489
3.979455	0.8909736666666666	1.9507106666666665	0.5252553333333333	0.7771976666666666	1.4728463333333333	0.305562	2.603804333333333	0.4722096666666666	1.6201706666666666	1.6690713333333334	3.359050333333333	0.0587379999999999	0.1265593333333333	0.1165249999999999	0.2505566666666666	4.071491999999999	0.0926026666666666	0.1858686666666666	0.0809086666666666	2.4343946666666665	2.0034906666666665	0.2935406666666666	0.9528433333333332	15.480266333333333	0.2025363333333333	0.9071333333333332	0.4514539999999999	0.0846596666666666	2.5042546666666663	1.770426	0.272486	1.1473733333333334	1.933025	0.6603486666666666	2.2705113333333333	1.310828	0.1992416666666666	0.6516063333333333	3.035001666666666	1.0184463333333331
3.898228	1.0633246666666665	2.242779	0.507058	0.7010666666666665	1.5079236666666669	0.3265433333333333	2.5128159999999995	0.4714856666666666	1.4772296666666669	1.716839	3.915096333333333	0.0549373333333333	0.1189813333333333	0.1115376666666666	0.2387056666666666	3.725488333333333	0.0856486666666666	0.1753373333333333	0.0784439999999999	2.448186333333333	2.074785666666666	0.2839629999999999	0.9041673333333332	15.554303999999998	0.193511	0.908761	0.4268446666666666	0.0839033333333333	2.5163626666666663	1.760293	0.3455166666666667	1.360128	1.8733916666666663	0.634377	2.157181	1.199617333333333	0.2026633333333333	0.6356269999999998	3.025334666666667	0.9921266666666666
3.8166646666666666	1.3120616666666665	2.535575	0.4932306666666666	0.6345253333333333	1.5357149999999995	0.3488533333333333	2.460933666666666	0.4736849999999999	1.3299550000000002	1.7472826666666668	4.568136	0.0516676666666666	0.1103743333333333	0.1068129999999999	0.228534	3.3981116666666664	0.079539	0.1630833333333333	0.0776116666666666	2.4647123333333334	2.127036333333333	0.2741169999999999	0.8553746666666667	15.558675666666666	0.1853236666666666	0.9130746666666668	0.4002909999999999	0.0827519999999999	2.5070416666666664	1.7371299999999998	0.4259636666666666	1.5836643333333331	1.8409396666666664	0.6034553333333332	2.035013333333333	1.0987140000000002	0.2084816666666666	0.6187936666666666	2.998941333333333	0.959398
3.7509006666666656	1.6662366666666666	2.819994666666666	0.4853256666666667	0.5780879999999998	1.552482	0.3716953333333332	2.445363	0.4767609999999999	1.1828686666666663	1.7631396666666668	5.319358333333334	0.0493533333333333	0.1021849999999999	0.1028943333333333	0.2216303333333333	3.0850379999999995	0.0750623333333333	0.1510019999999999	0.0789863333333333	2.493170333333333	2.1631633333333333	0.2646866666666666	0.8122830000000001	15.493625666666668	0.177526	0.9215626666666666	0.372058	0.0816289999999999	2.478908333333333	1.7052563333333337	0.5081246666666667	1.804760666666667	1.8302576666666668	0.5755679999999999	1.936384	1.006859333333333	0.2174633333333333	0.6019883333333332	2.9557813333333334	0.921083
3.709968666666666	2.151027	3.0907446666666667	0.4826733333333333	0.5325373333333333	1.560301333333333	0.3955373333333332	2.4585786666666665	0.4783606666666666	1.0406646666666666	1.7686353333333331	6.1573416666666665	0.047923	0.0956753333333333	0.1004193333333333	0.217978	2.7892363333333337	0.0722153333333333	0.1411763333333333	0.083378	2.5375536666666667	2.1845073333333334	0.2554756666666666	0.7752146666666667	15.37351933333333	0.169595	0.9339223333333332	0.3431776666666666	0.0809706666666666	2.4350153333333333	1.6683816666666664	0.5862446666666667	2.0093	1.832445	0.5583503333333332	1.891145	0.923625	0.229483	0.5850413333333333	2.893892333333333	0.8800546666666667
3.6971659999999993	2.781087333333333	3.3454343333333325	0.4832486666666666	0.4981103333333332	1.5637216666666665	0.4214739999999999	2.490601	0.4767313333333333	0.9074936666666666	1.767791	7.058856666666666	0.04709	0.0915636666666666	0.0998323333333333	0.2168316666666666	2.5158356666666664	0.0705906666666666	0.135106	0.0915146666666666	2.598372666666667	2.191567333333333	0.2459253333333333	0.7416636666666667	15.217836000000002	0.1610103333333333	0.948334	0.3149099999999999	0.081057	2.3781076666666663	1.628391666666667	0.655321	2.185141	1.8387623333333332	0.5561906666666666	1.915306	0.8489363333333333	0.2440986666666666	0.5673883333333333	2.8097416666666666	0.8395456666666667
3.7095356666666666	3.549405	3.584643	0.4840813333333333	0.473525	1.567168333333333	0.4507156666666666	2.530132333333333	0.4718046666666666	0.786026	1.7627943333333334	7.985115666666666	0.0465226666666666	0.089486	0.1010193333333333	0.2172913333333333	2.267876333333333	0.069651	0.1327533333333333	0.1037246666666666	2.673179333333333	2.18454	0.2355373333333333	0.7080293333333333	15.044460666666664	0.1513703333333333	0.9613253333333333	0.2883013333333333	0.0818179999999999	2.3099056666666664	1.5835186666666663	0.7121453333333333	2.325686333333333	1.8437486666666665	0.5663506666666667	1.9952266666666665	0.7826526666666667	0.261046	0.548576	2.698074	0.801544
3.741056666666666	4.431582666666666	3.810042999999999	0.4823989999999999	0.4565493333333333	1.5725516666666663	0.4840203333333333	2.5659066666666663	0.464591	0.6778029999999999	1.7544430000000002	8.890491	0.045977	0.088544	0.1035389999999999	0.218708	2.0450836666666667	0.0689576666666666	0.133187	0.1202413333333333	2.758204333333333	2.163556333333333	0.2239843333333333	0.6714123333333333	14.868957333333332	0.1404643333333333	0.9696663333333332	0.2639716666666666	0.0829796666666666	2.231664666666666	1.5300900000000002	0.7551946666666667	2.429222333333333	1.843188	0.582378	2.101257	0.7242643333333334	0.280364	0.5284556666666667	2.553859	0.7666383333333333
3.784283666666667	5.383416666666666	4.023008666666666	0.4768113333333333	0.444311	1.576401333333333	0.5210296666666667	2.5880619999999994	0.4568786666666666	0.5831226666666667	1.7421343333333332	9.728950333333334	0.0454086666666666	0.0876493333333333	0.106746	0.2210453333333333	1.841979	0.0684363333333333	0.1349456666666666	0.1415006666666666	2.849006	2.128749	0.2112746666666666	0.63145	14.703688666666666	0.12844	0.9723723333333332	0.2418229999999999	0.0841703333333333	2.1446536666666667	1.4636816666666663	0.7851896666666667	2.499963666666667	1.8324236666666665	0.596491	2.196731	0.6724946666666667	0.3026183333333333	0.5074273333333333	2.374744333333333	0.7335150000000001
3.8307686666666654	6.3522126666666665	4.224139999999999	0.4672719999999999	0.4341506666666666	1.5735056666666665	0.5610416666666667	2.58921	0.4505089999999999	0.5016039999999999	1.7245710000000003	10.461587333333334	0.0449003333333333	0.0859626666666666	0.1100743333333333	0.2245839999999999	1.652027	0.068194	0.1368403333333333	0.168271	2.939438333333333	2.079951	0.1975716666666666	0.5894356666666668	14.559128666666666	0.1157033333333333	0.9704756666666666	0.221391	0.0850826666666666	2.050523	1.380857	0.8040016666666667	2.5443846666666667	1.8068723333333332	0.6033543333333333	2.2541456666666666	0.6258073333333333	0.3286513333333333	0.4861376666666666	2.163226	0.700147
3.870893333333333	7.284550333333333	4.412516	0.455485	0.4245373333333332	1.560348	0.6037163333333333	2.5665849999999995	0.4466683333333333	0.4323933333333333	1.7000253333333333	11.066737666666665	0.0445946666666666	0.0833323333333333	0.11334	0.2296853333333333	1.4716373333333337	0.0684476666666666	0.1387866666666666	0.201857	3.019896	2.016262	0.183113	0.5480456666666667	14.444361333333331	0.102918	0.9673206666666666	0.2021069999999999	0.0856593333333333	1.9517926666666665	1.2812193333333337	0.8140910000000001	2.568503666666667	1.7630603333333332	0.604387	2.2732093333333334	0.5828403333333332	0.359492	0.4652866666666667	1.9307026666666665	0.66478
3.894930333333333	8.132731666666666	4.585936	0.443883	0.4148413333333333	1.5371906666666666	0.6494793333333332	2.521052666666667	0.4459556666666666	0.3744036666666667	1.6659636666666666	11.535929666666666	0.04467	0.0800443333333333	0.1166143333333333	0.2367903333333333	1.301301333333333	0.0693946666666666	0.1413839999999999	0.2436913333333333	3.0796823333333334	1.936358	0.1682593333333333	0.5105696666666666	14.367935333333334	0.0907853333333333	0.9664463333333332	0.183542	0.0860036666666666	1.851497	1.1669063333333334	0.817974	2.5770283333333337	1.7002193333333333	0.604077	2.2666733333333333	0.5426449999999999	0.3963796666666667	0.4455593333333333	1.6933646666666666	0.626621
3.8945336666666655	8.863126	4.740506999999999	0.4348426666666666	0.4054013333333333	1.5111366666666666	0.700113	2.45759	0.4482193333333332	0.326381	1.6183466666666666	11.874826666666667	0.045278	0.0766333333333333	0.1201796666666666	0.2463976666666666	1.1478223333333333	0.071143	0.1456793333333333	0.2948863333333333	3.109357	1.838707	0.1536043333333333	0.4803743333333333	14.337433666666666	0.079861	0.969542	0.1657099999999999	0.0863333333333333	1.7530116666666666	1.0429993333333332	0.8178043333333332	2.572124333333333	1.6230583333333333	0.6072013333333334	2.249884333333333	0.5050336666666666	0.4409026666666666	0.4275743333333333	1.469693	0.5868196666666667
3.8657516666666663	9.454162666666669	4.870882999999999	0.4299593333333333	0.396732	1.4908793333333334	0.7578056666666666	2.3833113333333333	0.4529966666666666	0.2869416666666666	1.5528983333333335	12.095545666666666	0.0464786666666666	0.0735526666666666	0.1243193333333333	0.2588143333333333	1.019473	0.0736046666666666	0.1525756666666666	0.3558096666666666	3.103176	1.722157333333333	0.139736	0.4595796666666666	14.353086	0.0705266666666666	0.9768083333333332	0.148854	0.0868433333333333	1.6595756666666666	0.9158596666666666	0.8150323333333334	2.5538796666666665	1.540136333333333	0.61717	2.233145	0.4701933333333333	0.4946133333333333	0.4117283333333333	1.2762413333333331	0.5475420000000001
3.813780333333333	9.899623	4.969825999999999	0.4290923333333333	0.3888846666666666	1.4818306666666663	0.8243276666666666	2.306343	0.459738	0.2545413333333333	1.4665320000000002	12.212046666666666	0.0481	0.0707983333333333	0.1291223333333333	0.2738	0.9214406666666668	0.0764073333333333	0.1622486666666666	0.4253383333333333	3.062997	1.5868286666666664	0.1270029999999999	0.4473946666666666	14.398020666666666	0.0629313333333333	0.9868946666666666	0.1333413333333333	0.0875476666666666	1.573849	0.7920463333333332	0.809817	2.519861	1.4634113333333332	0.6343199999999999	2.213958333333333	0.438449	0.5587199999999999	0.3979873333333333	1.1228536666666666	0.5113603333333333
3.7489806666666663	10.205791	5.029303	0.4312223333333334	0.3816893333333332	1.4851436666666666	0.900873	2.233944666666667	0.4678793333333333	0.2276933333333333	1.3587143333333334	12.236788666666667	0.0499193333333333	0.0682203333333333	0.1346313333333333	0.2909826666666666	0.8539363333333332	0.0791359999999999	0.1745486666666666	0.501297	2.9961306666666667	1.4350706666666664	0.1156116666666666	0.4420413333333333	14.443687666666667	0.0571043333333333	0.9980373333333332	0.1194649999999999	0.0883886666666666	1.498277	0.6776876666666666	0.8012286666666667	2.4663253333333333	1.4037309999999998	0.6581746666666667	2.1864756666666665	0.4100616666666666	0.6346993333333333	0.3861643333333333	1.0134523333333334	0.4804543333333333
3.684661333333333	10.393913	5.041422	0.4349913333333333	0.375027	1.495699	0.987805	2.170343	0.4767946666666666	0.2052036666666666	1.2338306666666663	12.177200666666668	0.0518003333333333	0.0657669999999999	0.1409889999999999	0.3102203333333333	0.808881	0.0816353333333333	0.1893473333333333	0.5804676666666666	2.9151886666666664	1.2732796666666664	0.1056763333333333	0.44242	14.452001333333332	0.0530409999999999	1.008974	0.1072756666666666	0.0892963333333333	1.435412	0.5778573333333332	0.7871023333333332	2.3888583333333333	1.3659156666666663	0.6895679999999998	2.1503636666666663	0.38503	0.7251873333333334	0.3761673333333334	0.944782	0.4556953333333333
3.6334326666666654	10.490726666666667	5.000468333333333	0.439243	0.369062	1.506735	1.085403	2.1173226666666665	0.4858003333333333	0.1861959999999999	1.099482	12.035727666666668	0.053735	0.0636549999999999	0.1485316666666666	0.3317263333333333	0.775012	0.0839673333333333	0.206806	0.6593356666666667	2.834201	1.1100939999999997	0.0973373333333333	0.4484923333333333	14.389156	0.0507293333333333	1.0191116666666666	0.0966576666666666	0.0902876666666666	1.3878516666666665	0.4970713333333333	0.764849	2.283501	1.3496853333333332	0.7311536666666666	2.112928333333333	0.363133	0.8344056666666666	0.3680219999999999	0.9106423333333332	0.4369053333333333
3.603414333333333	10.520988333333332	4.905881333333333	0.4435013333333333	0.364562	1.5139026666666666	1.1945623333333333	2.0738136666666667	0.4941416666666666	0.1702209999999999	0.9658083333333332	11.808049333333337	0.0558896666666666	0.062542	0.1579356666666666	0.3562396666666667	0.7420603333333332	0.086462	0.2277273333333333	0.7346576666666667	2.765209	0.9552446666666666	0.0908176666666666	0.4617426666666667	14.241091	0.0501689999999999	1.028843333333333	0.0873876666666666	0.0915406666666666	1.358094	0.43959	0.7321876666666666	2.148013	1.348960333333333	0.7882429999999999	2.092756666666667	0.3438916666666666	0.9692723333333332	0.3619123333333333	0.9047663333333332	0.4227876666666666
3.597755666666667	10.502114	4.761430999999999	0.4476406666666666	0.3624086666666666	1.5155683333333332	1.3164706666666666	2.0366446666666667	0.5015663333333333	0.1570736666666666	0.8423713333333331	11.486791666666669	0.058405	0.0632153333333333	0.1700026666666666	0.3845266666666667	0.7033706666666667	0.089376	0.2531773333333333	0.803708	2.7156783333333334	0.8172590000000001	0.0862056666666666	0.483083	14.009828999999998	0.0513016666666666	1.0390516666666665	0.0793103333333333	0.0932953333333333	1.3480476666666663	0.4092656666666666	0.6876623333333334	1.9819973333333327	1.355618	0.865887	2.1091993333333336	0.3267913333333334	1.1385946666666666	0.3578059999999999	0.921599	0.4119183333333333
3.612354	10.436053666666666	4.576018333333333	0.451605	0.3631166666666667	1.513688666666667	1.4523019999999998	2.000328	0.509048	0.1466763333333333	0.7348616666666665	11.063867666666669	0.0611753333333333	0.066241	0.1854836666666666	0.4168826666666667	0.6595486666666666	0.0925746666666666	0.2841733333333333	0.864665	2.6842306666666667	0.7007523333333332	0.0831353333333333	0.5105433333333333	13.714872333333332	0.0539403333333333	1.0507433333333331	0.072546	0.0957183333333333	1.358254333333333	0.409181	0.6316049999999999	1.7879140000000002	1.3623723333333335	0.9656866666666666	2.171342	0.3114513333333333	1.3529706666666668	0.355023	0.9569786666666666	0.4036183333333332
3.639291333333333	10.311964333333332	4.361014333333332	0.4553066666666666	0.3666396666666666	1.5108486666666665	1.6027629999999995	1.9584646666666663	0.5180913333333332	0.1388849999999999	0.6458286666666667	10.531553333333331	0.063961	0.0718076666666666	0.2049659999999999	0.453375	0.61514	0.0956363333333333	0.3212246666666667	0.9163993333333332	2.6635306666666665	0.6074856666666666	0.0810656666666666	0.540477	13.379538	0.057878	1.0646006666666668	0.0672629999999999	0.098854	1.3879199999999998	0.4417023333333333	0.5661986666666666	1.5716719999999995	1.363786	1.085585	2.2756099999999995	0.2975753333333333	1.6231146666666665	0.3526243333333332	1.007157	0.3975833333333333
3.668907333333333	10.104252666666666	4.128555666666665	0.4585033333333334	0.3719976666666666	1.5076396666666667	1.7674823333333332	1.904907	0.5301726666666666	0.1332833333333333	0.5743323333333332	9.884055666666669	0.0664613333333333	0.0794033333333333	0.2287366666666666	0.4940896666666666	0.5766663333333333	0.097936	0.3636983333333333	0.9585	2.641221	0.5364773333333333	0.0794666666666666	0.5684636666666666	13.018964666666664	0.0630233333333333	1.0804536666666666	0.0634816666666666	0.1024966666666666	1.434445	0.508223	0.496325	1.344576	1.357775666666667	1.2185549999999998	2.3995996666666666	0.2848956666666666	1.958141666666667	0.349766	1.0680226666666666	0.3935596666666666
3.6932206666666665	9.783316333333334	3.889441333333333	0.4609756666666667	0.3777413333333332	1.5032293333333333	1.9452186666666664	1.8357123333333332	0.5463326666666666	0.1292666666666666	0.5180579999999999	9.122062666666665	0.0685236666666666	0.088137	0.2569443333333333	0.539703	0.5499409999999999	0.098997	0.4100663333333333	0.9909523333333332	2.6055783333333333	0.486259	0.0780876666666666	0.5915579999999999	12.637805666666669	0.0694496666666666	1.0978233333333334	0.06102	0.1063419999999999	1.494284	0.6090369999999999	0.4280953333333332	1.120534	1.3443136666666669	1.3562076666666665	2.515915	0.2731393333333333	2.364629333333333	0.3460353333333333	1.135287	0.391088
3.709653	9.325079	3.6506063333333327	0.4626676666666667	0.382288	1.4957666666666665	2.133838	1.7519673333333334	0.5667096666666667	0.1260946666666666	0.47471	8.260475666666666	0.070365	0.0969206666666666	0.2897726666666667	0.592231	0.5374249999999999	0.0989139999999999	0.4578843333333333	1.01397	2.551272	0.4567246666666666	0.0772253333333333	0.6109559999999999	12.225282666666669	0.0775413333333333	1.1164356666666666	0.0594296666666666	0.110075	1.5634876666666666	0.742807	0.3678923333333334	0.914023	1.3249486666666668	1.4918776666666664	2.604576666666667	0.2620023333333333	2.844475333333333	0.341891	1.2048136666666664	0.3892476666666666
3.7185793333333335	8.716702666666666	3.416049	0.4636019999999999	0.3845013333333332	1.484006	2.331281	1.658428	0.591347	0.1231256666666666	0.4425449999999999	7.326574999999999	0.0723556666666666	0.1049046666666666	0.3276906666666666	0.6544043333333334	0.5393363333333333	0.0981063333333333	0.5046826666666666	1.0279826666666665	2.4784086666666663	0.4484466666666667	0.0773383333333333	0.6297893333333333	11.766633	0.0880623333333333	1.13694	0.0582466666666666	0.1135053333333333	1.6385573333333334	0.9073566666666668	0.321385	0.7373649999999998	1.301732	1.6211023333333332	2.657378	0.2512663333333333	3.3949156666666664	0.3380623333333333	1.2735113333333332	0.387266
3.721682666666666	7.966701666666667	3.186625	0.4637873333333333	0.3844356666666667	1.4691783333333333	2.536568	1.563378	0.6209866666666666	0.1200823333333333	0.4207933333333333	6.362692000000001	0.074816	0.1119676666666666	0.3718346666666666	0.7292083333333333	0.5541119999999999	0.097189	0.5488393333333333	1.0336706666666664	2.3932306666666667	0.462069	0.0786276666666666	0.6514449999999999	11.253512333333331	0.102406	1.1618896666666667	0.0572586666666666	0.116688	1.7174673333333332	1.1001063333333332	0.2923123333333333	0.5971193333333333	1.2765799999999998	1.742674333333333	2.685726	0.2409349999999999	4.006484333333333	0.3350196666666666	1.340639666666667	0.3851519999999999
3.7196733333333336	7.100349666666666	2.961570333333333	0.463357	0.3829533333333333	1.4543043333333332	2.749516	1.4753903333333334	0.6569769999999999	0.1169683333333333	0.4085796666666666	5.416222666666667	0.0778983333333333	0.1185496666666666	0.4238719999999999	0.8192546666666667	0.5801736666666667	0.0966723333333333	0.5894603333333333	1.03168	2.3035706666666664	0.498098	0.0810443333333333	0.6779383333333333	10.687676333333332	0.1224879999999999	1.1947193333333332	0.0563666666666666	0.1198123333333333	1.7992223333333337	1.317906	0.282366	0.4948983333333333	1.2518649999999998	1.8569306666666665	2.7108036666666666	0.2310646666666666	4.665213666666666	0.3328693333333333	1.4070176666666667	0.3830976666666666
3.710119333333333	6.161677	2.739227333333333	0.4627166666666666	0.3815906666666666	1.4440373333333334	2.970608333333333	1.400223	0.7012346666666667	0.1140663333333333	0.4037486666666666	4.531242	0.0814253333333333	0.125655	0.4861003333333333	0.925986	0.6175353333333332	0.0966776666666666	0.6264670000000001	1.0222586666666666	2.215272	0.5567813333333334	0.0841909999999999	0.708024	10.087649	0.1508726666666666	1.2388626666666664	0.0555053333333333	0.1230916666666666	1.883805333333333	1.5565556666666662	0.29028	0.4263673333333334	1.231178	1.964636333333333	2.756923	0.2216083333333333	5.352981	0.331163	1.4746853333333332	0.3808946666666666
3.69073	5.202719666666666	2.517908333333333	0.4623463333333333	0.381814	1.4428209999999997	3.199739666666666	1.3405753333333332	0.7550446666666666	0.1116996666666666	0.4034779999999999	3.7423666666666655	0.0851123333333333	0.134373	0.561326	1.0498716666666668	0.6672456666666666	0.097087	0.659942	1.0052286666666663	2.133140666666667	0.6388096666666667	0.0877003333333333	0.7389503333333333	9.479680333333333	0.1905016666666666	1.2965003333333334	0.054567	0.1266846666666666	1.9713783333333332	1.810881	0.3129313333333333	0.3851729999999999	1.2180339999999998	2.066046	2.843033333333333	0.2124356666666666	6.050598999999999	0.3293743333333333	1.5455193333333337	0.3780143333333333
3.663064666666666	4.276148333333333	2.296639666666666	0.4625290000000001	0.384264	1.452864	3.434721333333333	1.294937	0.817583	0.1100093333333333	0.404759	3.065285666666667	0.08875	0.1454513333333333	0.652983	1.1901333333333333	0.7308636666666667	0.097636	0.6895733333333334	0.979788	2.061867	0.7460656666666667	0.0915533333333333	0.7676743333333332	8.891028333333333	0.244537	1.3668723333333332	0.0533856666666666	0.1305633333333333	2.061641333333333	2.074553666666666	0.3457079999999999	0.3658913333333333	1.214449333333333	2.1599506666666666	2.9728993333333333	0.2033453333333333	6.7403543333333324	0.3273066666666667	1.6198133333333335	0.3736636666666666
3.632942666666666	3.428971	2.075308333333333	0.4629466666666666	0.3888583333333333	1.473474333333333	3.6716256666666665	1.2604326666666663	0.8864906666666665	0.1089776666666666	0.4053503333333333	2.503171333333333	0.092198	0.1591986666666666	0.7648353333333333	1.3448043333333333	0.8082283333333333	0.097991	0.7147213333333333	0.9449103333333332	2.006288333333333	0.8803543333333333	0.0958443333333333	0.791091	8.342089333333334	0.3157276666666666	1.4475756666666666	0.0518583333333333	0.1346146666666666	2.153749	2.341315	0.383563	0.3646626666666667	1.2210643333333333	2.2446096666666664	3.1411803333333337	0.1942256666666666	7.406856666666666	0.3249073333333333	1.6967393333333332	0.367459
3.611744	2.6942686666666664	1.8551586666666664	0.4620753333333334	0.3946783333333333	1.4994543333333332	3.9045896666666655	1.2350316666666663	0.9580176666666668	0.1083889999999999	0.404935	2.0481236666666667	0.095391	0.1752883333333333	0.9008123333333332	1.5102266666666666	0.8945689999999998	0.0978183333333333	0.734416	0.899697	1.9712733333333328	1.041893	0.1005246666666666	0.8061806666666667	7.836645666666667	0.4055003333333333	1.535305333333333	0.050152	0.1386659999999999	2.2461346666666664	2.606522	0.4218866666666666	0.380144	1.2367803333333334	2.318432333333333	3.3363	0.1852289999999999	8.038730999999999	0.3220969999999999	1.7744646666666666	0.3602243333333333
3.609257666666666	2.092683	1.6386099999999997	0.4581089999999999	0.4006913333333333	1.5240986666666667	4.127268333333333	1.217407333333333	1.02871	0.1080116666666666	0.4043196666666666	1.6872813333333332	0.098334	0.193116	1.064555	1.6818403333333332	0.9823033333333332	0.0969279999999999	0.7477576666666665	0.843868	1.9593503333333333	1.2290203333333334	0.1054493333333333	0.810849	7.369443999999999	0.5135176666666667	1.6270016666666665	0.0485646666666666	0.1425793333333333	2.337038	2.8686163333333337	0.456926	0.4127139999999999	1.259372333333333	2.379544	3.5451446666666664	0.1766283333333333	8.627868666666664	0.318793	1.851211333333333	0.3533336666666666
3.625760666666666	1.628503	1.4295616666666666	0.4498633333333334	0.4063909999999999	1.5417149999999995	4.334158333333334	1.2066996666666667	1.0971656666666667	0.107732	0.4049119999999999	1.4060480000000002	0.1011406666666666	0.21208	1.2587793333333333	1.8546116666666668	1.0621816666666666	0.095479	0.7543139999999999	0.7784976666666666	1.9672103333333333	1.4371733333333334	0.1104026666666666	0.8052976666666665	6.931251333333333	0.6364803333333333	1.7209673333333333	0.047478	0.146305	2.4250003333333328	3.132206	0.4865719999999999	0.4643383333333333	1.2856106666666665	2.4251543333333334	3.756373	0.1686716666666666	9.170027666666666	0.3149696666666666	1.926206	0.3481853333333333
3.6541186666666663	1.2933463333333333	1.232678	0.4373839999999999	0.4117583333333333	1.548715	4.521216666666667	1.201163	1.1633143333333331	0.1075303333333333	0.4076063333333333	1.189464	0.1040773333333333	0.2316636666666666	1.4846529999999998	2.023808	1.1272076666666666	0.0939479999999999	0.7539936666666666	0.7057053333333332	1.9869046666666663	1.6600359999999998	0.1154019999999999	0.7921213333333332	6.517660666666667	0.769036	1.8165786666666663	0.0471693333333333	0.1498399999999999	2.5088790000000003	3.408377333333333	0.5099513333333333	0.537523	1.31194	2.452097666666667	3.960177	0.161466	9.662872666666669	0.3108979999999999	1.9992553333333327	0.3456446666666666
3.679919333333333	1.064412666666667	1.0529053333333334	0.4229123333333333	0.4173253333333332	1.545337	4.686906666666666	1.1965496666666666	1.228106333333333	0.1074306666666666	0.4115546666666667	1.0230303333333333	0.1076469999999999	0.2515283333333333	1.7404963333333332	2.185776	1.1774496666666665	0.0931689999999999	0.7470069999999999	0.6287316666666667	2.0055886666666667	1.8899046666666663	0.1210173333333333	0.7771406666666666	6.138807333333332	0.9039063333333331	1.9142783333333333	0.0476689999999999	0.1531706666666666	2.5879893333333333	3.717623	0.5275413333333333	0.634379	1.3349643333333332	2.4573853333333333	4.148502	0.1548326666666666	10.104748333333337	0.307456	2.0704236666666667	0.345372
3.689211333333333	0.9132119999999998	0.8944093333333332	0.4094583333333333	0.4237466666666666	1.5342789999999995	4.830558333333333	1.1875006666666663	1.2924993333333332	0.1074503333333333	0.4150653333333333	0.8937899999999999	0.1123553333333333	0.271315	2.022341	2.337390333333333	1.2186463333333333	0.0939316666666666	0.7336953333333333	0.5511966666666667	2.010098	2.1184613333333333	0.1279266666666666	0.7662776666666665	5.811672	1.0334266666666667	2.014471	0.048847	0.1562606666666666	2.661799	4.085285333333333	0.5403146666666666	0.755376	1.3516149999999998	2.439313	4.315819666666667	0.1484893333333333	10.492686	0.305655	2.139714333333333	0.3465186666666666
3.676309	0.8118676666666665	0.7591826666666667	0.3995583333333333	0.4314166666666666	1.520266	4.951051	1.168815	1.3565739999999995	0.1074993333333333	0.41633	0.7920313333333333	0.1184496666666666	0.2904676666666666	2.323603666666666	2.475647	1.2625503333333332	0.0965306666666666	0.7144079999999999	0.4765296666666667	1.991565	2.337165	0.1364323333333333	0.7623416666666665	5.553842	1.1509566666666666	2.116369666666667	0.0505406666666666	0.1590109999999999	2.7297696666666664	4.5382126666666665	0.549164	0.8973386666666667	1.3594793333333333	2.3990246666666666	4.460898666666666	0.142234	10.819879	0.3061616666666666	2.2068293333333333	0.3482673333333334
3.642256666666666	0.7371673333333333	0.6474326666666665	0.3944099999999999	0.4405936666666666	1.5085306666666665	5.046587000000001	1.1374646666666666	1.419746333333333	0.107474	0.4145053333333333	0.7104499999999999	0.1258723333333333	0.308326	2.6365396666666667	2.597503	1.3213366666666666	0.1007923333333333	0.6895966666666666	0.4076643333333333	1.9464906666666664	2.537669666666667	0.1463186666666666	0.7647296666666665	5.37621	1.2515493333333332	2.217901666666666	0.052589	0.1613363333333333	2.791399666666667	5.096802333333334	0.5546893333333334	1.054017	1.3573106666666666	2.339292	4.584212333333333	0.1359613333333333	11.075877333333333	0.3091526666666667	2.2718833333333333	0.3500713333333333
3.595309666666666	0.6759063333333334	0.5573079999999999	0.392656	0.4514906666666666	1.5035666666666665	5.114402	1.095432	1.480940666666667	0.1072933333333333	0.4110206666666667	0.6442910000000001	0.1341363333333333	0.324243	2.953278666666666	2.699865	1.4021099999999995	0.1059696666666666	0.659915	0.3465763333333332	1.879791	2.712475	0.1565853333333333	0.7682686666666666	5.273671666666666	1.333262	2.3152643333333334	0.0549366666666666	0.163217	2.846385	5.763829333333334	0.5569706666666666	1.2155833333333332	1.3460999999999996	2.263809666666666	4.6858743333333335	0.1297486666666666	11.245681666666664	0.314079	2.336278666666667	0.3519416666666666
3.5455876666666666	0.6217123333333333	0.4860683333333333	0.3919696666666666	0.4643616666666667	1.5085166666666667	5.151671333333334	1.0480103333333333	1.5397713333333332	0.1069346666666666	0.4081613333333332	0.5903499999999999	0.1427626666666666	0.337698	3.2669356666666665	2.780494	1.5062953333333335	0.111332	0.6260679999999998	0.294404	1.8016303333333332	2.856409333333333	0.1662679999999999	0.7676019999999999	5.231865333333333	1.3960879999999998	2.404528	0.0576093333333333	0.1646956666666666	2.894600666666667	6.5243406666666655	0.5557279999999999	1.371605	1.3288669999999998	2.176114	4.764503	0.1237356666666666	11.313970666666666	0.3204016666666667	2.4022166666666664	0.3542543333333333
3.500739	0.5743453333333333	0.4308569999999999	0.3903686666666667	0.4795836666666666	1.5239813333333334	5.156460333333333	1.003059	1.597997	0.1064243333333333	0.40784	0.5467226666666666	0.1517499999999999	0.348479	3.573116333333333	2.839268333333333	1.6272703333333332	0.1167629999999999	0.5886513333333333	0.2512703333333333	1.7261173333333333	2.9690846666666664	0.1752933333333333	0.7615306666666667	5.230900999999999	1.441694	2.483243333333333	0.0607686666666666	0.1658763333333333	2.936219333333333	7.338512	0.5503753333333333	1.513795	1.3111066666666666	2.078512	4.815892333333332	0.1180716666666666	11.269480666666666	0.3283603333333333	2.472412333333333	0.3576726666666666
3.4656776666666667	0.5351589999999999	0.3892389999999999	0.3869183333333333	0.4976319999999999	1.548139333333333	5.128036333333334	0.9672536666666668	1.658632	0.1058466666666666	0.4108839999999999	0.5120246666666667	0.1614739999999999	0.3566703333333333	3.8695666666666666	2.8773846666666665	1.755381	0.1226079999999999	0.5482893333333333	0.2166969999999999	1.6662633333333334	3.0533856666666663	0.1842886666666666	0.752268	5.252290333333334	1.472433333333333	2.550590666666667	0.0645983333333333	0.1668849999999999	2.971628333333333	8.152056666666667	0.5402163333333333	1.636529333333333	1.2983726666666664	1.9722886666666664	4.835683	0.1128643333333333	11.106283666666664	0.3387416666666667	2.549339333333333	0.3628503333333333
3.4416666666666664	0.503684	0.3597946666666666	0.3826436666666666	0.5190996666666666	1.5759976666666666	5.067566333333334	0.9419836666666668	1.7253946666666664	0.1053163333333333	0.4160099999999999	0.484878	0.1727006666666666	0.3627353333333333	4.156646333333333	2.896910666666667	1.8818866666666665	0.1296376666666666	0.5058003333333333	0.1898186666666666	1.6285093333333331	3.1150056666666663	0.1945606666666666	0.7454406666666666	5.285840333333333	1.4907433333333333	2.6079706666666667	0.069232	0.1678273333333333	3.0014726666666665	8.901822666666666	0.5246329999999999	1.738226	1.293861666666667	1.8576606666666664	4.822246333333333	0.1081569999999999	10.827150666666668	0.3527733333333333	2.634473	0.3700929999999999
3.428072	0.4785736666666667	0.3417563333333333	0.3791453333333333	0.5447583333333332	1.6019386666666664	4.977105666666666	0.9248976666666666	1.8013086666666664	0.1049809999999999	0.4209116666666666	0.4635023333333333	0.1861373333333333	0.3672876666666667	4.435868666666666	2.899289	2.001283	0.1384996666666666	0.4623766666666666	0.1696063333333333	1.6126736666666668	3.159522666666667	0.2072389999999999	0.7460753333333332	5.327786333333333	1.498641	2.657177	0.074629	0.16879	3.026431	9.532807333333333	0.5031323333333334	1.8196223333333328	1.2985586666666664	1.7351456666666665	4.777630666666667	0.1038879999999999	10.441001333333332	0.3713569999999999	2.728935	0.3791139999999999
3.4231073333333333	0.4585296666666666	0.3348796666666666	0.377373	0.5756653333333334	1.6220673333333335	4.858909333333333	0.9103993333333332	1.8872166666666663	0.1049983333333333	0.4230346666666666	0.4452523333333333	0.2020096666666666	0.3708966666666666	4.708884666666667	2.883701	2.1144186666666664	0.14915	0.4198726666666666	0.155062	1.6096026666666663	3.189582333333333	0.2224023333333333	0.7544643333333332	5.380716	1.497093	2.69876	0.080452	0.169815	3.0470213333333334	10.018345666666663	0.475515	1.8830133333333328	1.31072	1.6070649999999995	4.709620999999999	0.0998723333333333	9.963001666666663	0.3942449999999999	2.834068333333333	0.3885966666666666
3.4231946666666664	0.4425443333333333	0.3392866666666667	0.3775006666666667	0.612887	1.634799333333333	4.714938333333333	0.8932526666666665	1.9832526666666668	0.1055	0.4206313333333333	0.4274963333333333	0.2202933333333333	0.3738913333333333	4.976174666666667	2.848116	2.225086333333333	0.1611639999999999	0.3804463333333333	0.1452536666666666	1.606096	3.205967666666667	0.2395123333333333	0.7679593333333332	5.447592666666667	1.486133	2.732336666666667	0.086295	0.1709356666666666	3.063449666666666	10.355198	0.441832	1.9311146666666663	1.327605	1.4773899999999998	4.628002333333333	0.0958793333333333	9.411616666666664	0.4205566666666666	2.951493	0.3969713333333333
3.421791333333333	0.4300676666666666	0.3554856666666666	0.378628	0.657188	1.642031	4.5464563333333325	0.8722309999999999	2.090256666666667	0.1065163333333333	0.4139949999999999	0.4085683333333333	0.2409249999999999	0.3760746666666666	5.235245333333333	2.790099333333333	2.337527	0.1739496666666666	0.3462666666666666	0.1394323333333333	1.5886209999999998	3.2082186666666668	0.2577123333333333	0.7820776666666666	5.526059333333333	1.46458	2.7567833333333334	0.0919463333333333	0.1721656666666666	3.075372	10.567085666666664	0.402561	1.9663256666666664	1.3468456666666666	1.351969333333333	4.541166999999999	0.0917566666666666	8.807346999999996	0.4491786666666666	3.083124	0.403134
3.413357	0.4206273333333333	0.3841953333333334	0.3797273333333333	0.7089826666666665	1.646588333333333	4.355053333333333	0.8495379999999999	2.210583333333333	0.1079663333333333	0.4045166666666666	0.3879606666666667	0.26414	0.3769166666666667	5.4804433333333336	2.708252666666666	2.4542936666666666	0.1872043333333333	0.3192006666666667	0.1369303333333333	1.5487293333333332	3.196457	0.2764879999999999	0.7935053333333332	5.609093333333334	1.4304453333333336	2.771449666666667	0.09745	0.1735099999999999	3.0820616666666667	10.690072	0.3587286666666666	1.9910926666666664	1.367476666666667	1.2363063333333333	4.4529776666666665	0.0874359999999999	8.171157	0.4794166666666666	3.2302573333333333	0.4067446666666666
3.3977193333333333	0.4134099999999999	0.4262006666666666	0.3804893333333333	0.7681629999999999	1.6500616666666668	4.1439086666666665	0.831102	2.349306666666666	0.1096023333333333	0.3940693333333333	0.3668879999999999	0.2909286666666666	0.3756086666666666	5.701631	2.604053	2.573846	0.2014173333333333	0.3003713333333333	0.1371603333333333	1.490046	3.173332	0.2964029999999999	0.8033153333333333	5.684674666666667	1.381017333333333	2.7774940000000004	0.103263	0.174915	3.0824926666666665	10.762980333333331	0.3123216666666667	2.008287333333333	1.3912509999999998	1.133138333333333	4.358208333333333	0.0830126666666666	7.523186333333333	0.5117903333333333	3.3924003333333337	0.4087546666666666
3.377685	0.407327	0.4819183333333333	0.381169	0.8344383333333332	1.653293	3.917581	0.822635	2.5122163333333334	0.111117	0.38432	0.347325	0.322763	0.3713686666666667	5.886637	2.481179	2.693118666666667	0.2175883333333333	0.290416	0.1396143333333333	1.422665	3.1434516666666665	0.3186733333333333	0.8150176666666666	5.741961999999999	1.3137446666666666	2.776923	0.1100173333333333	0.1762949999999999	3.075641666666667	10.816489333333331	0.2658426666666666	2.02036	1.420626	1.0428	4.247649666666667	0.0786556666666666	6.881362333333331	0.5475593333333334	3.567753	0.4107146666666665
3.3573603333333333	0.4009886666666666	0.550718	0.3825206666666667	0.9076466666666668	1.6568466666666666	3.6822456666666663	0.8256730000000001	2.703898	0.1122413333333333	0.3760403333333333	0.3313143333333333	0.3615143333333333	0.363725	6.023068	2.3456676666666665	2.809615333333333	0.2370703333333333	0.2896193333333333	0.1439766666666666	1.359453	3.1133109999999995	0.3448993333333333	0.8332133333333334	5.777999333333333	1.227246	2.7718169999999995	0.1183446666666666	0.1774966666666666	3.0608600000000004	10.860100666666666	0.222068	2.02837	1.4569346666666667	0.9628789999999998	4.112033666666666	0.0745886666666666	6.25903	0.5885046666666667	3.7533796666666666	0.4142706666666666
3.339799333333333	0.3932713333333333	0.6307123333333333	0.3854063333333333	0.9881596666666668	1.662059333333333	3.444374	0.8386056666666666	2.926578333333333	0.112813	0.3693653333333333	0.3203716666666666	0.4090683333333332	0.3525686666666666	6.100250999999999	2.204733333333333	2.92201	0.2613563333333333	0.2986649999999999	0.1502266666666666	1.310482	3.0890596666666665	0.3764763333333333	0.8614573333333333	5.796385666666666	1.1218899999999998	2.763371	0.1287276666666666	0.1783953333333333	3.037942666666667	10.889863999999998	0.1835086666666666	2.0332193333333333	1.500501	0.8905726666666667	3.94552	0.0710086666666666	5.665429666666666	0.636476	3.946822333333333	0.4206486666666665
3.324544333333333	0.383958	0.7180043333333334	0.3903986666666666	1.077539	1.6722743333333332	3.2094686666666665	0.8569979999999998	3.1780686666666664	0.1129	0.363842	0.3147616666666666	0.466985	0.3383086666666667	6.1119726666666665	2.066212333333333	3.0309836666666663	0.2919403333333333	0.3195936666666666	0.1589279999999999	1.2769796666666666	3.074146333333333	0.41394	0.8998463333333334	5.807668666666666	1.001055	2.7507623333333333	0.14132	0.1789609999999999	3.007419	10.891082	0.151776	2.037080333333333	1.5506373333333332	0.8248646666666666	3.750201	0.0680563333333333	5.104517333333333	0.6930463333333334	4.1479886666666665	0.4300263333333333
3.3097123333333327	0.3736779999999999	0.8073413333333335	0.397679	1.1785046666666663	1.691877	2.9812540000000003	0.8772793333333333	3.453057	0.112701	0.3589363333333333	0.3140283333333333	0.5364023333333332	0.3217239999999999	6.0565973333333325	1.9385426666666667	3.1384503333333336	0.3304633333333333	0.3558606666666666	0.171232	1.255471	3.069849333333333	0.4571906666666666	0.9461363333333332	5.821762333333333	0.8702109999999998	2.7324803333333336	0.156103	0.1792906666666666	2.970303666666667	10.843543	0.1275023333333333	2.0445186666666664	1.607401	0.7666890000000001	3.5338523333333334	0.0658066666666666	4.577301999999999	0.759746	4.358974333333332	0.4419683333333333
3.2937566666666664	0.3640319999999999	0.8923116666666666	0.406758	1.2954096666666666	1.7254763333333332	2.7603166666666663	0.9005933333333332	3.7430049999999992	0.112522	0.3544533333333333	0.3172173333333333	0.617771	0.3039366666666667	5.9390540000000005	1.831266	3.2471136666666665	0.3789723333333333	0.412755	0.189129	1.2407436666666665	3.075034333333333	0.5055066666666667	0.9961083333333334	5.840172666666667	0.7367483333333333	2.7075516666666664	0.1729593333333333	0.1796433333333333	2.928048	10.723687666666663	0.1099323333333333	2.064672333333333	1.6735553333333333	0.719572	3.3097	0.0642763333333333	4.082925333333333	0.8383383333333332	4.5846013333333335	0.455616
3.2768306666666667	0.3567573333333333	0.966914	0.4169373333333333	1.4337666666666666	1.776377	2.5457840000000003	0.9309483333333332	4.037064666666666	0.112624	0.3504766666666666	0.322963	0.710772	0.2861329999999999	5.768006999999999	1.7559266666666666	3.358756	0.4401329999999999	0.495249	0.2149143333333333	1.23043	3.0869983333333337	0.5579486666666666	1.0454063333333332	5.857377333333333	0.6084399999999999	2.676182333333333	0.1916853333333333	0.1803149999999999	2.882006333333333	10.507521666666666	0.0976236666666666	2.110545333333333	1.7533006666666666	0.6876043333333333	3.092706666666667	0.0633719999999999	3.620305666666666	0.9309633333333334	4.830185666666667	0.469825
3.2624630000000003	0.3528556666666666	1.0272993333333331	0.4276293333333333	1.6003646666666669	1.844643	2.336565	0.9739386666666666	4.322025	0.1131106666666666	0.3473256666666666	0.329387	0.8139083333333332	0.269293	5.554633333333333	1.7275646666666666	3.472222333333333	0.5175989999999999	0.6055563333333334	0.2507513333333333	1.2300799999999998	3.101705	0.6136429999999999	1.0912706666666667	5.860533333333334	0.4920103333333332	2.6407103333333337	0.211929	0.1814936666666666	2.8328806666666666	10.173739666666666	0.0889293333333333	2.1994596666666664	1.851194	0.67347	2.896339	0.062832	3.189553666666666	1.0404266666666666	5.099458	0.4831753333333333
3.255265333333333	0.3523786666666666	1.0717276666666666	0.438586	1.803074	1.9291973333333332	2.132347666666667	1.0333796666666666	4.584880333333333	0.1139349999999999	0.3451686666666667	0.3346253333333333	0.9248013333333333	0.2540816666666666	5.310632999999999	1.7616223333333332	3.5847069999999994	0.6149503333333333	0.7426603333333333	0.2982693333333333	1.248158	3.115361333333333	0.6718679999999999	1.1328293333333332	5.837845666666667	0.392505	2.603882	0.2333036666666666	0.1832346666666666	2.7806943333333334	9.708723	0.0823733333333333	2.347882333333333	1.969778	0.6774366666666666	2.729262	0.06234	2.7922116666666663	1.170142	5.393974333333333	0.494347
3.2586723333333336	0.3538766666666667	1.1012573333333333	0.4501309999999999	2.0513636666666666	2.029646333333333	1.9347953333333328	1.107368333333333	4.815520333333334	0.1149103333333333	0.3436283333333333	0.337395	1.0401206666666667	0.2406173333333333	5.046623666666667	1.8704346666666665	3.692499666666666	0.7344223333333333	0.9006269999999998	0.3579249999999999	1.2913876666666666	3.125987666666666	0.7321013333333333	1.171866	5.787089666666666	0.3119853333333333	2.567241333333333	0.2554716666666666	0.1853786666666666	2.724549	9.115348333333332	0.0771009999999999	2.5653930000000003	2.106448666666666	0.6955343333333334	2.5902986666666665	0.0616306666666666	2.431847333333333	1.324286	5.711816	0.502545
3.273183333333333	0.3553206666666666	1.118508	0.4627409999999999	2.3568653333333334	2.1475573333333333	1.7467076666666668	1.1904659999999998	5.007004333333333	0.1157953333333333	0.3423313333333333	0.3369676666666666	1.1558959999999998	0.2287	4.771327666666665	2.060500333333333	3.792029333333333	0.8761556666666666	1.070499	0.4290916666666666	1.360547333333333	3.1324706666666664	0.7935606666666666	1.2103669999999995	5.711844333333333	0.2505203333333333	2.5308773333333328	0.2782063333333333	0.1876866666666666	2.663172666666667	8.411772666666666	0.072709	2.852556666666666	2.255069333333333	0.7216986666666666	2.472825666666666	0.0605223333333333	2.112106	1.507374333333333	6.049027333333333	0.5073376666666666
3.293652333333333	0.3548123333333333	1.126994	0.4765873333333333	2.7346976666666665	2.288453	1.5715516666666665	1.2749213333333336	5.156942333333333	0.1164076666666666	0.3415216666666666	0.3333553333333333	1.267585	0.2179166666666666	4.490064333333333	2.3270833333333334	3.880897666666667	1.0365396666666666	1.2411113333333337	0.5097246666666666	1.4446303333333332	3.1338459999999992	0.8546083333333332	1.2480456666666666	5.6191130000000005	0.2063093333333333	2.492836333333333	0.3014833333333333	0.1899356666666666	2.5953700000000004	7.636539666666667	0.0692909999999999	3.195231333333333	2.406553	0.7492646666666667	2.3671786666666668	0.0589699999999999	1.8346996666666668	1.723994	6.400337666666666	0.5086246666666666
3.312841	0.3511919999999999	1.129974	0.491383	3.200464333333333	2.4613336666666665	1.4124203333333332	1.354501	5.265489999999999	0.11664	0.342112	0.3269463333333333	1.370702333333333	0.2078989999999999	4.205666666666666	2.655568333333333	3.958041333333333	1.2090206666666663	1.4018159999999995	0.5971936666666666	1.5284103333333332	3.128788666666667	0.912962	1.2822053333333332	5.513982666666666	0.1767153333333333	2.450753666666667	0.3254586666666667	0.1919776666666666	2.520371	6.840328	0.0671293333333333	3.5697226666666664	2.5526616666666664	0.7730430000000001	2.2640923333333336	0.0570023333333333	1.5990536666666668	1.9789133333333333	6.760799666666666	0.506408
3.324335333333333	0.344804	1.129256	0.5060713333333333	3.766915333333333	2.6796173333333333	1.2709116666666664	1.4285176666666666	5.334434333333333	0.116517	0.3458989999999999	0.318387	1.4615326666666666	0.1985689999999999	3.918408666666666	3.019126	4.024364	1.3838376666666667	1.5453363333333332	0.6888436666666666	1.5990403333333332	3.115185333333333	0.965742	1.3070693333333332	5.394180666666666	0.1588123333333333	2.4033803333333337	0.350519	0.1938183333333333	2.4383513333333338	6.081656	0.0665193333333333	3.944455	2.689884333333333	0.7918740000000001	2.157960333333333	0.0546866666666666	1.401249	2.277301	7.127366666666666	0.5006836666666666
3.324483	0.336677	1.1255536666666668	0.519442	4.440783	2.9597246666666663	1.147257	1.498733	5.366188333333333	0.1161053333333333	0.3546276666666667	0.3087936666666666	1.5374176666666663	0.1900109999999999	3.6272676666666666	3.3872183333333328	4.081683	1.5506779999999998	1.667202	0.7822536666666665	1.650202333333333	3.091174666666667	1.0103956666666667	1.317308	5.2542056666666666	0.1498903333333333	2.350759	0.3773263333333333	0.1955193333333333	2.350037	5.410917999999999	0.0676473333333333	4.288198333333334	2.817266	0.8076833333333333	2.046981333333333	0.0521499999999999	1.2359113333333334	2.624751	7.497763666666666	0.491804
3.315173	0.3278716666666666	1.118421	0.5306663333333334	5.216578	3.3204783333333334	1.0400226666666663	1.5667719999999998	5.363214333333333	0.115443	0.3689903333333333	0.3002029999999999	1.597481333333333	0.1823673333333333	3.330653666666666	3.732712333333333	4.131925	1.7011306666666666	1.7662499999999997	0.8754909999999999	1.6880603333333333	3.0563113333333334	1.04574	1.311842333333333	5.088953333333333	0.1479346666666666	2.294697666666667	0.406946	0.1971493333333333	2.256548333333333	4.851193666666666	0.0704806666666666	4.578374666666667	2.934852	0.8254763333333334	1.934457	0.049598	1.097584	3.0273556666666663	7.869465333333333	0.4809943333333333
3.302227	0.3189536666666666	1.106753	0.5392049999999999	6.075908	3.7782836666666655	0.947027	1.6324076666666665	5.327844	0.1145199999999999	0.3885053333333333	0.29494	1.642073333333333	0.1757336666666666	3.0275746666666667	4.034858666666667	4.175938333333333	1.829304	1.8434076666666668	0.966877	1.724355	3.010853	1.071676	1.2933636666666666	4.897258333333334	0.151519	2.2370096666666663	0.4406416666666666	0.198754	2.159058	4.4037733333333335	0.074859	4.802082333333334	3.041700333333333	0.850223	1.8253486666666667	0.047276	0.9816153333333332	3.4908676666666665	8.238804	0.4698806666666666
3.2946516666666663	0.3093729999999999	1.0889563333333332	0.5447696666666666	6.981786333333333	4.341013666666667	0.86599	1.6914813333333334	5.261979666666667	0.1132666666666666	0.411051	0.2950516666666666	1.6726713333333332	0.170043	2.719107	4.284352666666667	4.212022666666666	1.93329	1.9015166666666663	1.054817	1.770854666666667	2.9550903333333327	1.0892116666666667	1.2688456666666663	4.686758	0.1598876666666666	2.1777900000000003	0.4797173333333333	0.200381	2.058568	4.045950333333333	0.0805806666666666	4.960455	3.1338213333333327	0.883763	1.723458333333333	0.0453929999999999	0.8851566666666667	4.019466666666666	8.599889333333333	0.4600909999999999
3.298172	0.2982736666666666	1.0634153333333332	0.5472213333333333	7.888799	5.008448	0.7949553333333333	1.738671	5.166432333333333	0.1116556666666666	0.4340206666666666	0.3017366666666666	1.6908633333333332	0.165287	2.4087043333333336	4.479653999999999	4.237443	2.013608	1.9444786666666665	1.137641	1.832584	2.887957333333333	1.0994446666666666	1.2452456666666667	4.470655000000001	0.1726756666666666	2.1158590000000004	0.5253343333333333	0.2021073333333333	1.9560996666666668	3.7449913333333327	0.087513	5.061756333333333	3.2060406666666665	0.9250853333333332	1.6307589999999998	0.0440916666666666	0.80588	4.614725	8.946576666666665	0.4526776666666666
3.307700333333333	0.2852363333333332	1.0289453333333334	0.546582	8.750287	5.769427333333333	0.732805	1.7700813333333332	5.039804666666667	0.109819	0.4552946666666667	0.3145156666666666	1.6974209999999998	0.161764	2.103393	4.626337666666666	4.249674000000001	2.0726196666666663	1.977002666666667	1.2134383333333332	1.8993613333333328	2.8051723333333327	1.1026206666666665	1.225239	4.266032333333333	0.1897876666666666	2.048972	0.5782853333333333	0.2041433333333333	1.8529416666666665	3.467987333333333	0.0957639999999999	5.117457	3.2537796666666665	0.9698253333333332	1.546357666666667	0.0433533333333333	0.74092	5.273442333333333	9.274524	0.44734
3.312534666666666	0.2705606666666666	0.984963	0.5433223333333332	9.525250666666668	6.605333666666667	0.6788973333333332	1.7850846666666664	4.879611	0.1080019999999999	0.4733586666666666	0.3319216666666666	1.6924103333333331	0.1600683333333333	1.811761	4.732428	4.247014666666666	2.113213	2.004087333333333	1.2802813333333332	1.9555773333333333	2.7006346666666663	1.0983696666666665	1.208111	4.087025666666666	0.2111686666666666	1.9753273333333328	0.639076	0.2067586666666666	1.7505609999999998	3.1911819999999995	0.1055983333333333	5.138925666666665	3.275028333333333	1.0130646666666667	1.4686656666666664	0.043054	0.6870596666666666	5.989208333333333	9.581601333333332	0.4429266666666667
3.3003850000000003	0.2557196666666667	0.9319286666666666	0.5387866666666666	10.1873	7.490266999999999	0.6328926666666665	1.7890533333333332	4.683132333333333	0.106518	0.4875569999999999	0.351916	1.6750876666666663	0.1611419999999999	1.5424786666666666	4.805117333333333	4.229555333333333	2.137850333333333	2.0306306666666667	1.336471	1.9888	2.567477666666666	1.085837333333333	1.189826	3.9369626666666666	0.2365883333333333	1.895213	0.7079016666666667	0.210293	1.6505586666666665	2.911681333333333	0.117442	5.134539333333334	3.2731440000000003	1.051865	1.3972833333333332	0.0429596666666666	0.6410186666666666	6.752677666666666	9.868896	0.437688
3.264261333333333	0.2426396666666666	0.871273	0.5344616666666666	10.723328	8.395034666666666	0.5943626666666666	1.7897129999999997	4.448966333333333	0.1056339999999999	0.4976559999999999	0.3728466666666666	1.644475666666667	0.1659736666666666	1.3027933333333332	4.850018333333333	4.199353333333334	2.1484096666666663	2.060697333333333	1.3807406666666664	1.995048333333333	2.4010193333333336	1.0644546666666668	1.1664743333333334	3.811127333333333	0.2655483333333333	1.810285	0.7848193333333333	0.2150573333333333	1.5543346666666664	2.6376436666666665	0.1317743333333333	5.108907666666667	3.253997	1.0850083333333331	1.3330406666666663	0.0428303333333333	0.6001916666666666	7.553442333333333	10.138046333333332	0.4301533333333334
3.210832333333333	0.2330819999999999	0.8057536666666667	0.531251	11.137245	9.289374	0.5624533333333332	1.7940376666666664	4.179181333333333	0.1054053333333333	0.503591	0.3944633333333333	1.599793333333333	0.1752816666666666	1.0965026666666666	4.870055666666667	4.161232	2.1458626666666665	2.096323	1.412603	1.9861936666666664	2.2025969999999995	1.034771	1.137643	3.697096333333333	0.297086	1.7232366666666663	0.8697983333333332	0.2212926666666667	1.4626709999999998	2.3821949999999994	0.1491233333333333	5.060649333333334	3.223821333333333	1.113238	1.278485	0.042496	0.5636699999999999	8.381075333333332	10.388612666666669	0.420059
3.1536896666666663	0.2282016666666666	0.7391053333333333	0.5293873333333333	11.440953333333333	10.142983333333332	0.5362646666666666	1.8060616666666665	3.879158666666666	0.1057343333333333	0.505474	0.416997	1.540576333333333	0.1894026666666666	0.9242816666666666	4.866020999999999	4.1200616666666665	2.130406	2.137103	1.431927333333333	1.9798696666666664	1.9780196666666667	0.9979823333333332	1.105173	3.5819779999999994	0.3299146666666666	1.636653	0.962439	0.2291673333333333	1.3756743333333332	2.157305	0.1702586666666666	4.984227	3.1867783333333333	1.138211	1.238160666666667	0.0418466666666666	0.5315176666666667	9.224062666666669	10.617185	0.4078086666666667
3.1085279999999997	0.227954	0.67603	0.528169	11.648891333333337	10.926569666666666	0.5152913333333333	1.8238176666666668	3.5587790000000004	0.106357	0.5037006666666667	0.440399	1.466873333333333	0.2080453333333333	0.7828829999999999	4.835973	4.077978999999999	2.1011903333333333	2.178883	1.438675	1.9909286666666663	1.7376619999999998	0.9556196666666666	1.072498333333333	3.459368	0.3624383333333333	1.551921333333333	1.0615196666666666	0.238806	1.2925376666666666	1.9680206666666664	0.1965753333333333	4.869965666666667	3.1419403333333324	1.1618133333333334	1.219239	0.0408323333333333	0.5044126666666667	10.067877666666668	10.815592333333331	0.3941436666666666
3.0873456666666668	0.2318339999999999	0.6210573333333334	0.5267196666666666	11.774589999999998	11.614394333333331	0.4995366666666666	1.842499	3.230806333333333	0.1070263333333333	0.4988803333333333	0.464333	1.3793336666666665	0.2307509999999999	0.6674159999999999	4.7746673333333325	4.034458666666667	2.0563376666666664	2.21604	1.4329386666666666	2.0268746666666666	1.4939993333333332	0.9091306666666666	1.042735	3.329464	0.3929856666666666	1.4696456666666666	1.1652646666666666	0.2503953333333333	1.2122413333333335	1.8138536666666667	0.2301083333333333	4.705625333333333	3.0854136666666667	1.1851073333333333	1.2266093333333332	0.039504	0.4831176666666666	10.894582333333332	10.974002666666667	0.379957
3.091673333333333	0.2394456666666666	0.5773126666666666	0.5246636666666668	11.827489	12.188651333333333	0.4897776666666666	1.856702	2.9102516666666665	0.1076776666666666	0.4918419999999999	0.488191	1.2795306666666666	0.257258	0.5729193333333333	4.671704333333333	3.985709	1.9925906666666664	2.243245	1.415101333333333	2.0813736666666665	1.2600463333333332	0.8594736666666666	1.016854666666667	3.2008826666666663	0.4200223333333333	1.3898969999999995	1.271429666666667	0.2643533333333333	1.1342259999999995	1.6882666666666666	0.2738436666666666	4.477231666666667	3.011559	1.2071313333333331	1.2571396666666663	0.0380696666666666	0.4681093333333332	11.680969	11.083433	0.3662133333333333
3.115829333333333	0.2505806666666667	0.5464046666666666	0.521882	11.812849333333332	12.639193333333337	0.4870133333333332	1.8627393333333333	2.611142666666667	0.108368	0.4835049999999999	0.5114806666666667	1.1698833333333332	0.2875029999999999	0.4949743333333333	4.515321666666666	3.9276526666666665	1.9067386666666664	2.256562333333333	1.3857769999999998	2.141991333333333	1.0476866666666669	0.807464	0.9946023333333334	3.083039666666666	0.4423583333333333	1.3131176666666666	1.3777146666666664	0.2812019999999999	1.0584856666666669	1.582086333333333	0.33136	4.174137	2.915692	1.2263166666666665	1.3036146666666666	0.0368309999999999	0.4598736666666666	12.400261333333331	11.136524666666668	0.3539966666666667
3.1477083333333336	0.2652643333333333	0.527782	0.5182893333333334	11.729858	12.966447333333331	0.4919876666666666	1.8613003333333331	2.3428383333333334	0.109235	0.4747706666666667	0.534213	1.0538846666666664	0.3215999999999999	0.4303686666666666	4.296006666666666	3.858871	1.7971733333333333	2.254991333333333	1.3459273333333333	2.195870333333333	0.8656013333333333	0.7541076666666666	0.975137	2.978989666666666	0.4594979999999999	1.2410986666666666	1.4821273333333331	0.3015413333333333	0.985854	1.4857163333333332	0.406648	3.795825	2.796968333333333	1.241742	1.357592	0.0361156666666666	0.4592429999999999	13.022771	11.128728	0.3445456666666666
3.17374	0.2833623333333332	0.519617	0.5135543333333333	11.572371333333331	13.177587333333332	0.5050916666666666	1.855740333333333	2.1104173333333334	0.1103876666666666	0.4663753333333333	0.5564203333333333	0.9356723333333332	0.3595136666666666	0.3767123333333333	4.008925333333333	3.7807266666666655	1.6644259999999995	2.239933	1.297132	2.233552	0.7197233333333333	0.7008473333333334	0.958019	2.8871550000000004	0.4714993333333333	1.1761216666666665	1.5828386666666665	0.3260896666666666	0.9174073333333332	1.3911033333333336	0.5031343333333334	3.3515303333333337	2.657335	1.2530129999999997	1.4122689999999998	0.0361546666666666	0.4672316666666667	13.521206333333332	11.057261666666667	0.33881
3.1832346666666664	0.3040923333333333	0.5192433333333334	0.5068043333333333	11.327582333333332	13.285353666666666	0.5262046666666667	1.851230333333333	1.9135566666666664	0.1117913333333333	0.4586416666666666	0.5776406666666667	0.8197833333333332	0.4006533333333333	0.3323703333333333	3.65839	3.69829	1.512541	2.2155326666666664	1.2421496666666667	2.253612	0.6125596666666666	0.6499103333333334	0.944272	2.80224	0.479039	1.1201903333333332	1.678076	0.3558789999999999	0.8539829999999999	1.294122	0.6224116666666666	2.8636293333333334	2.501445333333333	1.2602406666666666	1.4656746666666665	0.0369123333333333	0.4849826666666667	13.877183	10.920846333333332	0.336848
3.170951	0.3261076666666666	0.524194	0.497254	10.980781333333333	13.302567333333332	0.5550889999999999	1.8533996666666663	1.749759	0.1133286666666666	0.4514523333333333	0.596984	0.7104836666666666	0.4439593333333332	0.295914	3.2571116666666664	3.617693666666667	1.348242	2.1868846666666664	1.184548333333333	2.2608839999999994	0.5443616666666666	0.6038793333333333	0.935834	2.7206996666666665	0.4830376666666667	1.0743736666666666	1.766023333333333	0.392438	0.795944	1.1938846666666667	0.7640843333333333	2.3616216666666663	2.335368666666666	1.2637003333333334	1.5189933333333332	0.0382003333333333	0.5141796666666667	14.080877999999998	10.719490666666664	0.3380846666666666
3.141515333333333	0.3474243333333333	0.5332473333333334	0.4849406666666666	10.519723999999998	13.236654	0.5917306666666666	1.8673833333333332	1.6164759999999998	0.11485	0.4440406666666666	0.6131126666666668	0.6109393333333333	0.4878639999999999	0.2657503333333333	2.8286036666666665	3.5437849999999997	1.1810793333333331	2.158691333333333	1.1286486666666666	2.266884	0.5131883333333334	0.5653063333333334	0.9352336666666664	2.646489666666667	0.4843909999999999	1.0379046666666665	1.8447596666666664	0.438245	0.7428446666666667	1.0933149999999998	0.9247506666666666	1.878781	2.166085333333333	1.2636563333333333	1.5757856666666663	0.0397249999999999	0.5579646666666667	14.133984333333334	10.455003333333332	0.3413616666666666
3.105116333333333	0.3661369999999999	0.5457803333333333	0.4708423333333333	9.938123333333332	13.088223666666666	0.6360330000000001	1.898626333333333	1.5113640000000002	0.1162423333333333	0.4352766666666666	0.6248886666666666	0.5232536666666666	0.5307376666666667	0.2403406666666666	2.4001303333333333	3.47879	1.021287	2.1351136666666664	1.0790296666666666	2.2852166666666665	0.5155286666666666	0.5362343333333333	0.9444553333333332	2.586844	0.48378	1.0090986666666666	1.912539	0.4965353333333333	0.6939293333333333	0.9977193333333334	1.0984053333333332	1.4454643333333337	2.0012833333333333	1.2606633333333332	1.6384743333333331	0.041232	0.6223356666666666	14.045192333333333	10.131044333333334	0.3454886666666666
3.074858	0.3811749999999999	0.561425	0.457276	9.241993666666666	12.847527666666666	0.687519	1.953614	1.4321583333333332	0.117515	0.4238316666666666	0.632071	0.4480536666666666	0.5713296666666666	0.218532	1.9970106666666667	3.4202863333333333	0.8778603333333334	2.119473666666667	1.0401286666666667	2.327722333333333	0.5461146666666666	0.5174936666666666	0.963622	2.548485	0.4814273333333332	0.9860393333333334	1.9681786666666667	0.5713886666666665	0.6485483333333333	0.914304	1.2758649999999998	1.081334	1.8492983333333328	1.255993	1.704496	0.042633	0.7186083333333333	13.828576666666669	9.753975	0.3497446666666666
3.060788333333333	0.392346	0.5804246666666666	0.4467803333333333	8.45006	12.501472333333336	0.7458383333333334	2.037685333333333	1.375592	0.1187543333333333	0.4086763333333333	0.6348883333333333	0.384964	0.6087813333333334	0.1995566666666666	1.6394433333333334	3.364231	0.7577983333333334	2.114267	1.01575	2.40201	0.59849	0.508931	0.9913486666666668	2.533154	0.477254	0.9673696666666668	2.010960333333333	0.6668576666666666	0.6063333333333333	0.8500213333333334	1.4470486666666664	0.7958293333333332	1.716866	1.250988	1.767343	0.0439426666666666	0.860455	13.498962	9.332021333333334	0.3537356666666666
3.063102666666666	0.400647	0.6044413333333334	0.4410513333333334	7.599138666666667	12.03975	0.8114456666666666	2.152162	1.3359946666666664	0.1200903333333333	0.3896863333333333	0.633717	0.3326476666666667	0.6427746666666666	0.1832026666666666	1.337568	3.3074613333333334	0.6645903333333334	2.1207643333333333	1.0082463333333334	2.507679333333333	0.6650903333333332	0.509261	1.024687	2.5316106666666665	0.4709299999999999	0.9532376666666664	2.0406849999999994	0.785976	0.5674326666666666	0.809313	1.6030009999999997	0.5848533333333331	1.6061899999999998	1.246492333333333	1.816691	0.045228	1.0614599999999998	13.068122666666667	8.875078333333335	0.3573226666666667
3.076403	0.4075376666666666	0.6366539999999999	0.4406573333333333	6.734254333333333	11.458743333333334	0.8857873333333331	2.2954453333333333	1.3072866666666667	0.1216449999999999	0.3675266666666666	0.6285923333333333	0.2894569999999999	0.6732936666666666	0.1694843333333333	1.093874	3.248263333333333	0.5990973333333333	2.1394269999999995	1.018282	2.640399333333333	0.7382116666666667	0.5166763333333333	1.0607406666666666	2.528784	0.4621016666666666	0.9445226666666666	2.057313	0.9299566666666664	0.5321446666666667	0.793928	1.7368439999999996	0.4372113333333333	1.5165873333333333	1.243319	1.843556	0.046518	1.3318596666666664	12.546063999999998	8.393231	0.360311
3.0924059999999995	0.4143793333333333	0.6824186666666666	0.444475	5.901738	10.767779333333332	0.971886	2.4631043333333333	1.2849519999999997	0.1234823333333333	0.3438536666666666	0.6186783333333334	0.2539043333333333	0.7005033333333333	0.1584346666666666	0.9026113333333332	3.1872453333333337	0.5593186666666666	2.1698586666666664	1.0439146666666663	2.7946033333333333	0.8109983333333333	0.5292183333333333	1.0983106666666664	2.5074976666666657	0.4506126666666666	0.9423336666666666	2.060693	1.0967353333333334	0.5005966666666666	0.8017383333333332	1.845524	0.3380013333333332	1.445196333333333	1.242851666666667	1.84604	0.0477076666666666	1.6737183333333334	11.941967333333332	7.895264333333334	0.362164
3.1051676666666665	0.4220626666666666	0.7478956666666667	0.4509563333333333	5.1424780000000005	9.985216	1.0736476666666666	2.650247666666666	1.26653	0.125597	0.3210613333333333	0.6030106666666666	0.2247053333333333	0.7245063333333333	0.1499309999999999	0.7545056666666669	3.126046	0.541628	2.2107106666666665	1.0815636666666666	2.9658349999999998	0.878079	0.5450286666666667	1.1375566666666668	2.455470666666667	0.436635	0.9475826666666666	2.050713	1.2825786666666668	0.4726509999999999	0.8281243333333332	1.928811333333333	0.2723406666666666	1.389145	1.2472683333333334	1.8277873333333332	0.0486563333333333	2.0812086666666665	11.265157666666669	7.388302333333332	0.3624153333333333
3.116663999999999	0.4304863333333333	0.8388453333333333	0.4593096666666667	4.4831623333333335	9.138054666666669	1.195488	2.8534803333333327	1.252603333333333	0.1279113333333333	0.3022933333333333	0.5812436666666667	0.2008696666666666	0.7450836666666665	0.1435096666666666	0.639772	3.0664496666666663	0.541217	2.259048	1.126326333333333	3.153106666666666	0.936794	0.56259	1.180008333333333	2.373822	0.4209376666666666	0.960572	2.0275126666666665	1.4831599999999998	0.4477283333333333	0.8663553333333331	1.989444333333333	0.2285943333333333	1.3474343333333332	1.2600943333333332	1.7982136666666666	0.0492856666666666	2.537738333333333	10.525912666666668	6.876789	0.3611323333333333
3.1330379999999995	0.4388183333333333	0.9591993333333332	0.4697249999999999	3.936919666666666	8.256915666666666	1.3414883333333334	3.0704306666666663	1.24445	0.1302926666666666	0.2904009999999999	0.5537416666666666	0.1815543333333333	0.7617543333333333	0.1385276666666666	0.5497110000000001	3.0099179999999994	0.5529666666666666	2.310532	1.1728276666666666	3.357360999999999	0.9861676666666666	0.5806283333333333	1.227081	2.271386	0.4047916666666666	0.980859	1.9915896666666664	1.694912	0.4250826666666666	0.909234	2.031199333333333	0.1983623333333333	1.3197773333333334	1.285611	1.7679233333333333	0.0496263333333333	3.0209586666666666	9.734729666666668	6.363639000000001	0.358886
3.1617333333333333	0.4455086666666666	1.1088776666666669	0.4838643333333334	3.498741	7.372882666666666	1.5144556666666666	3.299233333333333	1.2418673333333332	0.1325923333333333	0.2867556666666666	0.5218979999999999	0.1660243333333333	0.7737419999999998	0.134287	0.478369	2.957129333333333	0.5720719999999999	2.3590776666666664	1.2158933333333333	3.580266333333333	1.0266196666666665	0.5981263333333334	1.2785776666666664	2.161588	0.3900926666666666	1.0069066666666666	1.9440546666666665	1.9166686666666668	0.4040009999999999	0.9505236666666664	2.0575216666666662	0.1775243333333333	1.3053136666666665	1.3284049999999998	1.7444289999999998	0.049885	3.5052566666666665	8.901773333333333	5.850787666666667	0.3568433333333333
3.2069756666666667	0.448913	1.2845313333333332	0.5035219999999999	3.1543499999999995	6.515876333333334	1.716068333333333	3.536402	1.2430226666666666	0.1346733333333333	0.2911073333333333	0.4876326666666666	0.1536086666666666	0.7802289999999998	0.1301956666666666	0.4214859999999999	2.908379333333333	0.5942553333333334	2.398222666666667	1.2513993333333335	3.8212513333333327	1.059428	0.6144266666666667	1.3330613333333332	2.057808333333333	0.3791046666666666	1.0365093333333333	1.886537	2.1496513333333334	0.3839479999999999	0.9854143333333332	2.0710486666666665	0.1641173333333333	1.300938	1.391581	1.729199	0.0503416666666666	3.964563333333333	8.037992666666666	5.340641666666667	0.3563369999999999
3.264248666666666	0.4478596666666666	1.4791323333333335	0.5294230000000001	2.885013	5.712613999999999	1.946736	3.7742326666666655	1.243927	0.136479	0.3009323333333333	0.4530893333333333	0.1437553333333333	0.7805993333333333	0.1259813333333333	0.3761196666666667	2.8638863333333333	0.6161726666666666	2.422448	1.2775119999999998	4.073729	1.0866643333333332	0.6294896666666667	1.3878343333333332	1.969417333333333	0.374383	1.067108333333333	1.821282333333333	2.398155666666667	0.364737	1.0115306666666666	2.072977	0.1572006666666666	1.2990066666666664	1.474659	1.7130226666666666	0.0512263333333333	4.374955333333333	7.156825333333334	4.837526333333333	0.358431
3.323616	0.4416646666666666	1.6848873333333332	0.5615066666666666	2.671657	4.985337	2.206993	4.003754	1.240376333333333	0.1380036666666666	0.3127253333333333	0.4200906666666667	0.135984	0.7745106666666666	0.1215746666666666	0.3399999999999999	2.8240799999999995	0.6354439999999999	2.4280893333333333	1.293806	4.327273999999999	1.110497	0.6436123333333332	1.439747	1.9034976666666668	0.3785786666666666	1.096798	1.7507939999999995	2.6663753333333333	0.3463736666666666	1.028115	2.063482666666666	0.1564096666666666	1.2908723333333334	1.576517	1.6837113333333331	0.052635	4.717792333333334	6.274486666666666	4.346879333333334	0.363612
3.3715683333333333	0.4303309999999999	1.8958516666666667	0.5992386666666667	2.4981326666666663	4.348518666666666	2.4989796666666666	4.217758	1.2298779999999998	0.139301	0.3230153333333332	0.3895199999999999	0.1299543333333333	0.762092	0.1170943333333333	0.3113143333333333	2.7899196666666666	0.6510739999999999	2.414997	1.3009563333333332	4.568722999999999	1.1326376666666664	0.6572666666666667	1.4857759999999998	1.8656506666666663	0.3943033333333333	1.1256343333333332	1.6775836666666666	2.955010333333333	0.3289543333333333	1.03591	2.041740333333333	0.1619383333333333	1.270441	1.6982253333333333	1.6329996666666666	0.0543703333333333	4.985124	5.411444333333334	3.8747046666666662	0.371249
3.397061	0.4143873333333333	2.108783	0.6431336666666666	2.35143	3.810736333333333	2.826172	4.414268333333333	1.2118473333333333	0.1404566666666666	0.3293276666666667	0.3616076666666666	0.1253913333333333	0.743874	0.1127316666666666	0.2883263333333333	2.7624250000000004	0.6628673333333333	2.3857306666666664	1.3002263333333337	4.786254333333334	1.1544983333333332	0.6709026666666666	1.5233813333333337	1.858829	0.4239409999999999	1.1549463333333332	1.6040786666666664	3.260698	0.31263	1.036364	2.0062716666666667	0.1743236666666666	1.2362243333333334	1.842386	1.557833	0.0561	5.177134000000001	4.591121666666667	3.426934333333333	0.3800863333333333
3.3985483333333333	0.3949513333333333	2.3249530000000003	0.6967380000000001	2.222995333333333	3.373739333333333	3.1935326666666666	4.601708333333333	1.1883796666666668	0.1415913333333333	0.3314689999999999	0.3360533333333332	0.122125	0.7208823333333334	0.1087083333333333	0.269177	2.742160666666667	0.6711706666666666	2.3457646666666663	1.293263	4.974182666666666	1.1773566666666666	0.6847763333333333	1.5510663333333332	1.8806906666666665	0.4694009999999999	1.1870733333333332	1.5325336666666665	3.573939666666667	0.2975656666666666	1.0312233333333332	1.95511	0.1944253333333333	1.194837	2.012672	1.462999333333333	0.0574646666666666	5.302774666666666	3.839369333333333	3.008771	0.3885379999999999
3.3830356666666668	0.3733683333333332	2.548999	0.7653133333333333	2.107276	3.033272333333333	3.606267666666666	4.793362999999999	1.16255	0.1428206666666666	0.3304876666666667	0.3126396666666666	0.1200649999999999	0.6943393333333332	0.1052136666666666	0.2522943333333333	2.7288353333333326	0.6766460000000001	2.301345	1.2814790000000005	5.133725	1.202618	0.6990823333333333	1.5686376666666666	1.924821	0.532238	1.2241413333333333	1.4652063333333332	3.881352	0.2838903333333333	1.0219646666666666	1.8869216666666664	0.223667	1.1563656666666668	2.211643333333333	1.3562396666666665	0.0582486666666666	5.374961999999999	3.1793916666666666	2.624814	0.3954473333333334
3.3675043333333337	0.3509706666666666	2.788888666666667	0.8549496666666666	2.00156	2.7770216666666663	4.068617333333333	5.003196666666666	1.137052333333333	0.1442159999999999	0.328055	0.2918633333333333	0.1192746666666666	0.6654319999999999	0.1023719999999999	0.2370043333333333	2.7204943333333333	0.6801933333333332	2.2576686666666665	1.265384	5.275724333333333	1.2322399999999998	0.714081	1.5779496666666666	1.9806683333333333	0.6136373333333334	1.266851333333333	1.4045276666666666	4.166492333333334	0.271578	1.0092049999999997	1.802480333333333	0.2645656666666666	1.1307526666666663	2.438395666666666	1.2448203333333332	0.0585796666666666	5.407458666666667	2.6252726666666666	2.278813	0.4009403333333333
3.368335333333333	0.3290033333333332	3.052442	0.9700093333333332	1.9044456666666665	2.5877483333333333	4.583065333333333	5.24145	1.1134896666666665	0.145802	0.325314	0.2746273333333333	0.1198836666666666	0.6352559999999999	0.1002803333333333	0.2232786666666666	2.713515666666667	0.6827273333333332	2.218241	1.244758	5.411550666666665	1.2691116666666666	0.7302596666666665	1.5817026666666665	2.0384296666666666	0.7143206666666666	1.3147396666666666	1.3529269999999998	4.413304333333333	0.2605153333333333	0.9927203333333332	1.7045706666666665	0.3208396666666667	1.1246336666666668	2.6910363333333334	1.136383	0.0587636666666666	5.411386333333334	2.182148333333333	1.9732486666666669	0.4059103333333332
3.3903719999999997	0.3085496666666666	3.3436960000000004	1.1099686666666666	1.8150306666666665	2.4445266666666665	5.148959	5.509145333333333	1.091365	0.1475406666666666	0.3217416666666666	0.2620266666666666	0.1220763333333333	0.6047096666666667	0.0990493333333333	0.2117126666666666	2.7021143333333333	0.684924	2.183653	1.2185853333333334	5.543921666666666	1.317900333333333	0.7485696666666667	1.5825023333333332	2.0940586666666663	0.834254	1.3661606666666668	1.312605	4.609729000000001	0.2504956666666666	0.9712149999999996	1.598906	0.397882	1.1371623333333334	2.9690456666666662	1.0403596666666668	0.0591623333333333	5.390807333333333	1.8429076666666664	1.7082443333333333	0.4116709999999999
3.428056333333333	0.2904833333333333	3.6627546666666655	1.270541666666667	1.7324906666666664	2.327328333333333	5.764240999999999	5.801385333333332	1.0690319999999998	0.1493713333333333	0.3164303333333332	0.2546703333333333	0.1259846666666666	0.5745886666666666	0.098757	0.2029763333333333	2.6808386666666664	0.6870859999999999	2.152552666666667	1.1854563333333332	5.6670723333333335	1.3846726666666669	0.770398	1.5821276666666666	2.1471983333333333	0.9727453333333332	1.419355666666667	1.285238	4.748109333333333	0.241314	0.9429743333333334	1.4944173333333333	0.5015143333333334	1.162704	3.2737393333333333	0.9669496666666666	0.0600416666666666	5.3436103333333325	1.5931270000000002	1.4819596666666666	0.4192803333333333
3.4639843333333333	0.2753919999999999	4.003988333333334	1.4435686666666665	1.6558746666666666	2.221936	6.426596666666667	6.108916999999998	1.044237	0.1512516666666666	0.3093916666666666	0.2519006666666666	0.131611	0.5456316666666667	0.099405	0.1973376666666667	2.6472536666666664	0.688858	2.1218666666666666	1.143843	5.764932	1.4771206666666663	0.7977253333333333	1.5805863333333332	2.19994	1.128274	1.473449	1.2714919999999998	4.827232333333334	0.2328389999999999	0.9064519999999996	1.405052	0.6367176666666666	1.1921579999999998	3.609155333333333	0.926041	0.0613946666666666	5.260123999999999	1.4130596666666666	1.2902223333333334	0.4287766666666666
3.481298333333333	0.2637339999999999	4.356999	1.6196886666666663	1.584455	2.120048333333333	7.133730666666666	6.424360999999999	1.0148143333333333	0.1531943333333333	0.3018059999999999	0.2524296666666666	0.1388736666666666	0.5187313333333333	0.100977	0.1946903333333333	2.601588	0.6895316666666665	2.0881616666666662	1.0925939999999998	5.822025	1.6036683333333333	0.8331966666666667	1.5771836666666663	2.252892333333333	1.2985966666666666	1.528069	1.2713869999999998	4.849839666666666	0.2251063333333333	0.8610423333333334	1.3482756666666669	0.8066766666666667	1.2183516666666665	3.979783	0.925173	0.0630753333333333	5.1274006666666665	1.2829553333333332	1.1281036666666666	0.4396906666666667
3.476157	0.2559746666666667	4.705536333333334	1.790693333333333	1.5181933333333333	2.021363666666667	7.883245333333333	6.748540333333334	0.9793853333333332	0.1553326666666666	0.2965743333333333	0.2548729999999999	0.1476716666666666	0.4951556666666666	0.1034799999999999	0.1944923333333333	2.5471963333333334	0.6882046666666667	2.048730333333333	1.031664666666667	5.834507333333333	1.7726866666666663	0.880458	1.5713396666666664	2.301244	1.4805916666666663	1.5830916666666666	1.2844656666666665	4.8218950000000005	0.2184439999999999	0.8082196666666666	1.345052	1.0109113333333333	1.2417666666666665	4.388064333333333	0.9660946666666664	0.064883	4.932336999999999	1.18797	0.9911483333333334	0.4513966666666666
3.454396333333333	0.2524123333333333	5.030711333333333	1.951433	1.457462	1.9287143333333328	8.671049	7.0853916666666645	0.937472	0.1578173333333333	0.2967273333333333	0.258343	0.157935	0.4761173333333333	0.1069099999999999	0.1960173333333333	2.488463	0.6840933333333334	2.001252	0.9623883333333334	5.806972	1.9901796666666665	0.9439026666666668	1.562996	2.339538333333333	1.6707356666666664	1.6382233333333334	1.3103096666666665	4.751136333333332	0.213261	0.7508153333333334	1.417873333333333	1.2453373333333333	1.2664003333333334	4.831682	1.0433400000000002	0.0666926666666666	4.665085333333334	1.1172846666666667	0.8755919999999999	0.463691
3.430587333333333	0.252948	5.313171333333334	2.102881	1.402855	1.8446186666666664	9.48893	7.437191666666665	0.8899330000000001	0.1607169999999999	0.3037776666666666	0.2631809999999999	0.1697073333333333	0.4622836666666666	0.1111766666666666	0.1985426666666666	2.429149333333333	0.6768763333333332	1.943545	0.8882823333333333	5.751380333333333	2.256307333333333	1.0286713333333333	1.5530266666666666	2.366693333333333	1.865482	1.6925236666666663	1.349041333333333	4.646518333333333	0.2098236666666666	0.6927646666666667	1.5893086666666665	1.5007723333333332	1.2963256666666667	5.299297999999999	1.1403246666666669	0.068577	4.323891	1.0644993333333332	0.7787076666666668	0.4773996666666666
3.418276	0.2570813333333333	5.535535666666666	2.2498106666666664	1.3547053333333332	1.770878	10.325406666666666	7.800638666666665	0.8382196666666666	0.163995	0.3171383333333333	0.2699306666666666	0.183074	0.4537553333333333	0.1161493333333333	0.2014189999999999	2.3719683333333337	0.6668483333333334	1.873678333333333	0.8139569999999998	5.679302	2.565593333333333	1.1402153333333331	1.5423333333333331	2.386572333333333	2.061495333333333	1.7442046666666666	1.4009216666666666	4.516633333333333	0.2081923333333333	0.638052	1.879445333333333	1.7652099999999995	1.3322376666666669	5.776109999999999	1.237567	0.0706746666666666	3.914847	1.025356333333333	0.6980653333333333	0.4935529999999999
3.420217333333333	0.263849	5.685746	2.399960333333333	1.3125326666666666	1.7083376666666663	11.165459	8.161591666666665	0.7838879999999999	0.1674583333333333	0.332939	0.2784006666666666	0.1981333333333333	0.449882	0.1216806666666666	0.2041693333333333	2.317880333333333	0.6553226666666666	1.7903376666666666	0.744451	5.5942713333333325	2.9049656666666666	1.283977	1.5309566666666667	2.409778666666667	2.256067333333333	1.790207333333333	1.4659806666666664	4.368022333333333	0.208087	0.5897656666666666	2.302012	2.024973333333333	1.3673966666666666	6.248498	1.320177333333333	0.0730406666666666	3.454774333333333	0.9965673333333336	0.6309843333333335	0.5125286666666666
3.4312819999999995	0.272233	5.758000666666667	2.561857333333333	1.2755093333333332	1.6575729999999995	11.993359666666665	8.503203666666666	0.7284796666666666	0.170905	0.3465556666666666	0.2875043333333333	0.2150113333333333	0.449852	0.1276926666666666	0.2065073333333333	2.266745333333333	0.644383	1.693355	0.6846236666666667	5.49315	3.2573916666666665	1.4654683333333332	1.5187613333333334	2.447508666666666	2.4473286666666665	1.8274253333333328	1.5438276666666666	4.205295333333333	0.2091269999999999	0.5503736666666666	2.8636353333333333	2.2672486666666662	1.393479	6.707196333333333	1.3805726666666664	0.0756196666666666	2.966194666666666	0.975385	0.5749333333333333	0.5338893333333332
3.439406333333333	0.2816136666666666	5.756241	2.743102333333333	1.242819	1.6193353333333331	12.795137666666664	8.813809666666666	0.6735009999999999	0.1742633333333333	0.3549863333333333	0.2950016666666666	0.2339286666666666	0.453231	0.134259	0.2084246666666666	2.217479333333333	0.636941	1.584715	0.638475	5.365829	3.6040143333333328	1.690350333333333	1.5061570000000002	2.505421333333333	2.634900333333333	1.8540416666666664	1.633438333333333	4.030418	0.2110296666666666	0.5217876666666666	3.5596933333333336	2.482857333333333	1.406516	7.151653333333333	1.4232596666666666	0.0781706666666666	2.474794	0.9596143333333332	0.5280813333333334	0.556012
3.433494333333333	0.2915796666666667	5.690527666666666	2.9493546666666663	1.2137933333333333	1.593915	13.558578333333331	9.090801	0.6208196666666665	0.1775643333333333	0.3576273333333333	0.2987043333333333	0.255158	0.459981	0.1415119999999999	0.2100346666666666	2.168331	0.6361953333333334	1.467741	0.6086666666666667	5.202822999999999	3.927298	1.9643136666666663	1.4944203333333332	2.5830959999999994	2.819431	1.870057	1.734042	3.842853	0.2136336666666666	0.5054126666666666	4.375201333333333	2.6661656666666667	1.4096969999999998	7.585545666666666	1.4576479999999998	0.0804316666666666	2.006623333333333	0.9473893333333332	0.4890756666666666	0.5772423333333332
3.411588666666667	0.301835	5.5757813333333335	3.182542333333333	1.1880523333333333	1.5802493333333334	14.273536333333332	9.347165	0.573151	0.180923	0.3577236666666667	0.2978323333333332	0.2790519999999999	0.4705649999999999	0.1495163333333333	0.2114683333333333	2.1167993333333333	0.6452046666666666	1.346709333333333	0.5955066666666666	5.0032663333333325	4.214602333333334	2.292803333333333	1.486321	2.6714086666666668	3.002533333333333	1.878359333333333	1.8462246666666664	3.6388436666666655	0.2169183333333333	0.5019116666666666	5.281022	2.816274	1.41834	8.013432666666667	1.492425	0.0822803333333333	1.5854576666666669	0.9371303333333332	0.456953	0.5970676666666666
3.379706333333333	0.3117823333333333	5.427406333333333	3.441361333333333	1.1651483333333332	1.576689	14.929543666666664	9.601810666666664	0.5334570000000001	0.1844163333333333	0.359888	0.2929569999999999	0.3060796666666666	0.4854423333333332	0.1581823333333333	0.21286	2.059981333333333	0.6665703333333333	1.2256273333333332	0.597863	4.775162999999999	4.457798333333333	2.6803676666666663	1.4857549999999995	2.7560203333333333	3.185526666666666	1.8824983333333327	1.9720136666666663	3.4145673333333333	0.2208366666666666	0.5112396666666666	6.238636	2.935154	1.4521683333333333	8.436186999999999	1.5315323333333335	0.0837723333333333	1.2296519999999995	0.9275466666666666	0.4306319999999999	0.6161856666666666
3.352863	0.3201366666666667	5.257270000000001	3.720265333333333	1.144227	1.5814413333333333	15.513445	9.871301666666666	0.5042236666666666	0.1879483333333333	0.3680623333333334	0.2863743333333333	0.3369576666666666	0.5045706666666666	0.1671066666666666	0.214369	1.9948073333333332	0.7019993333333333	1.106955666666667	0.6134886666666667	4.538255	4.654677666666666	3.1293316666666664	1.497835	2.8191546666666665	3.368075	1.8846666666666665	2.115476	3.169505	0.225119	0.5324326666666667	7.201046	3.026927	1.5286716666666669	8.845614333333332	1.5692239999999995	0.085237	0.9466646666666666	0.9177783333333334	0.4084313333333333	0.636863
3.346632333333333	0.3255703333333333	5.073055333333333	4.009968333333333	1.1242709999999998	1.591948	16.011153666666665	10.162412	0.486491	0.1913349999999999	0.3846336666666666	0.2805369999999999	0.372703	0.5276273333333332	0.1758043333333333	0.2162443333333333	1.9188676666666664	0.7528943333333333	0.9920916666666666	0.6396823333333332	4.315120333333332	4.806722	3.638800333333333	1.5284576666666665	2.845648333333333	3.5480156666666662	1.8854023333333327	2.281537333333333	2.9072953333333333	0.2293836666666666	0.5643306666666665	8.119584666666666	3.096238	1.6577846666666665	9.230323666666669	1.5967743333333333	0.0870636666666666	0.7356316666666666	0.9073583333333332	0.38861	0.6614556666666667
3.368729666666667	0.32752	4.8760993333333325	4.296313666666666	1.1043896666666666	1.6038973333333333	16.409436333333336	10.46162	0.4782953333333333	0.1943823333333333	0.4091153333333333	0.2766043333333333	0.4148119999999999	0.554224	0.183909	0.2189273333333333	1.8316156666666668	0.8208763333333333	0.8815539999999998	0.6737036666666667	4.122934	4.918477	4.202086	1.5840446666666663	2.83017	3.720551	1.88291	2.4751763333333328	2.6381653333333333	0.2332283333333333	0.606297	8.950282666666666	3.1468993333333333	1.8341596666666669	9.581060999999998	1.6086489999999998	0.089512	0.5866896666666666	0.8963046666666667	0.3699986666666666	0.6909040000000001
3.417904	0.3265579999999999	4.663483333333333	4.562833	1.0841593333333333	1.612396	16.697522	10.744272	0.47595	0.1970156666666667	0.4393279999999999	0.274541	0.4649686666666666	0.5844823333333333	0.1913606666666666	0.2227946666666666	1.734746333333333	0.9080303333333334	0.7761833333333333	0.7132103333333332	3.969907333333333	4.995049666666667	4.807644333333333	1.669901	2.7765323333333334	3.879286	1.874804666666667	2.701219666666667	2.3765446666666663	0.2365466666666666	0.6587126666666666	9.658441666666668	3.181695	2.0436493333333328	9.894614333333331	1.6056183333333331	0.0926563333333333	0.4859013333333333	0.8848066666666666	0.3523833333333333	0.7247733333333333
3.4801526666666667	0.3251393333333333	4.428514333333333	4.792544333333334	1.064107666666667	1.6130983333333333	16.869665666666666	10.980459	0.4747663333333333	0.199442	0.4720363333333333	0.2729796666666666	0.5248606666666665	0.619771	0.1986436666666666	0.227887	1.6333539999999998	1.0173493333333332	0.678314	0.756769	3.848994666666666	5.039967000000001	5.438033333333333	1.7880623333333334	2.699828	4.016682666666666	1.8596773333333332	2.964158333333333	2.140172333333333	0.2399286666666666	0.7236903333333333	10.227222333333334	3.2017213333333334	2.2669066666666664	10.179143666666665	1.599147	0.0962956666666666	0.418392	0.8729406666666667	0.3371726666666666	0.760915
3.5373056666666662	0.3261219999999999	4.16419	4.970867666666667	1.0449833333333334	1.6035826666666666	16.923785999999996	11.145754333333333	0.4706936666666666	0.2019633333333333	0.5045906666666666	0.270509	0.5961813333333332	0.6620313333333333	0.2063796666666666	0.2339533333333333	1.5337679999999998	1.152688	0.59087	0.8031839999999999	3.746653333333333	5.054491333333333	6.073126333333333	1.938117333333333	2.6167406666666664	4.125209666666667	1.8375073333333327	3.2681689999999994	1.94601	0.2442383333333333	0.8033779999999999	10.655073666666668	3.206565333333333	2.486479333333333	10.445587333333334	1.6011076666666664	0.100156	0.3712806666666666	0.8605596666666666	0.3260526666666666	0.7969539999999999
3.574373666666667	0.3314053333333333	3.866542	5.089627666666667	1.0270776666666666	1.5853336666666666	16.861573333333332	11.233523333333334	0.462101	0.2048223333333333	0.536758	0.2669563333333333	0.6807219999999999	0.7132713333333333	0.2149306666666667	0.2404536666666666	1.4416643333333332	1.3191443333333333	0.5165133333333333	0.850897	3.649607	5.036235	6.692606666666666	2.117196	2.536658333333333	4.198550333333333	1.8103976666666663	3.616757333333333	1.8058776666666667	0.2502426666666666	0.8981683333333332	10.959228333333332	3.193856	2.694205	10.699762	1.6135689999999998	0.1040929999999999	0.3370253333333333	0.8470893333333334	0.3197233333333333	0.831658
3.583712666666666	0.341595	3.5352749999999995	5.147023333333333	1.010101333333333	1.5617213333333333	16.686692333333333	11.249657333333335	0.4491163333333333	0.2081253333333333	0.5701863333333332	0.263144	0.7806616666666666	0.7752650000000001	0.2243583333333333	0.2469013333333333	1.3602696666666665	1.5229843333333335	0.457169	0.8980696666666665	3.5507589999999998	4.980961666666666	7.280649666666667	2.3218496666666666	2.4631040000000004	4.232135666666666	1.7809019999999998	4.011238333333333	1.7264793333333333	0.2584076666666667	1.0067756666666663	11.165670333333331	3.160758	2.889228666666667	10.941697333333332	1.6319129999999995	0.1081106666666666	0.3112646666666666	0.8318626666666666	0.317836	0.8647243333333333
3.5714023333333333	0.355319	3.175867666666667	5.150094999999999	0.992924	1.5365756666666668	16.40404666666667	11.211392333333333	0.4335183333333333	0.2117486666666666	0.608474	0.2608676666666666	0.8991553333333333	0.8492183333333332	0.2342803333333333	0.253223	1.287878	1.7721716666666667	0.4132756666666666	0.9426753333333332	3.456716666666667	4.883768333333333	7.832364333333333	2.549592333333333	2.394028	4.224483333333334	1.750531	4.447997333333333	1.707704333333333	0.268593	1.1258066666666666	11.302651666666666	3.105482	3.078352666666666	11.163519	1.6463303333333337	0.1124336666666666	0.2918496666666667	0.8143893333333334	0.318693	0.896737
3.550593	0.370448	2.7981826666666665	5.1108873333333324	0.9741896666666666	1.513078666666667	16.019440333333332	11.137916	0.4175646666666667	0.2154859999999999	0.6555009999999999	0.2617176666666667	1.0409193333333333	0.9360483333333331	0.2441996666666666	0.259609	1.2210003333333332	2.07629	0.384297	0.9831763333333332	3.381357	4.740621999999999	8.350619	2.798824	2.3286296666666666	4.176787	1.7199389999999997	4.918512999999999	1.7464106666666666	0.2803956666666666	1.2511813333333333	11.393968333333332	3.029263	3.270492	11.354761333333334	1.646866333333333	0.1173106666666666	0.27764	0.7944736666666666	0.3202923333333333	0.9280793333333334
3.53703	0.3850303333333333	2.416810333333333	5.044431999999999	0.9528613333333332	1.492654	15.539842333333334	11.042310333333331	0.4030493333333333	0.2191833333333333	0.7139333333333333	0.2658303333333333	1.2135383333333332	1.0365043333333332	0.2537566666666667	0.2664203333333333	1.1571186666666666	2.44715	0.3688276666666666	1.0194436666666666	3.341448	4.550415666666667	8.845592666666667	3.0688956666666662	2.2741236666666667	4.093663666666666	1.6889636666666663	5.407412666666666	1.8389826666666664	0.2933663333333333	1.3793193333333331	11.450905666666667	2.9397516666666665	3.4720726666666666	11.506908333333334	1.628242	0.1228433333333333	0.2679836666666666	0.7723753333333335	0.3212533333333333	0.9577956666666668
3.54227	0.3975523333333333	2.0475473333333327	4.964179	0.928289	1.4764723333333334	14.973336999999995	10.931622333333332	0.3909616666666666	0.2227636666666666	0.7852026666666666	0.272366	1.4269549999999998	1.1510619999999998	0.2627643333333333	0.2739946666666666	1.096545	2.8975253333333333	0.3651833333333333	1.0527743333333333	3.349774	4.316046333333333	9.329229666666668	3.359124	2.240862	3.981681	1.657498333333333	5.895703333333333	1.9830156666666667	0.3071716666666667	1.5077589999999998	11.47409	2.850697	3.685555	11.616455333333333	1.5901146666666666	0.1289819999999999	0.262461	0.7486293333333334	0.3207416666666667	0.984132
3.5657686666666666	0.4073	1.7043989999999998	4.876899999999999	0.9003993333333333	1.4668066666666664	14.329585000000002	10.805619333333333	0.3809623333333333	0.2262873333333333	0.8691736666666665	0.2797363333333333	1.6939946666666663	1.279604	0.2712603333333333	0.282458	1.044984	3.4399126666666664	0.3718386666666666	1.086509	3.407086	4.047391	9.810223333333331	3.667813	2.2376923333333334	3.848705333333333	1.6263939999999997	6.362710333333332	2.1793676666666664	0.3217393333333334	1.6360986666666666	11.451365666666666	2.783799333333333	3.9069206666666663	11.689502333333332	1.538992333333333	0.1355053333333333	0.2608136666666666	0.723924	0.318542	1.0049116666666666
3.599256	0.4141036666666666	1.3985593333333333	4.783496999999999	0.869504	1.4662596666666667	13.619493333333333	10.663381	0.372274	0.2298733333333333	0.965173	0.2867626666666666	2.029509	1.4213639999999998	0.2793799999999999	0.291987	1.0099226666666663	4.0831833333333325	0.3877906666666667	1.1256536666666666	3.5056916666666664	3.7601906666666665	10.29025	3.992537333333333	2.268031	3.702517666666666	1.5974533333333332	6.789812999999999	2.4322786666666665	0.3372216666666666	1.764916	11.364466333333333	2.7632250000000003	4.129785999999999	11.737183666666663	1.484549	0.1422139999999999	0.2628173333333333	0.699036	0.314783	1.018614
3.628780333333333	0.418356	1.1363446666666666	4.677790666666666	0.8362816666666667	1.4766956666666666	12.855405666666666	10.509548666666666	0.3644826666666667	0.2336666666666666	1.072727	0.2938706666666666	2.450077	1.5745779999999998	0.2872583333333333	0.303063	0.9973026666666668	4.827334	0.4131556666666666	1.1771773333333333	3.630421	3.477322333333333	10.757655000000002	4.330124	2.324232	3.5494673333333324	1.5737026666666667	7.1648473333333325	2.750847	0.3540086666666666	1.8950556666666665	11.193162999999998	2.8105606666666665	4.348717	11.772517999999998	1.4370536666666665	0.1491519999999999	0.2681673333333333	0.6747516666666666	0.3098806666666666	1.0256246666666666
3.641422666666666	0.4210706666666667	0.919933	4.550920666666666	0.8017033333333333	1.4976766666666663	12.050563333333333	10.353140333333332	0.3578539999999999	0.2377979999999999	1.1910353333333332	0.3022646666666667	2.9702873333333333	1.7368509999999997	0.2950993333333333	0.3162893333333333	1.008928	5.6631616666666655	0.4493826666666666	1.248878	3.766114999999999	3.2245573333333324	11.192649333333334	4.676462333333333	2.3930286666666665	3.3943886666666665	1.558444333333333	7.480857666666665	3.146882	0.3727246666666667	2.027185333333333	10.91984833333333	2.9401486666666665	4.560684	11.805065	1.404151333333333	0.1564846666666666	0.2764683333333333	0.65184	0.3046596666666666	1.0273123333333334
3.632330666666667	0.4241716666666667	0.74642	4.394654666666666	0.7670623333333333	1.5241463333333334	11.218934666666666	10.207236	0.3538123333333333	0.242375	1.3180856666666667	0.313192	3.5976786666666665	1.905206333333333	0.3032496666666667	0.3321916666666666	1.0387326666666667	6.568062333333333	0.5000073333333334	1.348369	3.905097333333333	3.027321333333333	11.569465333333335	5.025798333333333	2.459168666666667	3.239935333333333	1.5543183333333332	7.736731333333332	3.6334783333333336	0.3942423333333333	2.1612626666666666	10.535308	3.1513606666666663	4.766874	11.83451233333333	1.386875	0.1644173333333333	0.287168	0.6309453333333334	0.300629	1.0253236666666667
3.6048626666666665	0.4297403333333333	0.6103653333333334	4.203430666666667	0.73356	1.5497723333333333	10.374745	10.083519666666666	0.35378	0.2474469999999999	1.4499399999999998	0.3270726666666667	4.3310493333333335	2.0761186666666664	0.31205	0.3510333333333333	1.077872333333333	7.510255333333333	0.5699513333333333	1.4810286666666668	4.048010333333333	2.906836333333333	11.861216666666667	5.370814	2.509901333333333	3.087285	1.5624783333333334	7.934205333333332	4.220547333333333	0.4194113333333333	2.295956	10.040520666666664	3.431245	4.969000666666666	11.854209	1.382003	0.1730313333333333	0.299577	0.6125783333333333	0.299334	1.0205783333333334
3.573097333333333	0.439255	0.5052186666666667	3.977184333333333	0.7018479999999999	1.569894	9.532099000000002	9.98637433333333	0.3580056666666666	0.2529856666666666	1.5793683333333333	0.342406	5.155027	2.245295333333333	0.321654	0.3725449999999999	1.1190626666666663	8.449489999999999	0.6654293333333333	1.646883	4.206972333333333	2.87446	12.044279	5.702203	2.540121333333333	2.936214666666667	1.581259	8.076234999999999	4.908723999999999	0.4487326666666666	2.427604333333333	9.452861333333331	3.752564	5.165581666666666	11.853049	1.383372333333333	0.1821009999999999	0.3128293333333333	0.5969933333333334	0.3016903333333333	1.012123
3.5525186666666664	0.4534679999999999	0.4244523333333334	3.719683	0.6721959999999998	1.5819386666666666	8.704968000000001	9.914682333333332	0.3655166666666667	0.2589289999999999	1.697976333333333	0.3572463333333334	6.0439446666666665	2.408247	0.3320963333333333	0.3962443333333333	1.1585576666666666	9.344746999999998	0.7934426666666665	1.8412253333333333	4.395865	2.9320993333333334	12.101316666666667	6.010613333333333	2.5508416666666665	2.786116	1.6076316666666666	8.165859999999999	5.689232666666667	0.4825153333333333	2.551697666666666	8.801748333333332	4.083129	5.351532333333333	11.823127666666664	1.3873919999999995	0.1913293333333333	0.3261196666666666	0.5843816666666667	0.3079763333333333	0.9983903333333334
3.55098	0.4719993333333332	0.3625453333333333	3.4383996666666663	0.6445266666666666	1.5862676666666666	7.906937333333333	9.861988666666663	0.3738346666666667	0.2652573333333333	1.7980683333333334	0.3705713333333333	6.961600333333332	2.560854333333333	0.34331	0.4216996666666666	1.1990443333333334	10.161595666666669	0.9616993333333332	2.0533666666666663	4.620936	3.068792	12.026958	6.288613000000001	2.549983	2.6367959999999995	1.638211	8.205392	6.540001666666667	0.5209653333333333	2.664173666666666	8.129103666666667	4.3930973333333325	5.516811	11.768246666666665	1.399244333333333	0.2005676666666666	0.3389453333333333	0.5749829999999999	0.3176493333333333	0.9783413333333332
3.567446333333333	0.4937809999999999	0.3149936666666666	3.1430536666666664	0.618769	1.584231333333333	7.150295999999999	9.820816666666666	0.3805256666666666	0.2720226666666666	1.8740396666666668	0.382632	7.868374333333334	2.6999863333333334	0.3553123333333333	0.4487713333333333	1.2460966666666666	10.87335	1.1783183333333334	2.2695799999999995	4.878971666666667	3.2656443333333334	11.825257	6.530511333333333	2.549499	2.488815666666666	1.67034	8.196802333333334	7.430964	0.564576	2.7625986666666664	7.480946666666666	4.658499666666666	5.650519666666667	11.699041333333332	1.4285286666666668	0.2098676666666666	0.3510153333333333	0.5690083333333333	0.3299013333333333	0.9520326666666666
3.588580666666666	0.5171843333333332	0.2787043333333333	2.845228	0.595136	1.5766386666666667	6.444387	9.786735666666669	0.3848696666666666	0.2794073333333333	1.924556333333333	0.3955386666666666	8.726854333333332	2.8244229999999995	0.3683619999999999	0.4779519999999999	1.305546	11.465226666666666	1.451227	2.474847333333333	5.153076	3.497505333333333	11.511144333333334	6.732863999999999	2.5638226666666664	2.344030333333333	1.703305	8.141872999999999	8.326112666666667	0.614537	2.847800666666666	6.900464333333333	4.866730333333333	5.745042999999999	11.629658333333332	1.4855673333333332	0.2195649999999999	0.3621989999999999	0.566508	0.3440763333333333	0.9214266666666666
3.600068666666666	0.540177	0.25143	2.5571113333333337	0.5737933333333333	1.5640123333333331	5.795982333333333	9.760499	0.387605	0.2875433333333334	1.9516243333333332	0.4115263333333333	9.504933333333334	2.933821	0.3827043333333333	0.5102993333333333	1.3809306666666663	11.931506666666667	1.784285	2.65564	5.424272666666665	3.738127333333333	11.106081000000003	6.894229666666666	2.6040566666666667	2.204823	1.7375046666666667	8.041243	9.188849	0.6721313333333333	2.9219216666666665	6.422243333333332	5.014008333333333	5.798494333333333	11.569774999999998	1.574233	0.2300123333333333	0.3724743333333333	0.5674520000000001	0.3593976666666666	0.8889269999999999
3.597704666666667	0.5603436666666666	0.231628	2.2904496666666665	0.5544899999999999	1.5470076666666666	5.208591333333334	9.751688666666666	0.3911456666666666	0.2963406666666666	1.9608353333333333	0.4311953333333333	10.180869	3.02799	0.398271	0.5475553333333333	1.4705843333333333	12.276493	2.1714626666666668	2.803156333333333	5.682473333333333	3.964823	10.636658	7.015847666666666	2.670862333333333	2.073554333333333	1.7739086666666668	7.892949	9.986851333333334	0.7381476666666666	2.986974	6.062916666666667	5.106263666666667	5.8189573333333335	11.515535999999996	1.6830323333333337	0.2412969999999999	0.381884	0.5717503333333334	0.374656	0.8560286666666667
3.586238	0.5754783333333332	0.2183106666666666	2.055451	0.5368029999999999	1.527502	4.684181333333332	9.772099666666668	0.3980166666666667	0.3055759999999999	1.9585996666666667	0.4536563333333333	10.741498333333332	3.106591666666666	0.4148553333333333	0.5917743333333333	1.571215	12.508716666666665	2.598901	2.912694333333333	5.926017666666667	4.160593333333333	10.130357666666669	7.100573666666666	2.757311333333334	1.952403	1.812936	7.693720666666666	10.693170666666669	0.8132726666666666	3.0448219999999995	5.823305333333334	5.153236	5.818338333333332	11.456629666666664	1.794669	0.2532683333333332	0.3905039999999999	0.5792496666666667	0.3886476666666666	0.8231086666666667
3.5802976666666666	0.584364	0.2111893333333333	1.8588386666666663	0.5203753333333333	1.5100129999999998	4.224078	9.829606333333333	0.4094063333333333	0.3149806666666667	1.949652	0.476287	11.184068333333332	3.1689506666666665	0.4322496666666666	0.6450886666666665	1.681152	12.637179333333332	3.0441613333333333	2.9846200000000005	6.1630226666666665	4.318438333333333	9.611552	7.152506666666667	2.849539666666667	1.843183333333333	1.8532076666666668	7.440095999999999	11.289648666666666	0.8986073333333333	3.097450666666666	5.6842440000000005	5.164436666666667	5.807346	11.381555666666666	1.8939953333333333	0.265494	0.3983719999999999	0.5896573333333334	0.4007416666666666	0.7889916666666666
3.5942706666666666	0.5870586666666666	0.2102723333333333	1.7033103333333333	0.50527	1.4998033333333332	3.829125	9.925919666666667	0.4251296666666667	0.3244089999999999	1.9362010000000005	0.4963736666666666	11.512306999999998	3.2146426666666663	0.4505866666666666	0.7097043333333333	1.801248	12.669442999999998	3.482085	3.0226856666666664	6.401171	4.438004666666666	9.098094333333334	7.176063999999999	2.934638	1.7473076666666665	1.8924383333333328	7.131065	11.766601666666666	0.9966186666666664	3.1480926666666664	5.616151	5.147762666666666	5.792312666666667	11.281856333333332	1.970751	0.277539	0.4054359999999999	0.602519	0.41128	0.7524123333333335
3.632037333333334	0.5856196666666666	0.2156126666666666	1.5853116666666665	0.4924293333333334	1.5009373333333331	3.499400666666667	10.052572666666666	0.443252	0.3340603333333333	1.916276	0.512697	11.735305666666664	3.244171333333333	0.4707503333333332	0.7879983333333332	1.936212	12.609441333333333	3.8896496666666662	3.033736333333333	6.637374333333334	4.524915333333333	8.595322333333334	7.175185999999999	3.0085373333333334	1.665538	1.9280596666666667	6.771780666666666	12.126052666666668	1.1126543333333332	3.202749333333333	5.584211666666667	5.10774	5.770870666666667	11.156730666666665	2.023426	0.2892303333333332	0.4114256666666667	0.6171	0.4222876666666667	0.7134666666666667
3.687923	0.5826279999999999	0.22721	1.4977399999999998	0.4830436666666666	1.5147266666666668	3.2342216666666674	10.196659666666667	0.4612053333333333	0.3442573333333333	1.8858883333333336	0.5251666666666666	11.863160333333331	3.258398333333333	0.4939729999999999	0.8827023333333333	2.090476	12.457435666666663	4.249073	3.0250743333333334	6.859691	4.586868666666666	8.099974333333334	7.152717666666666	3.0728086666666665	1.597932	1.9578726666666668	6.372443333333334	12.376017	1.2542183333333332	3.268294333333333	5.555176	5.045170333333333	5.736387333333333	11.008995999999998	2.055219333333333	0.3005889999999999	0.4158996666666666	0.632525	0.4361966666666666	0.6732919999999999
3.745451000000001	0.5799216666666666	0.2449583333333333	1.4312623333333332	0.4779559999999999	1.537194333333333	3.031858333333333	10.345436666666668	0.476728	0.3552816666666666	1.840523666666667	0.5347716666666666	11.903201333333334	3.2580616666666664	0.521503	0.9973266666666666	2.263773	12.208571333333332	4.552683	3.002066	7.047483	4.630956333333333	7.600891333333334	7.109473333333334	3.1327466666666663	1.543444	1.9807373333333336	5.949018333333331	12.527221666666666	1.431094	3.3505933333333333	5.504205333333332	4.955226666666666	5.681236333333333	10.842249999999998	2.0719386666666666	0.3118096666666666	0.418214	0.647849	0.4546953333333333	0.6340136666666667
3.7899093333333336	0.578372	0.2687299999999999	1.3768863333333334	0.4775473333333334	1.5616306666666664	2.890458	10.491755	0.4884193333333333	0.3672673333333333	1.7768890000000002	0.5426186666666666	11.85902	3.2436276666666664	0.5544216666666666	1.1365216666666664	2.4514366666666665	11.855548999999998	4.799181333333333	2.967894333333333	7.1837383333333324	4.662929666666666	7.084784333333333	7.045749	3.1916826666666664	1.5000886666666668	1.996218	5.519760666666666	12.589302	1.6544353333333333	3.4528086666666664	5.414156666666667	4.829430666666666	5.6014453333333325	10.659744666666665	2.080302	0.323091	0.4178119999999999	0.6623086666666667	0.478537	0.5976523333333333
3.821406	0.577442	0.2984686666666666	1.3284826666666667	0.481507	1.58024	2.808866	10.641139	0.4965713333333333	0.3800946666666667	1.6949406666666669	0.5491443333333333	11.728139666666667	3.215184666666666	0.5934523333333334	1.3068459999999995	2.6434236666666666	11.390601000000002	4.992501666666667	2.92253	7.268520333333334	4.686153666666667	6.541265666666667	6.962693333333332	3.2450963333333327	1.464738333333333	2.004388333333333	5.102614	12.566905	1.936614	3.5728016666666664	5.277775333333333	4.656343333333333	5.502310333333333	10.463444999999998	2.0869063333333333	0.3344866666666666	0.4145116666666666	0.6756123333333333	0.5071443333333333	0.5650696666666667
3.849965	0.5760913333333333	0.334059	1.2827259999999998	0.489454	1.586546	2.7862083333333336	10.80518	0.5023826666666666	0.3936046666666666	1.596489	0.5544826666666667	11.503675666666668	3.173365333333334	0.6394466666666666	1.5154653333333332	2.8284496666666668	10.809056	5.139344	2.863649666666667	7.3121296666666655	4.701896333333334	5.966647	6.862725999999999	3.285148	1.4338676666666663	2.005168333333333	4.713100666666667	12.46	2.291388	3.7059413333333326	5.094017666666667	4.424912666666667	5.393774	10.254244666666663	2.0967906666666667	0.3459646666666666	0.4084419999999999	0.6877759999999999	0.5396246666666666	0.536354
3.8930906666666663	0.5734586666666668	0.3751463333333333	1.239885	0.501501	1.5781533333333333	2.821393333333333	10.996486666666666	0.507474	0.4078256666666666	1.484457	0.5588683333333334	11.174475666666668	3.120513666666666	0.693943	1.7688539999999997	2.9978546666666666	10.114392	5.248198333333332	2.78657	7.330912666666666	4.708734000000001	5.370091333333333	6.750238666666666	3.304938666666666	1.4041369999999995	1.9975953333333327	4.361359666666666	12.262530666666668	2.7343506666666664	3.8472356666666654	4.867343333333333	4.128264	5.286889333333333	10.031779666666663	2.1114533333333334	0.3574659999999999	0.4000406666666666	0.6990313333333333	0.5756466666666666	0.5110526666666666
3.966318	0.5687466666666666	0.4209583333333333	1.2014503333333333	0.5180093333333333	1.5560066666666663	2.912367	11.222126	0.513149	0.4229743333333333	1.362128666666667	0.5629796666666667	10.729783333333334	3.060204	0.759161	2.071096333333333	3.1475380000000004	9.318377	5.327581666666665	2.685510666666666	7.337996333333332	4.703586	4.768032333333334	6.6302286666666665	3.304053	1.3725189999999998	1.9802493333333333	4.053423333333333	11.965561	3.2791946666666667	3.9940833333333328	4.605753666666667	3.7655856666666665	5.188365666666667	9.795303666666666	2.129820333333333	0.3689983333333333	0.3898	0.7095309999999999	0.6152610000000001	0.4888806666666667
4.073633	0.5610983333333333	0.4699716666666665	1.168252333333333	0.5393856666666667	1.5247689999999996	3.054919	11.475590333333336	0.519603	0.4395166666666666	1.2328030000000003	0.5684373333333332	10.164426	2.997146666666666	0.8382299999999999	2.421148333333333	3.281378	8.444681	5.384378666666667	2.5545056666666666	7.333706666666666	4.6820450000000005	4.181300666666666	6.507095333333332	3.2960423333333333	1.3365109999999998	1.9515626666666663	3.790788333333333	11.559506333333331	3.932626	4.149889999999999	4.320632333333333	3.346649333333333	5.093906333333333	9.544453666666666	2.1483863333333333	0.3807553333333333	0.3780403333333333	0.7190323333333332	0.6588186666666667	0.4704503333333333
4.211891333333333	0.549765	0.5202393333333333	1.1400663333333334	0.5660276666666667	1.4904176666666666	3.242995333333333	11.743448	0.5263066666666667	0.4580236666666666	1.100504666666667	0.5771273333333332	9.481094666666666	2.9363296666666665	0.9347383333333332	2.813825	3.407163666666667	7.525136666666667	5.423536333333333	2.3892456666666666	7.311851999999998	4.639499	3.630772333333333	6.384472999999999	3.300386333333333	1.2939686666666663	1.910710666666667	3.57209	11.037862666666664	4.692781333333333	4.322659333333332	4.024350666666667	2.889422333333333	4.99346	9.280117666666666	2.163317333333333	0.3929933333333333	0.3650199999999999	0.7271239999999999	0.7068056666666667	0.4567243333333333
4.373002666666666	0.5344343333333333	0.5695686666666666	1.114977	0.5983213333333334	1.4583933333333334	3.468257	12.009962333333334	0.5322293333333333	0.4791009999999999	0.971017	0.5905779999999999	8.695881	2.882305	1.0524883333333332	3.2391503333333334	3.533794	6.599125	5.446999666666666	2.189728666666667	7.264086	4.5723416666666665	3.133287666666667	6.264777	3.3358396666666668	1.2431436666666664	1.8586953333333331	3.3933516666666663	10.402420333333332	5.5439636666666665	4.525223666666666	3.7282993333333327	2.4207886666666663	4.874974666666667	9.005499333333333	2.172204	0.4059186666666666	0.3510323333333333	0.7334013333333332	0.7598609999999999	0.4485006666666666
4.547136999999999	0.5156093333333333	0.615868	1.0902816666666666	0.6369469999999999	1.4330520000000002	3.720862333333333	12.262398333333332	0.5367753333333333	0.5034086666666666	0.8508863333333334	0.6093076666666666	7.834820666666666	2.83916	1.195285333333333	3.684853666666666	3.667917333333333	5.706479666666668	5.454681333333332	1.9601266666666664	7.182910666666666	4.479809333333333	2.700077333333333	6.149461666666666	3.413885333333333	1.1828123333333334	1.797667333333333	3.249329333333333	9.663562666666666	6.459920333333333	4.771971	3.441659	1.9696186666666664	4.730037333333333	8.723615	2.172897333333333	0.419525	0.3363996666666666	0.7375303333333332	0.8190843333333334	0.4457696666666667
4.724853666666666	0.495275	0.657525	1.0631076666666668	0.6832583333333333	1.4167713333333334	3.989654666666666	12.497041333333334	0.5408216666666666	0.5317493333333334	0.7465076666666668	0.6318706666666667	6.934327333333333	2.8102633333333333	1.366612	4.137866	3.809915666666667	4.880562	5.444389999999999	1.7103056666666667	7.064386666666667	4.366999333333333	2.3331506666666666	6.038865333333333	3.529939666666666	1.112681	1.7305446666666664	3.134130333333333	8.84404	7.402932666666667	5.075691666666666	3.1694306666666665	1.5606573333333331	4.560536999999999	8.434655	2.162557666666667	0.4333816666666666	0.32145	0.7393083333333332	0.8865226666666666	0.4468303333333333
4.898549666666666	0.4758629999999999	0.693507	1.0310303333333333	0.7386919999999999	1.410457	4.263289333333334	12.716529	0.545962	0.565022	0.662609	0.6556676666666668	6.034050333333334	2.7978816666666666	1.5684946666666666	4.585996	3.955520333333333	4.147037	5.411771	1.4532840000000002	6.906928999999999	4.242907	2.0288996666666668	5.9331386666666655	3.670082	1.033233	1.6600616666666663	3.041678333333333	7.974055999999999	8.331303333333333	5.442483	2.913982333333333	1.2125499999999998	4.374851333333333	8.137139333333332	2.1397803333333334	0.4468166666666666	0.3064873333333333	0.7386113333333331	0.9642866666666664	0.449061
5.064750666666666	0.4593406666666666	0.723667	0.9928303333333334	0.8041330000000001	1.413327	4.531336666666666	12.929331333333332	0.5538806666666667	0.6042679999999999	0.6000793333333334	0.6775196666666667	5.171095000000001	2.802306	1.799643333333333	5.019674666666667	4.095845666666667	3.5195766666666657	5.349553333333333	1.203858	6.711164	4.119832	1.7794666666666663	5.832853	3.8147186666666655	0.9459273333333332	1.5878	2.9660960000000003	7.089308666666667	9.205169666666666	5.863837666666666	2.675556333333333	0.9336173333333332	4.186096	7.828864	2.107615	0.459055	0.29174	0.735341	1.0536599999999998	0.4495096666666666
5.2246543333333335	0.4468403333333333	0.7483656666666665	0.9482273333333334	0.8797726666666666	1.4232979999999995	4.784708333333333	13.145293666666667	0.565699	0.6507263333333333	0.5569746666666666	0.6952473333333333	4.37691	2.822377	2.0558413333333334	5.430542333333333	4.220936666666667	3.0021813333333327	5.251399	0.975582	6.480359666666666	4.010291666666666	1.575343333333333	5.737776	3.945657999999999	0.8530436666666666	1.51482	2.9026926666666664	6.225563	9.989694	6.320539666666667	2.4534733333333336	0.7239223333333333	4.007072	7.509772333333333	2.073100333333333	0.4695176666666666	0.2772796666666666	0.7292933333333332	1.1549923333333334	0.4461123333333333
5.386644666666666	0.438081	0.7682983333333333	0.8980096666666665	0.9647213333333332	1.4367696666666667	5.0166293333333325	13.371689666666668	0.581123	0.7060409999999999	0.5286066666666667	0.709642	3.672057333333333	2.8554893333333333	2.32918	5.810430666666666	4.322884666666667	2.587448666666667	5.116333	0.7773599999999999	6.222245666666667	3.923949	1.4070569999999998	5.64518	4.053353	0.7578653333333334	1.4421216666666663	2.849388	5.413454	10.660286	6.782667333333334	2.2468156666666665	0.574111	3.845412666666667	7.185361333333335	2.04763	0.4781963333333333	0.2629063333333333	0.720015	1.2673309999999998	0.439239
5.563592333333333	0.432354	0.7842516666666666	0.8436133333333332	1.0576363333333332	1.449879	5.221906	13.610857666666666	0.5991416666666666	0.772253	0.509996	0.7234103333333333	3.068122	2.8985993333333333	2.609799666666666	6.151173999999999	4.397147666666667	2.262566333333333	4.948584	0.614204	5.947684	3.8662696666666663	1.266212	5.550915666666667	4.136031666666666	0.6641283333333333	1.371004	2.8057203333333334	4.677901	11.202501666666668	7.2172546666666655	2.054949666666667	0.4711379999999999	3.7042633333333335	6.863160333333333	2.039779	0.4854289999999999	0.2483666666666666	0.7070746666666664	1.3892513333333332	0.4307406666666666
5.771691666666666	0.4293156666666666	0.7969249999999999	0.7870666666666666	1.157125	1.4596246666666666	5.396886333333333	13.856124333333332	0.618482	0.8520536666666666	0.4981609999999999	0.7407183333333334	2.5658289999999995	2.9489523333333327	2.8868313333333333	6.44469	4.444898666666666	2.012822666666666	4.759183999999999	0.4864616666666667	5.670319	3.835657	1.1468879999999997	5.4501083333333336	4.201288333333333	0.5755856666666667	1.3033236666666663	2.772333	4.035019666666667	11.616066	7.594638666666666	1.8780936666666663	0.4023253333333333	3.581669	6.549530333333333	2.046935333333333	0.4917863333333333	0.2335786666666666	0.690398	1.519448333333333	0.423448
6.025762666666667	0.428824	0.8068943333333333	0.7307319999999999	1.2617493333333332	1.4643316666666664	5.538722	14.095665	0.6384356666666666	0.9489203333333334	0.4919243333333333	0.7652603333333333	2.159031	3.003713333333333	3.14989	6.684059	4.469880333333333	1.824045	4.562272999999999	0.3913166666666666	5.402413666666666	3.826554	1.0449786666666665	5.339163	4.259433666666666	0.4954543333333333	1.240469	2.749693	3.492382666666667	11.908306333333332	7.891469666666666	1.7169676666666664	0.3568213333333332	3.474403	6.247634666666666	2.058440666666667	0.497712	0.218739	0.670341	1.6565286666666663	0.4196516666666666
6.334111999999999	0.4307726666666667	0.8144913333333332	0.6772509999999999	1.369912	1.464484	5.645045	14.314359333333332	0.6598056666666666	1.06772	0.492223	0.7983023333333333	1.835596	3.0594943333333333	3.390677	6.8651523333333335	4.476122999999999	1.6848626666666664	4.372401333333333	0.322883	5.150096666666666	3.8309856666666655	0.9583019999999998	5.218157	4.31802	0.4255989999999999	1.182103	2.736858	3.045557	12.090757333333332	8.095990333333333	1.5726050000000005	0.3274539999999999	3.3810476666666665	5.9547376666666665	2.056890666666667	0.5031596666666666	0.204505	0.6479223333333334	1.798671333333333	0.419524
6.699928	0.4349936666666666	0.8196559999999999	0.6291763333333333	1.4797399999999998	1.461558	5.713544333333332	14.496345666666665	0.6844283333333333	1.2147426666666663	0.5005166666666666	0.839606	1.5810516666666663	3.112398333333333	3.602902333333333	6.9862416666666665	4.466136666666666	1.5865716666666665	4.201103999999999	0.2743663333333333	4.914156999999999	3.840585	0.8855759999999999	5.089819333333333	4.380841666666667	0.366728	1.1270566666666666	2.732425	2.683282333333333	12.17501	8.204960333333332	1.4457746666666669	0.3098596666666666	3.3010466666666667	5.667551333333333	2.0289856666666664	0.5078213333333333	0.1917183333333333	0.6243546666666666	1.9436266666666664	0.4220903333333332
7.120940333333333	0.4411926666666666	0.8215706666666666	0.5885463333333332	1.5888713333333333	1.4571816666666668	5.741625666666666	14.627023333333332	0.714904	1.3985076666666667	0.5173883333333333	0.88794	1.3809763333333334	3.158036333333333	3.783048	7.048389666666667	4.438862	1.52399	4.052533	0.2397456666666667	4.689141333333334	3.8481163333333326	0.8258643333333333	4.959158	4.44603	0.31812	1.0739903333333332	2.7354176666666667	2.389849666666666	12.169000333333331	8.224184333333332	1.3363073333333335	0.3026989999999999	3.2338046666666664	5.387458666666666	1.977736	0.5113023333333333	0.1811616666666666	0.600672	2.0885656666666663	0.4259053333333333
7.592812666666665	0.4492726666666666	0.8188399999999999	0.5564793333333333	1.6948413333333332	1.4525993333333334	5.726472333333333	14.694031333333331	0.7533636666666667	1.6298086666666665	0.542116	0.9420623333333332	1.222227	3.1924716666666666	3.9299403333333327	7.053165666666666	4.391885333333333	1.4936003333333332	3.926837333333333	0.2142113333333333	4.467871999999999	3.847037	0.7780123333333333	4.830347	4.509345	0.2783896666666666	1.0220923333333334	2.7459116666666663	2.149419333333333	12.076633666666666	8.164855333333332	1.243133	0.3056683333333333	3.178357	5.119513333333334	1.9167746666666663	0.513309	0.173295	0.5774683333333333	2.2304076666666663	0.4298056666666667
8.111390333333333	0.4597499999999999	0.8094773333333333	0.5324386666666667	1.795445	1.4481163333333336	5.665182333333333	14.689129333333334	0.8000233333333332	1.922561	0.5718283333333334	1.0015703333333337	1.094466333333333	3.213402	4.045330666666667	7.000593333333333	4.323412666666666	1.4925596666666667	3.821919333333333	0.1949196666666666	4.245350999999999	3.8312076666666655	0.7401083333333333	4.703318333333333	4.566391333333333	0.245934	0.971887	2.765967333333333	1.949855333333333	11.895883	8.042433999999998	1.1640353333333333	0.3180973333333333	3.133160666666667	4.872119	1.8674966666666664	0.513868	0.1678753333333333	0.5545446666666667	2.366028	0.4336549999999999
8.672855666666667	0.4734776666666666	0.7917116666666667	0.5149706666666667	1.8887796666666663	1.4437989999999998	5.5558413333333325	14.607691333333332	0.8538583333333333	2.290945	0.6025243333333332	1.066507	0.9894586666666668	3.219594666666666	4.132461999999999	6.889267333333334	4.2340306666666665	1.5185069999999998	3.734371666666666	0.1803053333333333	4.020221	3.794629333333333	0.7097609999999999	4.575097333333333	4.612773333333333	0.2192596666666666	0.924739	2.798858	1.7822813333333334	11.620654333333334	7.873213999999999	1.0965676666666666	0.3389533333333333	3.0972406666666665	4.652591666666666	1.8487123333333333	0.5131903333333334	0.1642166666666666	0.5312709999999999	2.492185	0.4377883333333333
9.273464666666666	0.4914453333333333	0.7649163333333332	0.5021406666666666	1.973393	1.4401056666666665	5.399106	14.449773333333331	0.912833	2.746337333333333	0.6297240000000001	1.137011	0.9012446666666666	3.210723	4.1952316666666665	6.716352333333333	4.129086	1.569931	3.659385333333333	0.1698593333333333	3.797236333333333	3.731456666666666	0.684309	4.4404113333333335	4.644075666666666	0.1972453333333333	0.8825873333333333	2.8486833333333337	1.6416026666666663	11.241155666666666	7.671176666666668	1.038883	0.3669186666666666	3.071581333333333	4.462430333333334	1.8656866666666667	0.5115966666666666	0.1613106666666666	0.506868	2.605363333333333	0.4425556666666667
9.907837333333331	0.5143066666666666	0.7296793333333333	0.4920556666666666	2.0481536666666664	1.4379079999999995	5.197752	14.218777333333332	0.974788	3.295446	0.6497456666666667	1.2126886666666667	0.8254166666666666	3.186628	4.237113333333332	6.480449999999999	4.015697333333333	1.6466659999999995	3.591059	0.1633166666666666	3.583409333333333	3.636938	0.6615223333333332	4.295173333333333	4.656985333333333	0.1789953333333333	0.8471556666666665	2.9195330000000004	1.5239583333333333	10.748013333333336	7.445516999999999	0.9897546666666668	0.4008423333333333	3.058205666666667	4.299583	1.9135613333333328	0.509363	0.158273	0.4808233333333333	2.70176	0.4478896666666666
10.566375999999998	0.5418563333333333	0.6883103333333334	0.4833706666666666	2.1123073333333333	1.4384623333333333	4.957115	13.921592999999998	1.0381486666666666	3.936410333333333	0.6612453333333332	1.291818666666667	0.7591773333333333	3.146848333333333	4.259985333333333	6.185201666666667	3.90004	1.7510696666666663	3.522183333333333	0.1600276666666666	3.384741	3.509006333333333	0.6404746666666666	4.1403203333333325	4.650826666666666	0.1637593333333333	0.8191023333333332	3.0147063333333333	1.4249366666666667	10.136892666666666	7.196399666666666	0.9487806666666666	0.4402333333333332	3.0596026666666662	4.159681333333333	1.977674333333333	0.5065736666666667	0.154809	0.4534393333333333	2.7772813333333333	0.452783
11.235646666666666	0.5738286666666668	0.6440089999999999	0.4751289999999999	2.1656923333333333	1.442271	4.684125	13.56678933333333	1.1018826666666666	4.659951666666666	0.6646853333333334	1.3719503333333332	0.700755	3.091149666666666	4.2646533333333325	5.838628333333333	3.784931666666666	1.8872469999999997	3.4452136666666666	0.1592186666666666	3.203464666666667	3.348177	0.6211646666666666	3.980420333333333	4.626269	0.150923	0.7983116666666666	3.137135666666667	1.3402216666666669	9.411092333333334	6.918671333333332	0.915966	0.4850103333333333	3.078285333333333	4.038676666666666	2.041586333333333	0.5032453333333333	0.1510853333333333	0.4255083333333333	2.8285383333333334	0.4558906666666666
11.897861333333331	0.6107223333333334	0.600343	0.46675	2.209216666666667	1.447652	4.387117	13.163664333333331	1.1655043333333333	5.447393333333332	0.6623846666666666	1.450343	0.6493073333333333	3.020280333333333	4.250916666666666	5.454094	3.666517666666667	2.0608926666666663	3.353097333333333	0.1602616666666666	3.034633333333333	3.1585186666666663	0.6044353333333333	3.823329	4.584430666666666	0.140065	0.7839459999999999	3.289967666666666	1.2665773333333332	8.587411	6.603509666666667	0.8914756666666666	0.5353723333333332	3.116423	3.935258	2.094073	0.4994653333333333	0.1477146666666666	0.3981919999999999	2.854149333333333	0.4560933333333333
12.537487	0.6536933333333332	0.560447	0.457766	2.24446	1.4518939999999998	4.0751073333333325	12.721836	1.228517	6.274411666666666	0.6571216666666667	1.524927	0.6043333333333333	2.9356946666666666	4.21792	5.047601666666666	3.5389766666666667	2.2772529999999995	3.2396236666666667	0.1627216666666666	2.873088333333333	2.946056	0.5913746666666667	3.677156	4.526157666666666	0.1308893333333333	0.7751073333333333	3.478689666666667	1.2017226666666667	7.693486333333333	6.241115999999999	0.8753589999999999	0.591712	3.175671333333333	3.849630333333333	2.1293496666666667	0.4954963333333333	0.1453716666666666	0.3725936666666666	2.854131	0.4529966666666666
13.148720666666666	0.704631	0.5260973333333333	0.4476799999999999	2.2735423333333333	1.4521426666666666	3.7574126666666654	12.251155666666666	1.289783	7.1122000000000005	0.6509326666666667	1.5955116666666664	0.565253	2.839551333333333	4.1641623333333335	4.636176999999999	3.398790666666667	2.538801666666666	3.100155	0.166453	2.7206736666666664	2.7180516666666663	0.5828136666666667	3.547334333333333	4.4514016666666665	0.1231979999999999	0.7713753333333333	3.714136666666666	1.1445499999999995	6.769300333333333	5.823107333333333	0.8672613333333332	0.654636	3.256762666666667	3.782552333333333	2.14858	0.4919493333333333	0.1444236666666666	0.3493713333333332	2.8297806666666663	0.44767
13.732225333333334	0.7655479999999999	0.4979986666666666	0.4362156666666666	2.2989166666666665	1.4464986666666664	3.4430303333333327	11.762005333333333	1.347549	7.929998666666666	0.6448776666666666	1.6631866666666668	0.5313123333333334	2.734093333333333	4.088286333333333	4.235800333333333	3.246446666666667	2.8443336666666665	2.931952333333333	0.1714236666666666	2.585342666666666	2.4819736666666663	0.5791456666666667	3.436262666666666	4.360431666666666	0.1167936666666666	0.7724896666666666	4.010272666666666	1.0944386666666668	5.859049333333333	5.346032	0.8664366666666667	0.7250833333333333	3.3594349999999995	3.73395	2.1541626666666662	0.4895489999999999	0.1448856666666667	0.328752	2.782944333333333	0.4420176666666666
14.293130333333334	0.8379186666666665	0.4757116666666666	0.4237363333333332	2.323390333333333	1.435381	3.1398736666666665	11.265437333333333	1.3992503333333333	8.696759333333333	0.6385493333333333	1.730059	0.5014426666666666	2.621155666666666	3.989920666666666	3.85913	3.089163	3.1865853333333334	2.735389333333333	0.1776013333333333	2.48124	2.2447086666666665	0.5799893333333334	3.3419419999999995	4.255429666666666	0.1113919999999999	0.7779669999999999	4.382697	1.0508473333333332	5.004701333333332	4.817038666666668	0.8716283333333333	0.8045953333333333	3.481748666666667	3.701375666666667	2.144929333333333	0.4889369999999999	0.1462613333333333	0.310461	2.715555333333333	0.4383576666666666
14.831666333333333	0.9218306666666668	0.4583263333333333	0.4112343333333333	2.350394	1.4207716666666663	2.854555333333333	10.770024	1.442214333333333	9.384073333333331	0.6311703333333333	1.7975546666666664	0.4745449999999999	2.502315333333333	3.869973	3.516652333333333	2.936535	3.5537476666666663	2.513473333333333	0.1849423333333333	2.418380333333333	2.012423333333333	0.5845713333333333	3.2603899999999992	4.141604666666666	0.1066846666666666	0.7867996666666666	4.844586666666666	1.0132646666666667	4.242627333333333	4.251680666666666	0.881214	0.8953316666666666	3.61929	3.6816676666666655	2.119216333333333	0.4904363333333333	0.1478796666666667	0.294053	2.6293543333333336	0.438428
15.332218333333332	1.014583	0.444936	0.4005023333333333	2.3845026666666667	1.4058793333333333	2.591674666666667	10.277873333333334	1.4743529999999998	9.970414333333334	0.6225463333333333	1.864505	0.4497333333333332	2.3790339999999994	3.731417	3.217001333333333	2.796721666666667	3.929323333333333	2.2725376666666666	0.1934173333333333	2.390771	1.7902379999999998	0.5919593333333333	3.187354	4.029044666666667	0.1024113333333333	0.7969753333333333	5.401415666666666	0.981289	3.597944333333333	3.6748876666666663	0.8932283333333333	1.0002566666666666	3.763569	3.67243	2.078355333333333	0.4937279999999999	0.1491633333333333	0.2792073333333333	2.525597666666666	0.4421756666666666
15.769908	1.1115956666666666	0.434905	0.3933443333333333	2.430863333333333	1.3934700000000002	2.354613	9.788872666666665	1.494592	10.441453666666666	0.6133293333333333	1.927941333333333	0.426496	2.252827333333333	3.578910333333333	2.967543	2.6737656666666663	4.295736	2.0211613333333327	0.2030426666666667	2.38219	1.5827223333333331	0.6014943333333334	3.120252333333333	3.927723	0.0984003333333333	0.8061793333333332	6.050890666666667	0.9546316666666668	3.0847013333333337	3.1151279999999995	0.905645	1.122455	3.9056536666666655	3.6722069999999993	2.0269753333333336	0.498137	0.1498393333333333	0.2658716666666667	2.405421333333333	0.448408
16.114940666666666	1.206664	0.428187	0.3907203333333333	2.494734	1.3840549999999996	2.145802	9.304560666666664	1.5036363333333331	10.793431	0.6054013333333333	1.983422	0.4049196666666666	2.125484333333333	3.4190173333333327	2.774060333333334	2.5636453333333336	4.63753	1.7700003333333332	0.2139526666666666	2.369534	1.3941	0.613249	3.060464333333333	3.841998	0.094654	0.812492	6.7798533333333335	0.933203	2.701383666666666	2.5998266666666665	0.9166293333333334	1.2643269999999998	4.039830666666666	3.680868	1.9741886666666668	0.5028263333333333	0.150215	0.2544806666666667	2.2701746666666667	0.4550916666666666
16.343059666666665	1.2934	0.4249936666666667	0.3926679999999999	2.580640666666666	1.3765443333333334	1.9669963333333331	8.830441999999998	1.50315	11.029913666666666	0.6005953333333334	2.027020333333333	0.3853766666666667	1.998988	3.2587926666666664	2.639776	2.4583666666666666	4.942114666666666	1.5298473333333331	0.226364	2.334743	1.2277886666666664	0.627725	3.011104	3.7697016666666654	0.0912793333333333	0.8153453333333334	7.569044	0.9170133333333332	2.437011666666667	2.150840666666667	0.924633	1.4267953333333332	4.164049666666666	3.698669333333333	1.9302636666666668	0.5071463333333334	0.1508133333333333	0.2455976666666666	2.121531333333333	0.4606056666666666
16.447626666666665	1.3666106666666666	0.4255643333333333	0.3978736666666667	2.6910420000000004	1.368469	1.8191303333333333	8.379425333333332	1.4952203333333334	11.161462333333333	0.5993173333333333	2.0574323333333333	0.368252	1.8755723333333332	3.104529333333333	2.563038666666666	2.348894666666667	5.201594999999999	1.309753333333333	0.2405893333333333	2.278171	1.0855386666666669	0.6456266666666667	2.975225	3.69937	0.0884866666666666	0.8168543333333332	8.395036999999999	0.9061373333333334	2.273146	1.7778656666666666	0.928575	1.6077356666666665	4.281451666666666	3.725438	1.9034303333333331	0.511043	0.1520643333333333	0.2396096666666666	1.961701666666667	0.4650296666666667
16.433075000000002	1.42291	0.430035	0.4043756666666666	2.8254956666666664	1.3577946666666667	1.702119333333333	7.967773999999999	1.4814263333333333	11.200047666666665	0.6007353333333333	2.075085333333333	0.3538156666666666	1.7576676666666666	2.961397666666667	2.5376636666666665	2.229191	5.411657999999998	1.116578	0.2569716666666667	2.211746333333333	0.967671	0.6675416666666667	2.9544576666666664	3.618066666666666	0.0864836666666666	0.8200903333333334	9.231988333333334	0.9006706666666666	2.1886406666666667	1.4814903333333336	0.9277426666666666	1.8020863333333332	4.396998	3.760024333333333	1.897449	0.5148146666666666	0.1541776666666666	0.236667	1.7932866666666665	0.4694103333333332
16.311882666666666	1.461968333333333	0.4383416666666667	0.4100446666666666	2.978609	1.3448109999999998	1.6142723333333333	7.611841333333333	1.4617823333333333	11.154142666666663	0.6025579999999999	2.081787	0.342038	1.6479559999999998	2.8326230000000003	2.551549	2.101065333333333	5.572006666666667	0.953683	0.2758503333333333	2.155394	0.8728176666666667	0.6936023333333333	2.9473013333333333	3.5187996666666663	0.0853956666666666	0.8275603333333332	10.052165000000002	0.9007123333333332	2.162831	1.2527823333333337	0.9218593333333333	2.000792333333333	4.514694	3.7996196666666666	1.907636	0.5190016666666667	0.1569683333333333	0.2365779999999999	1.6193043333333332	0.4752679999999999
16.096816666666665	1.4851946666666669	0.4505273333333333	0.4134713333333333	3.141919	1.331427666666667	1.553215	7.323856000000001	1.435384	11.027456666666668	0.6020016666666667	2.079613	0.332825	1.5490426666666666	2.7196586666666667	2.5901986666666668	1.970816	5.684302333333333	0.8215146666666666	0.2975156666666667	2.126774	0.7989043333333332	0.7238026666666667	2.9509296666666662	3.401053	0.0852943333333333	0.8405596666666668	10.829076333333331	0.9063346666666666	2.1772723333333333	1.0785833333333334	0.9111903333333332	2.1931326666666666	4.636147666666667	3.8416436666666662	1.924785	0.5241790000000001	0.160118	0.2390046666666666	1.4431206666666665	0.4839959999999999
15.794124999999998	1.4950923333333337	0.4670623333333333	0.4150186666666666	3.304624333333334	1.320826	1.5165403333333334	7.106197	1.4008253333333331	10.816234	0.5966173333333333	2.070004	0.3262003333333333	1.4631226666666663	2.621598666666667	2.6394053333333334	1.8472133333333336	5.751117000000001	0.7170326666666665	0.3222069999999999	2.1306256666666665	0.7438729999999999	0.758316	2.9625760000000003	3.273236666666666	0.0862253333333333	0.8582116666666665	11.541317666666666	0.9175603333333332	2.218123666666667	0.9448059999999998	0.896855	2.3684446666666665	4.758447666666666	3.885811	1.937518	0.5307976666666667	0.163399	0.2436276666666666	1.268530333333333	0.496239
15.405715999999998	1.4944296666666663	0.4884786666666666	0.4158593333333333	3.4559200000000003	1.3157623333333333	1.5017936666666665	6.954277666666666	1.3570866666666666	10.51326	0.5852639999999999	2.053725	0.3224543333333333	1.3919763333333333	2.536171	2.6873156666666667	1.7376896666666666	5.775311	0.6356719999999999	0.3502306666666667	2.1612503333333333	0.7061009999999999	0.7978013333333333	2.9804476666666666	3.1478963333333336	0.088319	0.8789333333333331	12.173113333333331	0.934457	2.274782333333333	0.8387146666666666	0.8802883333333332	2.5176526666666668	4.876347999999999	3.933647333333333	1.935379	0.5391793333333333	0.166768	0.2502089999999999	1.0995499999999998	0.5120323333333333
14.930721	1.4856193333333334	0.514944	0.4172	3.587312666666666	1.3167093333333333	1.5063539999999995	6.857113666666666	1.3045279999999997	10.110807	0.5694653333333333	2.030650333333333	0.3223143333333333	1.336853333333333	2.460144333333333	2.727237	1.6443609999999995	5.759647666666666	0.5726803333333332	0.3821743333333333	2.202190666666666	0.6848906666666665	0.8438633333333333	3.004696333333334	3.0381896666666663	0.09194	0.9016493333333334	12.717155	0.9572223333333332	2.3398996666666667	0.7514596666666665	0.8627953333333332	2.6353796666666667	4.983913333333334	3.9885366666666666	1.9122456666666667	0.5494723333333333	0.1704883333333333	0.2586666666666666	0.9402663333333332	0.5306949999999999
14.371414333333332	1.4706986666666664	0.5460873333333333	0.4197373333333333	3.6934066666666663	1.322542	1.527429333333333	6.803342666666666	1.2444350000000002	9.604312333333334	0.5519293333333333	2.000286333333333	0.3266863333333333	1.2987436666666667	2.3900060000000005	2.755967333333333	1.5659906666666663	5.705963666666666	0.5239763333333333	0.4188733333333333	2.237362	0.6797160000000001	0.8985343333333333	3.035513666666666	2.9529896666666664	0.0976273333333333	0.92618	13.172029333333333	0.9860823333333332	2.4084086666666664	0.6774259999999999	0.845266	2.7195273333333336	5.077969333333334	4.054175666666667	1.8670836666666668	0.561697	0.1748413333333333	0.268823	0.7945639999999999	0.5512243333333333
13.740279333333332	1.4511306666666666	0.580617	0.4230039999999999	3.7737756666666655	1.3307303333333331	1.5620379999999998	6.786797666666665	1.178842333333333	8.997265	0.5353979999999999	1.9621746666666664	0.3364076666666666	1.27852	2.322439	2.773431333333333	1.498996	5.613981666666667	0.4871496666666666	0.4614989999999999	2.2623246666666663	0.6895676666666667	0.9639493333333332	3.071183666666667	2.8905016666666663	0.1060989999999999	0.9537043333333332	13.542112	1.0211293333333331	2.477656	0.6147853333333332	0.8277473333333334	2.772118333333333	5.162503999999999	4.1331446666666665	1.8066043333333333	0.575747	0.1798166666666666	0.2801289999999999	0.6656529999999999	0.5725216666666666
13.056742	1.4275573333333331	0.6166346666666667	0.4262289999999999	3.830655666666666	1.3388363333333335	1.6073176666666666	6.805511666666666	1.109795	8.300099333333334	0.521835	1.916338	0.352328	1.276746333333333	2.254268333333333	2.7807356666666663	1.4397936666666664	5.481790333333333	0.4608306666666666	0.511355	2.282987	0.7132763333333334	1.0423650000000002	3.108789333333333	2.841786	0.1181159999999999	0.985143	13.834201666666663	1.0621786666666666	2.5459683333333336	0.5631263333333333	0.8096096666666666	2.7972453333333336	5.245918	4.226320333333334	1.7416186666666666	0.5914823333333333	0.1851316666666667	0.291784	0.5555176666666667	0.59372
12.345663999999998	1.399202	0.6517833333333333	0.4291133333333333	3.867667	1.3458353333333333	1.6609746666666667	6.861352999999999	1.0386583333333337	7.531850666666666	0.5114449999999999	1.863822	0.3753809999999999	1.2933149999999998	2.182488	2.7788756666666665	1.3868676666666666	5.305873666666667	0.4444633333333333	0.5697586666666666	2.316771333333333	0.7499643333333333	1.136321	3.14473	2.792186333333333	0.1343833333333333	1.019394666666667	14.055262	1.1084729999999998	2.611698333333333	0.5218333333333333	0.78949	2.7999316666666667	5.339258666666666	4.331736666666667	1.684689	0.6088079999999999	0.190185	0.3028103333333333	0.4638556666666666	0.6144906666666666
11.628748333333332	1.364415333333333	0.6839393333333333	0.4321096666666666	3.888463	1.3511163333333331	1.72162	6.953304	0.9663333333333334	6.716707666666666	0.503648	1.8060696666666665	0.406776	1.3274803333333332	2.1045073333333333	2.768401	1.339419333333333	5.082942	0.4377013333333334	0.6380140000000001	2.3791366666666667	0.7997693333333333	1.248701	3.176329333333333	2.729161	0.1555329999999999	1.0539883333333333	14.210523666666669	1.1589143333333334	2.672773666666667	0.4898116666666666	0.7659286666666666	2.785124333333333	5.449756666666667	4.445816	1.6455013333333333	0.6276553333333332	0.194402	0.312385	0.3889836666666666	0.6346966666666667
10.915103999999998	1.320939	0.7119873333333333	0.4368313333333333	3.8955946666666654	1.353498	1.7894166666666669	7.069608333333332	0.8933633333333333	5.882943	0.4977803333333333	1.7443976666666667	0.4482103333333332	1.3776766666666669	2.0187316666666666	2.7490170000000003	1.2961116666666666	4.812063	0.44001	0.717398	2.4695253333333334	0.8650563333333332	1.3829036666666663	3.203724333333333	2.650586	0.1820639999999999	1.0854263333333332	14.301132333333332	1.212176	2.7262440000000003	0.4653286666666666	0.7379476666666667	2.756755666666667	5.573076666666666	4.564139666666667	1.6255446666666666	0.6479593333333332	0.1975819999999999	0.3202326666666666	0.3282393333333333	0.654048
10.206308333333332	1.266725	0.7354033333333333	0.4450426666666666	3.890731666666666	1.3513213333333334	1.864923	7.191228666666666	0.8206069999999999	5.060674333333333	0.493436	1.679958333333333	0.501589	1.4422173333333332	1.92492	2.719758333333333	1.2546056666666665	4.4955316666666665	0.450808	0.8091286666666667	2.575711333333333	0.9500836666666668	1.5423369999999998	3.228597333333333	2.561379333333333	0.2141793333333333	1.1109426666666666	14.325773333333332	1.267269	2.7690966666666665	0.4467236666666667	0.7049816666666666	2.7174766666666668	5.6977910000000005	4.683151333333333	1.6223653333333332	0.6697069999999998	0.199856	0.3265083333333333	0.2789126666666667	0.672083
9.499660999999996	1.2009153333333331	0.7540423333333334	0.4575763333333333	3.874554666666666	1.3425836666666666	1.9480933333333332	7.293445999999999	0.7499766666666665	4.2803656666666665	0.4907519999999999	1.6136879999999998	0.5687063333333333	1.5199496666666668	1.8251933333333332	2.67891	1.211056	4.141162	0.469722	0.9142633333333332	2.675396666666667	1.0614106666666665	1.7297833333333337	3.253381	2.4719843333333333	0.2514586666666666	1.1304563333333333	14.281494666666664	1.3241963333333333	2.799145	0.4332306666666666	0.666924	2.6678876666666667	5.807896333333333	4.802083333333333	1.632368	0.6929936666666666	0.2017233333333333	0.3317996666666666	0.2391009999999999	0.6881003333333333
8.796099666666667	1.1243926666666666	0.7677983333333334	0.4740593333333333	3.846826333333333	1.326376	2.0382376666666664	7.354454666666666	0.684089	3.569727	0.4897916666666666	1.5466243333333332	0.6508813333333332	1.61026	1.7233430000000003	2.6245606666666665	1.1623893333333333	3.761193333333333	0.4968313333333333	1.0334413333333334	2.74898	1.2064696666666666	1.9465856666666663	3.280137	2.3919103333333327	0.2928626666666666	1.1456286666666666	14.165643333333334	1.3837266666666663	2.815414333333333	0.4248949999999999	0.6239363333333332	2.607292	5.889791333333333	4.921505333333333	1.6510856666666665	0.718068	0.2037666666666666	0.3367686666666666	0.2077256666666666	0.7014159999999999
8.108871666666666	1.040951	0.7763506666666666	0.4922623333333332	3.806020333333333	1.3047156666666664	2.1338673333333333	7.364783333333333	0.625979	2.9491656666666666	0.4898346666666666	1.4802256666666669	0.7483346666666666	1.713173	1.6248093333333335	2.5551	1.109117	3.3729119999999995	0.533144	1.166367	2.7931353333333337	1.3924603333333334	2.191181	3.3093483333333333	2.323392333333333	0.3364786666666666	1.1593853333333333	13.977927333333334	1.447355333333333	2.819001333333333	0.4227393333333333	0.5763996666666666	2.533958333333333	5.939673999999999	5.042382333333333	1.672785	0.7454366666666667	0.2063596666666667	0.3418206666666666	0.184751	0.7116133333333333
7.457499333333333	0.9557293333333332	0.7792240000000001	0.5097033333333333	3.749663999999999	1.2812903333333334	2.233335666666666	7.323496	0.5778419999999999	2.4313770000000003	0.4894516666666667	1.416160333333333	0.8603369999999999	1.828544	1.535337	2.469622666666666	1.0552793333333337	2.995107999999999	0.5802173333333333	1.311601	2.8167346666666666	1.625171	2.459553	3.3397196666666664	2.264868	0.3799976666666667	1.1744949999999998	13.72081133333333	1.5166673333333331	2.812443333333333	0.4277526666666666	0.5249576666666667	2.446106333333333	5.959451333333333	5.165946666666667	1.6919986666666669	0.7759043333333333	0.2096063333333333	0.347035	0.170162	0.7185569999999999
6.863019666666666	0.8741109999999999	0.7758593333333332	0.5252249999999999	3.674387333333333	1.2606266666666668	2.335449	7.236878333333333	0.5393916666666667	2.017578	0.4864506666666667	1.3560953333333332	0.9849203333333332	1.9551743333333331	1.4598276666666663	2.3686986666666665	1.0095923333333332	2.645143333333333	0.6400383333333333	1.4659456666666664	2.8399523333333327	1.9072463333333327	2.744784	3.3674670000000004	2.213669	0.4210429999999999	1.1921406666666667	13.400848	1.5926749999999998	2.799752	0.4399026666666666	0.4707093333333333	2.342962	5.95417	5.293995000000001	1.7054623333333334	0.810751	0.2131743333333333	0.3520183333333332	0.1629533333333333	0.7224526666666666
6.340371333333333	0.8008633333333333	0.7658269999999999	0.5395076666666666	3.5771489999999995	1.246457333333333	2.4396503333333333	7.1116036666666655	0.5086916666666667	1.7006373333333331	0.4792996666666667	1.3012319999999995	1.1194876666666669	2.091028333333333	1.4021663333333332	2.2546646666666663	0.9822913333333334	2.337784333333333	0.7145936666666667	1.625518	2.8808659999999997	2.2386726666666665	3.038861333333333	3.388223	2.1698156666666666	0.4576103333333333	1.212409	13.026139999999998	1.6755396666666666	2.7861096666666665	0.4584363333333333	0.4151709999999999	2.2257229999999995	5.927420333333333	5.429625333333333	1.7133236666666665	0.851707	0.2166769999999999	0.356298	0.1613556666666666	0.7235373333333333
5.888988	0.7391076666666666	0.7491223333333332	0.5561003333333333	3.4568859999999995	1.2398103333333332	2.5463996666666664	6.948678999999999	0.4824363333333333	1.4647476666666663	0.4687639999999999	1.2516993333333333	1.2610479999999995	2.233202	1.3647716666666665	2.132756	0.9823546666666666	2.083031333333333	0.8055006666666666	1.786642333333333	2.941801	2.6161163333333333	3.334057333333333	3.398849333333333	2.1399996666666667	0.4886113333333333	1.2344446666666666	12.604701333333333	1.7639463333333332	2.778237	0.482027	0.3604046666666666	2.0993946666666665	5.876852666666666	5.578340666666667	1.7212973333333337	0.9011276666666668	0.2200253333333333	0.3596806666666666	0.1628873333333333	0.7217846666666665
5.499764333333333	0.6905189999999999	0.7260933333333334	0.57955	3.3160833333333333	1.2396916666666666	2.656565333333333	6.746555999999998	0.4575283333333333	1.2911573333333333	0.4568583333333333	1.2072606666666663	1.406362	2.3786430000000003	1.3492049999999998	2.010743	1.0149123333333332	1.8865336666666663	0.9139126666666666	1.9465456666666665	3.0146843333333333	3.033702666666666	3.6236606666666655	3.3979219999999994	2.1313496666666665	0.5136223333333333	1.2573546666666664	12.145768999999998	1.8556063333333332	2.784476333333333	0.509474	0.3086539999999999	1.971975	5.798554000000001	5.745450333333333	1.7355283333333331	0.9618366666666668	0.223464	0.3622596666666666	0.1651589999999999	0.7171426666666665
5.159208666666666	0.655008	0.697523	0.6137323333333333	3.1638703333333336	1.2431303333333334	2.770948333333333	6.504009999999999	0.4326286666666666	1.1624203333333332	0.446169	1.1678866666666663	1.5518353333333332	2.5247796666666664	1.3564723333333333	1.8995583333333328	1.077359	1.7481316666666666	1.0402626666666666	2.1043993333333333	3.0836146666666666	3.482547	3.902961333333333	3.386823333333333	2.144927333333333	0.5328756666666666	1.280941	11.661720333333331	1.9473346666666669	2.8156903333333334	0.540447	0.262028	1.8547206666666665	5.691317333333333	5.933066666666667	1.7573956666666668	1.0371553333333332	0.2276793333333333	0.3644583333333333	0.1667333333333333	0.7097573333333334
4.854538333333333	0.6319326666666666	0.6643693333333334	0.6606079999999999	3.013958666666667	1.2471893333333333	2.8898596666666667	6.223001999999999	0.4078506666666666	1.0637606666666668	0.439193	1.1337176666666666	1.6935656666666667	2.6694703333333334	1.387438	1.8112716666666664	1.162654	1.6639713333333337	1.1842069999999998	2.260951	3.1330399999999994	3.951414666666666	4.16831	3.368358333333333	2.176525333333333	0.546902	1.3049906666666666	11.165831	2.035511333333333	2.884941333333333	0.5753786666666666	0.2221573333333333	1.759433	5.557984	6.138881666666666	1.7835896666666669	1.130515333333333	0.2335103333333333	0.3668023333333333	0.1671746666666666	0.6998639999999999
4.578435333333333	0.620974	0.6276273333333333	0.7182983333333333	2.884245	1.2508503333333332	3.012526	5.912394666666667	0.3848239999999999	0.9851033333333334	0.4377536666666667	1.1050346666666666	1.8271976666666665	2.810993333333333	1.4431153333333333	1.757397	1.2611679999999998	1.6268680000000002	1.344234	2.418654	3.155800666666667	4.426257	4.416485333333333	3.3458026666666667	2.216023333333333	0.5563359999999999	1.328433	10.670154333333334	2.1163176666666668	3.0077876666666663	0.61554	0.189655	1.695849333333333	5.407798333333333	6.353537	1.8051473333333332	1.245112	0.241675	0.3696589999999999	0.1674026666666666	0.6876753333333332
4.328124	0.6217496666666666	0.588254	0.782701	2.792933333333333	1.2543466666666665	3.1372296666666664	5.584327666666667	0.3654976666666666	0.919663	0.4433786666666666	1.082161	1.9482723333333332	2.9472370000000003	1.52445	1.7473253333333332	1.3641156666666667	1.6273106666666664	1.5176949999999998	2.579824333333333	3.153096333333333	4.8912553333333335	4.643667333333333	3.3208260000000003	2.252286	0.5617556666666668	1.3494213333333334	10.184838	2.186051	3.198882	0.66187	0.1643836666666666	1.6703996666666665	5.251950000000001	6.565188333333333	1.813753	1.3837626666666665	0.25253	0.3731156666666667	0.1686186666666666	0.6733709999999999
4.105865666666666	0.6332826666666667	0.5471373333333334	0.8483229999999999	2.754816333333333	1.2587603333333333	3.261064333333333	5.251515	0.3510286666666667	0.8638106666666666	0.4576263333333333	1.0654386666666666	2.0525640000000003	3.074749666666666	1.632083333333333	1.786086333333333	1.4670379999999998	1.6533923333333331	1.7004516666666667	2.74472	3.1370446666666663	5.329310666666665	4.844343	3.291081	2.2774856666666663	0.5635306666666665	1.3652286666666664	9.716736666666668	2.241524333333333	3.4678896666666663	0.713673	0.1454033333333333	1.6837516666666663	5.099660666666667	6.763433999999999	1.808242	1.548644	0.2657383333333333	0.3767326666666666	0.1713483333333333	0.6571053333333332
3.915610333333333	0.6541673333333333	0.505062	0.9102183333333332	2.7803346666666666	1.2648966666666666	3.380327333333333	4.9246073333333324	0.3414903333333333	0.8151986666666666	0.4822769999999999	1.055423	2.1367103333333333	3.1892256666666667	1.7668073333333332	1.8763903333333327	1.5683773333333333	1.6929376666666665	1.887845333333333	2.911535	3.123273666666666	5.724770999999999	5.012742	3.252962333333333	2.286765	0.5617913333333334	1.373359	9.270075333333336	2.2803446666666662	3.8187036666666665	0.769015	0.131406	1.732901	4.956999000000001	6.941895	1.7925456666666666	1.7416039999999997	0.280881	0.3800703333333333	0.1754319999999999	0.6392296666666667
3.760129333333333	0.682676	0.4626713333333333	0.9659203333333332	2.873204333333333	1.2721566666666666	3.490571333333333	4.6088656666666665	0.33526	0.7716446666666666	0.5195519999999999	1.0531416666666666	2.1991809999999994	3.285834	1.9302453333333327	2.0199873333333334	1.6689889999999998	1.7355556666666665	2.075711	3.075709	3.124513333333333	6.066889333333333	5.144296333333333	3.2041809999999997	2.278806666666666	0.5563136666666667	1.372782333333333	8.846003	2.3015836666666667	4.246316333333333	0.8247686666666667	0.120944	1.811894	4.824680333333333	7.102063	1.7749156666666668	1.964455	0.2980946666666667	0.3831683333333333	0.1798846666666666	0.6205716666666666
3.6383133333333335	0.7176026666666666	0.4205836666666666	1.014532	3.033568333333333	1.279203	3.587217	4.3051103333333325	0.3302613333333333	0.7313556666666666	0.5716266666666666	1.059549	2.239825333333333	3.360368	2.1255766666666664	2.219792	1.7703836666666666	1.7731716666666666	2.261900333333333	3.231205	3.146106333333333	6.349645333333333	5.235918666666667	3.1447959999999995	2.254784	0.546668	1.3639836666666665	8.443918	2.3056283333333334	4.739309666666667	0.877798	0.1127009999999999	1.914358	4.700150333333334	7.249775666666667	1.7630343333333331	2.219869	0.3181983333333333	0.3865836666666666	0.1837036666666666	0.6020623333333334
3.5415016666666665	0.7593376666666667	0.3794909999999999	1.0562106666666666	3.259718	1.2845196666666667	3.666084	4.009355333333334	0.3250366666666666	0.6934673333333334	0.6401903333333332	1.074977	2.2598963333333333	3.4106943333333337	2.358913	2.4823386666666662	1.8735076666666663	1.801413	2.448684333333333	3.3712153333333337	3.1796953333333327	6.573278666666666	5.286734666666667	3.0789000000000004	2.218376333333333	0.5322936666666667	1.3494683333333333	8.061765999999999	2.29458	5.27969	0.926115	0.1057539999999999	2.03569	4.578673333333333	7.393212666666667	1.7593213333333333	2.5130406666666665	0.3430183333333333	0.3915136666666667	0.1866623333333333	0.5844273333333333
3.4594926666666663	0.8097796666666666	0.3400896666666667	1.0910136666666663	3.549408	1.2874856666666668	3.7235456666666655	3.7181436666666663	0.319026	0.6576953333333334	0.7271829999999999	1.0994213333333331	2.261013333333333	3.436315	2.638260333333333	2.8165326666666664	1.979249	1.8184813333333332	2.641474	3.489149	3.213618666666666	6.740942333333333	5.297016666666667	3.0121746666666662	2.173919	0.5126379999999999	1.3322956666666663	7.695387	2.2713273333333333	5.846606666666667	0.9686396666666665	0.099488	2.172883	4.457794666666667	7.539784	1.7637536666666669	2.8538769999999998	0.3746576666666666	0.3993533333333333	0.189071	0.5683766666666666
3.386343	0.872742	0.3030006666666666	1.1178376666666665	3.900599	1.2896956666666666	3.756936	3.4340883333333334	0.3130436666666667	0.6241493333333333	0.8357463333333333	1.1327613333333333	2.2443076666666664	3.4385313333333336	2.973099333333333	3.232831	2.089028	1.825043	2.8487486666666664	3.579659	3.2425136666666665	6.856479333333333	5.267551666666667	2.9499056666666665	2.1249216666666664	0.487337	1.314776333333333	7.336866333333333	2.238924	6.418621333333332	1.005205	0.0936013333333333	2.3248726666666664	4.342632333333333	7.692892666666667	1.776012666666667	3.2607736666666662	0.4147983333333332	0.4112633333333333	0.1916659999999999	0.5548326666666666
3.321477	0.952832	0.268829	1.1352909999999998	4.310806666666666	1.2937166666666666	3.7648413333333335	3.164848	0.308314	0.5929043333333333	0.9704533333333332	1.1747646666666665	2.210344	3.419166	3.37254	3.7389896666666655	2.204273333333333	1.822594	3.0799873333333334	3.6384946666666655	3.2685766666666667	6.922267333333333	5.1990506666666665	2.895377	2.0741326666666664	0.456385	1.2979046666666667	6.976301333333334	2.199838333333333	6.974643666666666	1.0356196666666664	0.0881023333333333	2.491629666666667	4.244217666666667	7.851986666666667	1.7958273333333332	3.7543993333333328	0.4641343333333333	0.4279466666666667	0.1950103333333332	0.5447866666666666
3.272040333333333	1.0545643333333332	0.2382066666666666	1.142593	4.776159999999999	1.3020336666666663	3.747917333333333	2.923287	0.305608	0.5635796666666666	1.1380196666666669	1.225014	2.1589266666666664	3.3795899999999994	3.8431776666666666	4.334398333333333	2.325749666666667	1.812264	3.3440976666666664	3.662860333333333	3.304517666666667	6.936766666666666	5.091751333333333	2.8477086666666667	2.023443666666666	0.42049	1.2804326666666666	6.602979333333334	2.155034	7.494937333333333	1.058798	0.0834006666666666	2.673798	4.179437999999999	8.011265666666667	1.8230083333333331	4.351581	0.5214433333333333	0.4492363333333333	0.1988623333333333	0.5391563333333332
3.245975	1.1815316666666664	0.2116963333333333	1.1401536666666665	5.291568999999999	1.3158493333333332	3.708164000000001	2.721095666666667	0.3048846666666666	0.5355636666666667	1.346080333333333	1.2827973333333331	2.0897156666666667	3.320609333333333	4.388069333333333	5.009981	2.4529396666666665	1.7946133333333332	3.648439	3.651345333333333	3.3646716666666663	6.896319333333333	4.946683	2.8038426666666663	1.974449	0.3809186666666665	1.260317666666667	6.207631333333334	2.104358333333333	7.962346999999999	1.0731163333333331	0.0801796666666666	2.872459	4.164387	8.162813	1.8571056666666668	5.060522	0.5842013333333334	0.4745016666666667	0.2023453333333333	0.53856
3.2451410000000003	1.335248	0.1896403333333333	1.1304663333333331	5.850563666666666	1.3335346666666663	3.648659666666666	2.561967333333333	0.3047453333333333	0.508162	1.6024093333333331	1.3468926666666667	2.0028246666666667	3.242376	5.004233666666666	5.744836333333333	2.582891	1.7693076666666667	3.997387333333333	3.604623	3.456330666666666	6.796346999999999	4.767459666666666	2.759934	1.9288303333333328	0.3395996666666666	1.235934	5.785322333333333	2.0465663333333333	8.364805	1.0767706666666663	0.0793	3.089359	4.207315333333334	8.298931	1.8968533333333333	5.872429333333334	0.6487769999999999	0.5028513333333333	0.2040273333333332	0.5430156666666667
3.2647803333333334	1.515803	0.1720913333333333	1.1166010000000002	6.446742999999999	1.352288333333333	3.572470666666667	2.4431586666666663	0.3036263333333333	0.4808786666666667	1.915096	1.415829	1.8991243333333332	3.1454443333333337	5.684255333333333	6.511438333333333	2.710852666666667	1.735558333333333	4.3934896666666665	3.5253506666666667	3.577627333333333	6.633576333333333	4.560676	2.7136053333333328	1.8883416666666664	0.29878	1.206578	5.3355673333333336	1.9802043333333328	8.694841	1.0687719999999998	0.0815159999999999	3.327925	4.3093596666666665	8.413891	1.939646	6.764559666666667	0.7115426666666667	0.5335626666666666	0.2029133333333333	0.5521896666666667
3.291213	1.7218743333333333	0.1586219999999999	1.100758	7.075155333333333	1.3693999999999995	3.4815713333333336	2.355172333333333	0.3009619999999999	0.4537136666666667	2.292581333333333	1.4881096666666664	1.7808096666666666	3.032034	6.415955666666666	7.278184333333332	2.8302623333333328	1.6923120000000005	4.837816	3.418918333333333	3.712772333333333	6.408615333333333	4.337358999999999	2.666500666666667	1.854566333333333	0.2608376666666667	1.1731983333333331	4.864331999999999	1.904416	8.950993999999998	1.050290333333333	0.087085	3.5948976666666663	4.462912333333333	8.506156666666666	1.980464	7.697930333333333	0.7699646666666666	0.566446	0.199643	0.5656023333333333
3.309118333333333	1.9508666666666663	0.1485393333333333	1.0834606666666664	7.7312949999999985	1.382637	3.3769413333333334	2.2873046666666665	0.2971436666666666	0.4269786666666666	2.7405166666666663	1.5626463333333334	1.6507466666666666	2.905493	7.183990666666666	8.013853333333333	2.934267333333333	1.6381626666666669	5.329998999999999	3.291836	3.841492333333333	6.124758333333332	4.1104666666666665	2.6216939999999997	1.8275106666666665	0.2278746666666666	1.1373069999999998	4.382582	1.8192376666666663	9.135211333333334	1.0238103333333333	0.0957973333333333	3.8980536666666654	4.656752333333333	8.576397666666667	2.012799	8.627216333333333	0.8223566666666667	0.6014339999999999	0.1959073333333333	0.5830316666666666
3.308377	2.198252333333333	0.1409979999999999	1.0622566666666664	8.409708333333333	1.3907106666666669	3.2583733333333336	2.232567	0.293687	0.4011756666666667	3.257048666666666	1.639313	1.5121016666666665	2.7700976666666666	7.969783333333333	8.691966	3.0172773333333334	1.571108333333333	5.867242333333333	3.150552	3.947038	5.787782999999999	3.893056	2.5814586666666663	1.8037876666666663	0.201255	1.10011	3.906878666666666	1.7262056666666667	9.251585333333333	0.9927086666666668	0.1067973333333333	4.244109	4.879602333333333	8.626430333333333	2.029424333333333	9.507802	0.8679159999999999	0.638109	0.1941816666666666	0.6050186666666667
3.2853	2.457231	0.1352469999999999	1.0337253333333334	9.100783333333332	1.393211	3.1255300000000004	2.1875210000000003	0.2921176666666666	0.3768043333333333	3.832941333333333	1.7183100000000002	1.3681906666666666	2.630003666666667	8.752026333333333	9.290955666666669	3.0763626666666664	1.4891649999999998	6.442970666666667	3.0003593333333334	4.019427666666666	5.405097	3.696821	2.546353666666666	1.7798473333333331	0.181731	1.062311	3.4559610000000003	1.627787	9.303588333333334	0.95997	0.1189203333333333	4.637382666666666	5.122125	8.659483333333332	2.026137333333333	10.298862333333332	0.9062556666666668	0.6756053333333333	0.1965706666666666	0.6324113333333333
3.245735333333333	2.7174466666666666	0.1308839999999999	0.9952326666666664	9.785853	1.390888	2.978936	2.153004	0.2928516666666667	0.3541316666666666	4.448769333333333	1.7996053333333333	1.2224773333333334	2.488207	9.506029333333334	9.796343666666663	3.113598333333333	1.3910803333333333	7.043752333333333	2.843951	4.060581	4.985793666666666	3.530131	2.513899	1.755324	0.1693956666666666	1.023883	3.048229333333333	1.5271946666666667	9.291127666666666	0.926814	0.1308873333333333	5.077590333333333	5.379195	8.681318666666666	2.006850333333333	10.967866666666666	0.9371623333333334	0.71235	0.2035663333333333	0.6660043333333333
3.1992890000000003	2.966965	0.1278036666666666	0.9459776666666666	10.440575666666664	1.3851056666666666	2.8200696666666665	2.1309063333333333	0.2955259999999999	0.3332373333333333	5.079188333333333	1.8826566666666664	1.0785856666666669	2.3467796666666665	10.206396	10.199239	3.133631666666667	1.276793333333333	7.651217666666667	2.681887	4.078654666666666	4.540672999999999	3.398154666666666	2.480097	1.732789	0.164042	0.9849039999999998	2.700181666666666	1.4279606666666669	9.210717	0.8929636666666665	0.1415826666666666	5.561343000000001	5.647771666666666	8.700016333333332	1.9815323333333328	11.492410999999995	0.9604956666666666	0.746529	0.214301	0.7062303333333333
3.155002	3.193887	0.12624	0.8885716666666665	11.036583	1.377568333333333	2.6517246666666665	2.121674	0.2991	0.31396	5.694975999999999	1.9659966666666664	0.9404043333333334	2.206889	10.829770333333332	10.497515	3.1420106666666667	1.1484556666666668	8.242147666666666	2.5124056666666665	4.084711666666666	4.083089666666666	3.3017203333333334	2.440662	1.7181476666666666	0.1654319999999999	0.9464093333333332	2.424026	1.333676	9.054611666666666	0.856502	0.1503606666666666	6.082400999999999	5.925654333333334	8.726467666666666	1.9658523333333329	11.866494	0.9762143333333336	0.7764853333333332	0.2264476666666666	0.7527819999999998
3.1194806666666666	3.388855999999999	0.1265713333333333	0.8273366666666667	11.547156333333334	1.370234	2.477294666666666	2.125843333333333	0.302505	0.2961169999999999	6.268208	2.047573666666666	0.8118503333333332	2.069824333333333	11.357332	10.69417	3.1426430000000005	1.010285	8.7922	2.333422	4.089446666666666	3.628282333333333	3.239217333333333	2.393542	1.716932333333333	0.1734486666666666	0.909846	2.2271723333333333	1.2477413333333334	8.814428666666666	0.8153933333333333	0.1569416666666666	6.6333813333333325	6.211656333333332	8.771625333333333	1.973845	12.095639333333336	0.9847236666666666	0.8011863333333333	0.2376296666666666	0.804978
3.0945	3.5485333333333333	0.1291853333333333	0.7671396666666666	11.953591666666666	1.365287666666667	2.3003003333333334	2.14574	0.3052439999999999	0.2796673333333333	6.777748333333332	2.1249406666666664	0.696592	1.9380406666666663	11.779225999999998	10.797857	3.134860666666667	0.8691943333333334	9.279357666666666	2.1444399999999995	4.099955	3.193181333333333	3.207304	2.342116666666667	1.7304403333333334	0.1882976666666666	0.8765536666666667	2.109659	1.17302	8.484725999999998	0.7689956666666666	0.1614363333333333	7.206517333333333	6.506285999999999	8.843501	2.0100356666666666	12.196698	0.9873736666666668	0.8208796666666667	0.2468293333333333	0.862061
3.0785006666666668	3.6738049999999993	0.1344236666666666	0.7119916666666666	12.245117333333331	1.3646030000000002	2.1240810000000003	2.183777666666667	0.307561	0.264697	7.208337666666665	2.1958986666666664	0.597432	1.8147506666666668	12.092374666666664	10.818564333333333	3.1156206666666666	0.7328899999999999	9.686486	1.9467833333333333	4.118316666666666	2.793437999999999	3.201060333333333	2.292021	1.7567593333333331	0.2103073333333333	0.8472576666666666	2.066668	1.1117563333333331	8.064706000000001	0.7180903333333333	0.1641709999999999	7.792067666666666	6.810116333333333	8.946025	2.0718666666666663	12.190782	0.9857033333333334	0.8364403333333333	0.2541196666666666	0.923694
3.0669926666666667	3.769401	0.1425263333333333	0.6634443333333333	12.421578333333333	1.369037	1.951490666666667	2.2405253333333333	0.3107633333333333	0.251384	7.552024333333333	2.2593346666666667	0.515307	1.703643	12.300829	10.763799	3.081078333333333	0.6082283333333334	10.005666333333332	1.7444343333333332	4.138480333333333	2.439687	3.2133453333333337	2.248565666666667	1.790918	0.239774	0.821402	2.088896333333333	1.0651663333333332	7.561714999999999	0.6653423333333333	0.1656026666666666	8.375584333333332	7.122088000000001	9.076542666666668	2.1501346666666663	12.098111666666666	0.980701	0.8489153333333334	0.2607173333333333	0.990730333333333
3.0555996666666667	3.840391333333333	0.1537256666666666	0.6215219999999999	12.487487333333332	1.3787733333333332	1.7850136666666665	2.3144646666666664	0.316256	0.239844	7.806727999999999	2.3154866666666662	0.4495873333333333	1.6078053333333333	12.410592666666666	10.637007	3.028774333333333	0.5003673333333334	10.234467666666667	1.54277	4.151210333333333	2.137511	3.2361629999999995	2.214771	1.8279856666666665	0.276701	0.7979366666666666	2.1645353333333333	1.0335353333333333	6.989177999999999	0.6138429999999999	0.1661823333333333	8.938824	7.439615	9.229991666666669	2.2356596666666664	11.934238666666664	0.9725656666666668	0.8590346666666666	0.2678183333333333	1.0655923333333333
3.043124	3.888964	0.1683516666666666	0.585163	12.44823	1.393387	1.626766	2.4012276666666663	0.3245536666666666	0.2299166666666666	7.977380666666665	2.366722	0.397802	1.528406333333333	12.425508	10.434671666666668	2.960080666666667	0.411324	10.374449333333333	1.3478679999999998	4.148062666666666	1.885483	3.261792333333333	2.188826	1.8662033333333328	0.3204473333333333	0.775963	2.279968333333333	1.0158906666666665	6.366906	0.565849	0.1662333333333333	9.459451333333332	7.758277666666666	9.402054	2.325243	11.704517	0.9602503333333334	0.8666626666666666	0.2755206666666666	1.153302
3.031369	3.91464	0.186821	0.5534403333333333	12.309148666666664	1.4119593333333331	1.478603	2.4964706666666663	0.3353573333333333	0.221273	8.072047333333334	2.416279	0.3567723333333333	1.465280666666667	12.346999333333333	10.149185999999998	2.878095333333333	0.3408609999999999	10.428962333333336	1.1654933333333335	4.124205999999999	1.67854	3.2836646666666667	2.16632	1.907446333333333	0.3698919999999999	0.7550486666666666	2.4212433333333334	1.010728	5.717390666666667	0.5227203333333333	0.1659743333333333	9.915287666666666	8.073557	9.589549	2.4172433333333334	11.405480333333331	0.9422216666666668	0.8711853333333333	0.2831803333333333	1.2604583333333337
3.0256093333333336	3.9137526666666655	0.2096569999999999	0.5266783333333332	12.075273333333334	1.433011	1.3421033333333332	2.5986366666666667	0.3473896666666666	0.2134613333333333	8.099317666666666	2.467409333333333	0.3234516666666667	1.4170656666666666	12.173383333333334	9.770522666666666	2.786096333333333	0.2865066666666667	10.402050333333332	1.000087333333333	4.082155666666667	1.5097936666666665	3.2977556666666663	2.1417083333333333	1.958611	0.4234433333333333	0.7356443333333333	2.5752813333333333	1.016476333333333	5.0633403333333336	0.4846856666666666	0.1655133333333333	10.288835	8.382294333333332	9.790808666666669	2.507049333333333	11.022999333333331	0.9171043333333336	0.8717476666666666	0.2896529999999999	1.394848333333333
3.029816666666666	3.881704	0.2372493333333333	0.50587	11.752148	1.4551603333333332	1.2183496666666669	2.7073776666666665	0.3592333333333333	0.2060993333333333	8.065939666666665	2.523343	0.2953086666666666	1.3822126666666663	11.902189666666668	9.291085333333331	2.687062666666667	0.2450116666666666	10.297313333333332	0.8550963333333333	4.027770666666666	1.3726126666666665	3.3024806666666664	2.110486333333333	2.0268286666666664	0.4792613333333332	0.7187159999999999	2.7300503333333337	1.0319266666666669	4.426528666666666	0.4519023333333333	0.1647886666666666	10.568694	8.681058333333333	10.004655333333334	2.586246666666667	10.539681666666668	0.8842413333333333	0.8676216666666666	0.2940053333333333	1.564652333333333
3.041376333333333	3.8148213333333336	0.2695909999999999	0.4921386666666665	11.346926666666668	1.4779033333333331	1.107507	2.822132666666666	0.3700913333333334	0.1990729999999999	7.973977999999999	2.5874313333333334	0.27086	1.3598456666666665	11.532315666666666	8.711750000000002	2.583396	0.2133916666666666	10.116816	0.7329683333333333	3.96729	1.2624943333333332	3.2995903333333336	2.0717236666666663	2.114516333333333	0.5353946666666667	0.7055309999999999	2.8752386666666667	1.0567016666666669	3.826254333333333	0.425476	0.1634673333333333	10.753314	8.964288999999999	10.229743	2.641525333333333	9.941340666666663	0.8445323333333333	0.8586113333333334	0.296325	1.7775496666666664
3.0528413333333333	3.710874333333333	0.3064099999999999	0.4857923333333333	10.86770933333333	1.501917	1.0089316666666668	2.941120333333333	0.379832	0.192481	7.822420333333333	2.663439666666666	0.2493536666666666	1.349762	11.065239666666669	8.041998666666666	2.4779443333333333	0.18916	9.862131666666668	0.6355056666666666	3.904997666666666	1.176816333333333	3.29259	2.027532666666666	2.2188986666666666	0.5899669999999999	0.6972399999999999	3.002789	1.0911213333333334	3.2784560000000003	0.4073226666666666	0.1610453333333333	10.847707666666668	9.225495333333331	10.466046	2.6636486666666666	9.221826666666669	0.8001083333333334	0.8450200000000001	0.2974883333333333	2.0383026666666666
3.052613	3.5700323333333333	0.3472353333333332	0.4851023333333333	10.323158666666664	1.5296973333333337	0.921053	3.060222	0.3891433333333333	0.1866286666666666	7.607581000000001	2.755965333333333	0.2307229999999999	1.3525606666666667	10.507247	7.303370333333334	2.3750096666666662	0.1706486666666666	9.535171666666669	0.563889	3.840631	1.115126	3.2858556666666665	1.983469	2.3298933333333336	0.6414063333333333	0.6944056666666666	3.108445333333333	1.136261	2.7931726666666665	0.40016	0.1569406666666666	10.862711333333332	9.458532333333332	10.716728666666665	2.6582930000000005	8.391095666666667	0.7544283333333333	0.8277783333333334	0.2991853333333332	2.344851333333333
3.0311336666666664	3.3942110000000003	0.391597	0.4873719999999999	9.721559333333332	1.5639636666666668	0.842016	3.175731	0.398703	0.1818213333333333	7.324437	2.869501	0.2149889999999999	1.368882	9.868258333333335	6.524126666666666	2.2780940000000003	0.156558	9.13766	0.518732	3.772512	1.0775986666666666	3.283128666666666	1.9451226666666668	2.4347773333333333	0.6883813333333333	0.6970613333333332	3.19045	1.1935056666666668	2.375373	0.4063663333333333	0.1507	10.810343666666666	9.660120333333332	10.985245333333332	2.641772	7.4723843333333315	0.7111593333333334	0.8079026666666667	0.3030636666666667	2.6890496666666666
2.9879873333333333	3.187171333333333	0.4392176666666666	0.4897159999999999	9.069862333333331	1.6061356666666666	0.770263	3.287486333333333	0.4083186666666666	0.1781389999999999	6.967495	3.0073236666666663	0.2017526666666666	1.398653	9.162223666666666	5.736568666666668	2.1872170000000004	0.1456893333333332	8.670484666666667	0.4998509999999999	3.7006646666666656	1.0637806666666665	3.285855	1.9147093333333327	2.5220526666666663	0.7298533333333332	0.704535	3.249267333333333	1.2641853333333333	2.023519333333333	0.4266283333333333	0.142297	10.699925333333333	9.833494666666668	11.272007333333336	2.639521	6.5043826666666655	0.6731389999999999	0.786005	0.309882	3.054927666666667
2.930337666666666	2.9538263333333328	0.4898503333333332	0.4900096666666667	8.374504333333334	1.656666	0.7045646666666667	3.398848333333333	0.4173093333333333	0.175456	6.533607000000001	3.170767666666666	0.1903156666666666	1.441196	8.405650333333334	4.972018666666666	2.100036	0.1369113333333333	8.134586	0.5064569999999999	3.629848	1.0726613333333332	3.293495	1.891246	2.584528	0.7650496666666666	0.7157283333333333	3.2862956666666663	1.3494743333333332	1.7319123333333333	0.45992	0.1320816666666666	10.537948666666669	9.986183333333337	11.572388666666669	2.6736396666666664	5.531452666666667	0.642225	0.7623369999999999	0.3194743333333333	3.4222406666666663
2.873641333333333	2.700232666666666	0.5431306666666667	0.4880139999999999	7.642466666666666	1.715079	0.6441839999999999	3.517475333333333	0.4247663333333333	0.1733689999999999	6.026013333333333	3.357701333333333	0.179785	1.495177	7.6174810000000015	4.255651333333334	2.0123966666666666	0.1292466666666666	7.532243666666666	0.537088	3.5739443333333334	1.1026326666666666	3.3031053333333333	1.869822	2.623709666666666	0.7935726666666667	0.7291999999999998	3.303084	1.4502146666666664	1.4912133333333333	0.5029096666666666	0.1208956666666666	10.327204333333333	10.12888	11.872963666666667	2.7491543333333333	4.596343666666667	0.61884	0.7367826666666667	0.3304643333333333	3.768460666666667
2.833934	2.4338456666666666	0.5984846666666667	0.4846633333333333	6.883922999999999	1.780309333333333	0.5886	3.6499966666666666	0.4301046666666666	0.1714243333333333	5.454688999999999	3.563204333333333	0.1693626666666666	1.559274	6.818744666666666	3.606677666666666	1.9209156666666665	0.1219416666666666	6.869180999999999	0.5899503333333334	3.549607	1.151956	3.3102883333333333	1.844739	2.645698666666666	0.815314	0.7436486666666666	3.300847	1.5670676666666667	1.2913046666666663	0.551419	0.1098996666666666	10.069107	10.269565666666669	12.156232666666668	2.8567780000000003	3.737405	0.6026466666666667	0.7093506666666667	0.3411346666666666	4.073617333333333
2.8201633333333334	2.1643726666666665	0.6550229999999999	0.4816623333333332	6.116144666666666	1.8507206666666665	0.5373833333333333	3.796155666666667	0.4336616666666666	0.1693019999999999	4.839389000000001	3.779149666666666	0.158715	1.632861333333333	6.033055999999999	3.036178	1.8257816666666664	0.1146749999999999	6.158234333333333	0.6630793333333334	3.570094333333333	1.219127	3.309603333333333	1.8124223333333327	2.6585209999999995	0.8304843333333334	0.7583906666666668	3.279926666666667	1.7005256666666664	1.123605	0.6015376666666666	0.1005329999999999	9.765377666666668	10.406648999999998	12.404173666666669	2.9715206666666663	2.984077666666667	0.5929496666666667	0.6807263333333333	0.350188	4.326035666666666
2.832429666666666	1.9022093333333332	0.7117249999999999	0.4802713333333333	5.360532	1.9243083333333333	0.49005	3.9499553333333335	0.4361706666666666	0.1668606666666666	4.205886	3.9957979999999993	0.1479026666666666	1.7160663333333337	5.284204333333333	2.5493376666666663	1.7294759999999998	0.1074586666666666	5.417990333333333	0.7543726666666666	3.6397336666666655	1.3029326666666663	3.296021666666667	1.7724233333333332	2.6681716666666664	0.8394246666666666	0.7731260000000001	3.23995	1.850853	0.981215	0.6499866666666667	0.0942343333333333	9.418205333333333	10.531721666666668	12.60284	3.0670813333333333	2.3554466666666665	0.589171	0.6521979999999999	0.3569066666666666	4.520686333333333
2.857727333333333	1.6569836666666669	0.767613	0.4799923333333333	4.640845	1.998733333333333	0.4459989999999999	4.099152666666667	0.4383229999999999	0.1642136666666666	3.584332333333333	4.2027106666666665	0.1374636666666666	1.810128	4.593455333333333	2.1449069999999995	1.636155333333333	0.1006789999999999	4.673568	0.8614956666666667	3.745519333333333	1.4024579999999998	3.266514	1.7293119999999995	2.674389666666667	0.8424576666666665	0.7878116666666667	3.1797310000000003	2.017846666666667	0.8595399999999999	0.6946493333333332	0.0921663333333333	9.030330666666668	10.630278333333331	12.748215333333333	3.1295646666666666	1.854197	0.5913046666666666	0.6257503333333333	0.361498	4.659993
2.879642	1.4362093333333334	0.8217986666666666	0.4793623333333333	3.978909666666666	2.071541	0.4046183333333333	4.230724333333333	0.4405196666666666	0.1616023333333333	3.0033086666666664	4.389818333333333	0.1280233333333333	1.917204	3.9775166666666655	1.817267	1.5497716666666663	0.0948226666666666	3.952614666666667	0.9818876666666664	3.866506	1.5162573333333331	3.2196	1.6894663333333333	2.674144666666667	0.8397516666666666	0.8024826666666666	3.097805666666667	2.200829	0.7554776666666667	0.7343766666666666	0.0951513333333333	8.604261666666668	10.687862666666668	12.842512333333332	3.156506666666666	1.4717256666666665	0.5994719999999999	0.6033996666666667	0.3647013333333332	4.750469666666667
2.887001333333333	1.2431423333333331	0.8735763333333333	0.476503	3.3894756666666663	2.140448	0.365459	4.336081	0.442567	0.1592906666666666	2.483353	4.548699	0.1199596666666666	2.0405856666666664	3.444514333333333	1.5564176666666667	1.4722946666666663	0.0902406666666666	3.2820473333333333	1.1127066666666665	3.980912333333333	1.641276	3.155567333333333	1.6584216666666665	2.6644039999999998	0.8311473333333333	0.8171360000000001	2.992900666666667	2.398348	0.6672079999999999	0.7691779999999999	0.1034763333333333	8.141692666666668	10.696114999999995	12.892479666666668	3.1591146666666665	1.188602333333333	0.6135066666666666	0.5865170000000001	0.3676436666666667	4.801167
2.8754856666666666	1.07801	0.9222696666666664	0.4700283333333333	2.880187	2.2040846666666667	0.3282763333333333	4.411837	0.4439766666666666	0.1575029999999999	2.038148333333333	4.673306666666667	0.1133826666666666	2.184225666666667	2.995839	1.35055	1.4044893333333333	0.0870646666666666	2.684285	1.251389	4.073528	1.7734213333333335	3.076386333333333	1.6396106666666663	2.6439	0.8163526666666667	0.8317783333333333	2.864516333333333	2.6081536666666665	0.5932940000000001	0.7996496666666666	0.1169846666666666	7.645806333333334	10.652604333333334	12.904626999999998	3.152546333333333	0.9815396666666668	0.6329563333333333	0.5757693333333334	0.3716109999999999	4.821027333333332
2.851010666666667	0.9381393333333332	0.9671276666666664	0.4600956666666666	2.448955	2.262966	0.2931756666666666	4.462163	0.444216	0.1563283333333333	1.672984	4.761675666666666	0.1080656666666666	2.352576	2.625313	1.187748	1.3463139999999998	0.0850386666666666	2.1716523333333333	1.3964163333333333	4.144809666666666	1.9078133333333331	2.986368	1.6325463333333332	2.615265	0.7951106666666666	0.8464733333333333	2.713894333333333	2.826743	0.5320050000000001	0.8266843333333332	0.134998	7.124491666666667	10.562449999999998	12.880698999999998	3.1479473333333337	0.828433	0.6570409999999999	0.5708150000000001	0.377947	4.816324
2.822991	0.8200253333333332	1.0072883333333331	0.4479076666666667	2.089002333333333	2.317642333333333	0.2605023333333333	4.4943263333333325	0.4429803333333333	0.1557876666666666	1.3866936666666667	4.814329666666667	0.1036709999999999	2.550235333333333	2.323561333333333	1.0573983333333332	1.2972343333333334	0.0837456666666666	1.7487226666666664	1.5478103333333333	4.20375	2.0397103333333333	2.890757	1.6348676666666662	2.5832836666666665	0.7673903333333334	0.8612999999999998	2.5442516666666672	3.049473666666666	0.481415	0.851339	0.15665	6.590220666666667	10.433086	12.818892999999996	3.1508200000000004	0.7111346666666667	0.684997	0.5709233333333333	0.3880843333333333	4.790543
2.7988090000000003	0.720904	1.0417649999999998	0.4355636666666666	1.791778	2.36687	0.230847	4.515354666666666	0.4405443333333333	0.1558336666666666	1.1705923333333332	4.833695666666666	0.0999436666666666	2.7816939999999994	2.080772	0.9518973333333332	1.2562266666666666	0.0827513333333333	1.4114573333333331	1.7082156666666666	4.263255666666667	2.165424	2.7946736666666667	1.6436339999999996	2.553617	0.7336546666666666	0.8762793333333333	2.361817666666666	3.2702066666666667	0.4394973333333333	0.8747836666666666	0.18114	6.061476333333333	10.270107666666666	12.714044333333332	3.1579896666666665	0.6191989999999999	0.7164503333333333	0.5754066666666666	0.4035689999999999	4.743107333333333
2.7813766666666666	0.6385139999999998	1.0696026666666665	0.425116	1.5482589999999998	2.408605	0.2048446666666667	4.529953666666667	0.437374	0.156391	1.011883	4.822716	0.0966606666666666	3.0510686666666667	1.887674	0.8655103333333332	1.2219283333333333	0.0817083333333333	1.1506359999999998	1.8818663333333328	4.332952666666667	2.2820756666666666	2.702481333333333	1.655828	2.529622333333333	0.6947056666666667	0.8912173333333333	2.174652666666667	3.4821106666666664	0.4043319999999999	0.8979709999999999	0.2079033333333333	5.558589	10.076912	12.560268666666666	3.162084333333333	0.5462133333333334	0.7514133333333334	0.5837406666666666	0.4255106666666666	4.670328666666666
2.7658950000000004	0.5708766666666667	1.0900896666666668	0.4176726666666666	1.349566	2.4409376666666667	0.1830036666666666	4.5379223333333325	0.4338563333333333	0.1573263333333333	0.895338	4.783783666666666	0.0936106666666666	3.361771333333333	1.7363386666666665	0.7939663333333333	1.1927313333333331	0.0804613333333333	0.9528693333333332	2.0739856666666663	4.411660666666666	2.387644666666666	2.616862	1.668699333333333	2.508528	0.6516699999999999	0.905495	1.9921643333333332	3.678248666666666	0.374337	0.9212156666666668	0.2368696666666666	5.100009666666667	9.854100666666666	12.353424999999998	3.154656333333333	0.4877083333333333	0.7904513333333333	0.595687	0.4538396666666666	4.564971666666667
2.7464406666666665	0.5157933333333333	1.102820666666667	0.4133619999999999	1.1871036666666668	2.463188	0.165595	4.536710666666667	0.4304973333333333	0.1584696666666666	0.8067053333333335	4.718116666666666	0.0906063333333333	3.717099333333333	1.619806	0.7339383333333332	1.1677863333333334	0.0790183333333333	0.8039276666666666	2.288797	4.493898999999999	2.4808316666666665	2.53877	1.6802969999999997	2.484931	0.605935	0.9184323333333332	1.823882	3.852353	0.3481963333333333	0.9442916666666664	0.268431	4.699368333333334	9.602119999999998	12.093050333333332	3.130209	0.4400683333333333	0.8346016666666666	0.6113366666666666	0.4877099999999999	4.418122333333334
2.722222	0.470425	1.1078756666666667	0.4110913333333333	1.052853	2.4773443333333334	0.1524603333333333	4.523079999999999	0.4282166666666667	0.1595746666666666	0.7363153333333333	4.624803666666667	0.0875399999999999	4.120909333333333	1.5321656666666663	0.6830989999999999	1.148232	0.0775619999999999	0.69143	2.5269193333333333	4.575107666666667	2.5612629999999994	2.466677666666667	1.690309	2.453768333333333	0.5592329999999999	0.9296563333333334	1.6782806666666668	3.999919999999999	0.3248903333333333	0.966387	0.3035983333333333	4.360673	9.323771666666666	11.785494000000002	3.090777333333333	0.4002146666666666	0.8855540000000001	0.63126	0.525707	4.220615666666666
2.696452333333333	0.432153	1.105538	0.4096213333333333	0.939966	2.4866783333333333	0.1431243333333333	4.493764666666666	0.4280686666666667	0.160454	0.6782986666666667	4.501962	0.0843879999999999	4.578168333333332	1.4688073333333331	0.6398659999999999	1.1358886666666663	0.0763276666666666	0.605093	2.784816	4.652774666666666	2.629155	2.397701	1.699501333333333	2.413255	0.5134909999999999	0.939095	1.5622936666666662	4.118190666666667	0.3036873333333333	0.9867373333333332	0.3438463333333333	4.080905333333333	9.022912333333332	11.440078333333332	3.040978666666667	0.365701	0.9457623333333331	0.6563693333333334	0.5668746666666666	3.9665649999999992
2.675952	0.3996053333333333	1.0961136666666669	0.4086259999999999	0.8438696666666666	2.494673333333333	0.1367823333333333	4.445858333333333	0.4310123333333333	0.1610873333333333	0.6310243333333334	4.347613333333332	0.0812763333333333	5.095718	1.4272596666666666	0.6035429999999999	1.1321813333333337	0.0754823333333333	0.537616	3.052538333333333	4.727547	2.6852153333333333	2.3281066666666668	1.7095383333333334	2.3687016666666665	0.470754	0.9470593333333334	1.4802283333333333	4.206813666666666	0.2842546666666666	1.005272333333333	0.3911616666666666	3.849767	8.703348	11.066404333333333	2.984008666666667	0.3351413333333333	1.0189856666666666	0.6878956666666667	0.6118526666666666	3.658363000000001
2.666387666666666	0.3720686666666666	1.0798716666666666	0.408392	0.76137	2.5036723333333333	0.132468	4.376687666666666	0.4377669999999999	0.161565	0.594005	4.160577333333333	0.0783866666666666	5.679931333333333	1.406375	0.5739266666666667	1.1381953333333332	0.0751399999999999	0.4837913333333333	3.316240666666667	4.800561666666667	2.730204	2.253765	1.722338	2.328387	0.432877	0.9539413333333332	1.4347443333333334	4.266602	0.266433	1.0224086666666667	0.4479756666666666	3.6532706666666663	8.368146999999999	10.673670333333334	2.9224056666666662	0.307824	1.11046	0.7272466666666667	0.6621549999999999	3.305572666666666
2.667464	0.3491459999999999	1.0570559999999998	0.4097043333333333	0.6903163333333333	2.5131086666666667	0.1291646666666666	4.28409	0.4486129999999999	0.1620173333333333	0.5654590000000002	3.941578333333333	0.075918	6.333841666666666	1.4060113333333333	0.551204	1.1546533333333333	0.0753563333333333	0.4404809999999999	3.5591763333333333	4.871131333333333	2.7646036666666665	2.1703590000000004	1.7396173333333331	2.3000966666666667	0.4011513333333333	0.9599856666666666	1.427046	4.298809666666666	0.2500913333333333	1.039012	0.5172793333333334	3.475583666666666	8.019215666666666	10.270251333333334	2.8590909999999994	0.283595	1.2277393333333333	0.7759303333333333	0.7197003333333334	2.926473
2.676758333333333	0.330489	1.0281493333333331	0.4131906666666667	0.6289403333333333	2.5202256666666663	0.1260703333333333	4.168679666666666	0.463499	0.162582	0.5427056666666666	3.6925513333333337	0.074065	7.056010666666666	1.4261756666666665	0.5358026666666666	1.181484	0.0762259999999999	0.4056183333333333	3.76486	4.938767333333333	2.789055666666666	2.073944333333333	1.7631236666666668	2.287634333333333	0.3764096666666666	0.9653216666666666	1.4570483333333333	4.304655	0.2351756666666666	1.0562486666666666	0.6023423333333333	3.3015416666666666	7.660717666666667	9.864640333333334	2.797806	0.2624413333333333	1.380048333333333	0.835562	0.7863146666666666	2.543182
2.693012333333333	0.3156796666666667	0.9942606666666668	0.4186939999999999	0.5755223333333332	2.5201366666666667	0.1229403333333333	4.037067	0.4820536666666666	0.1633386666666666	0.52257	3.416491333333333	0.0730256666666666	7.837464999999998	1.4662706666666665	0.5284323333333333	1.217012	0.0779686666666666	0.3777383333333333	3.920374	5.005357333333333	2.804985666666667	1.9616976666666668	1.7948673333333334	2.286242666666667	0.3589913333333333	0.9699953333333332	1.5228516666666667	4.284951	0.2217983333333333	1.075559333333333	0.7064586666666667	3.119251333333333	7.303316666666666	9.466366999999998	2.7438443333333327	0.2441863333333333	1.5781816666666666	0.907859	0.863327	2.178128
2.7160903333333333	0.3043436666666667	0.956912	0.4254066666666666	0.5286433333333334	2.5083053333333334	0.1198953333333333	3.8976859999999993	0.5039293333333333	0.1643393333333333	0.5025833333333333	3.1176823333333337	0.0729466666666666	8.663192333333333	1.5249426666666666	0.5299236666666666	1.2583956666666667	0.0808593333333333	0.3558016666666666	4.017769666666666	5.073528333333333	2.8148883333333328	1.832263	1.836543	2.287455333333334	0.349096	0.9738856666666664	1.621331333333333	4.240249333333333	0.2101029999999999	1.0984219999999998	0.8322183333333332	2.9200516666666667	6.9602483333333325	9.085178	2.703859333333333	0.228461	1.832504666666667	0.9943609999999998	0.952178	1.849949333333333
2.7469550000000003	0.2963436666666666	0.917953	0.4318839999999999	0.487627	2.483133333333333	0.117321	3.756949	0.5291326666666667	0.1655893333333333	0.482336	2.802637666666667	0.0738606666666666	9.511211333333332	1.5996576666666666	0.541162	1.3017093333333334	0.0851396666666666	0.3392413333333333	4.057318	5.145132333333334	2.8230626666666665	1.6867173333333334	1.8886836666666664	2.283014333333333	0.3470743333333332	0.976606	1.7481989999999998	4.170921333333333	0.2001243333333333	1.1261316666666663	0.9803366666666666	2.699799	6.643875	8.729947333333332	2.685653	0.2146593333333333	2.150473	1.0959593333333333	1.055199	1.5681046666666667
2.786718	0.2916696666666666	0.8790423333333333	0.4366396666666666	0.4521843333333333	2.445381333333333	0.115458	3.6174296666666654	0.5578216666666667	0.1670726666666666	0.4620549999999999	2.4799616666666666	0.0756656666666666	10.356700333333333	1.686996333333333	0.56292	1.343228	0.0909559999999999	0.3276833333333333	4.044391999999999	5.221864	2.834964666666666	1.5280296666666666	1.950158	2.268611333333333	0.3533933333333333	0.9777593333333332	1.898693333333333	4.077527666666667	0.1917613333333333	1.159873333333333	1.149052	2.457955333333333	6.362789333333333	8.406883666666667	2.693484	0.2021676666666666	2.534887666666666	1.2126113333333333	1.1759616666666666	1.3357479999999995
2.835580333333333	0.290338	0.8411073333333333	0.4388093333333333	0.4221813333333333	2.3984280000000004	0.1139703333333333	3.4750336666666666	0.5901876666666667	0.1687149999999999	0.4414086666666666	2.1609806666666667	0.0780833333333333	11.174838333333332	1.7825833333333332	0.5957053333333333	1.3809656666666663	0.098253	0.320718	3.988342	5.305906666666667	2.857120333333333	1.3613143333333333	2.0170543333333333	2.248658666666667	0.3686399999999999	0.9772946666666666	2.068029333333333	3.9612336666666654	0.1847019999999999	1.200691333333333	1.3325503333333333	2.198364	6.117895333333333	8.116668333333333	2.7220216666666666	0.1906073333333333	2.980179	1.3426216666666666	1.320167	1.1501376666666667
2.891644	0.291963	0.8046296666666668	0.4382153333333333	0.3972233333333333	2.347329	0.1123556666666666	3.3234116666666664	0.6268393333333333	0.1703966666666666	0.4198793333333332	1.85779	0.080775	11.942284	1.8814156666666664	0.6397803333333333	1.415622	0.1069103333333333	0.3177339999999999	3.8997586666666666	5.399901999999999	2.896863	1.1930286666666663	2.084107	2.2316786666666664	0.3935396666666666	0.9759	2.251577333333333	3.8236556666666655	0.178449	1.2490546666666666	1.5227149999999998	1.9281473333333328	5.906514333333333	7.856486333333333	2.760993	0.1797843333333333	3.474666666666667	1.483168	1.4951283333333332	1.005408
2.949034333333333	0.2952266666666667	0.7698406666666666	0.4357179999999999	0.3762193333333333	2.298399	0.1103393333333333	3.157823333333333	0.6693836666666666	0.1719006666666666	0.397243	1.5813966666666666	0.0834646666666666	12.639140333333334	1.977976333333333	0.695147	1.4523226666666669	0.1168659999999999	0.3177133333333333	3.7883776666666655	5.506800666666666	2.9624810000000004	1.030678	2.1457406666666663	2.2268226666666666	0.4290879999999999	0.975714	2.445045	3.666909333333333	0.1723049999999999	1.3041756666666666	1.7100499999999998	1.6579739999999998	5.725434	7.620934333333333	2.798361666666666	0.1697089999999999	4.000369	1.630356	1.710172	0.8937326666666666
3.0005739999999994	0.2985333333333333	0.737076	0.432574	0.3578816666666666	2.256530666666667	0.1080019999999999	2.977416333333333	0.7202923333333333	0.173055	0.3738559999999999	1.340017	0.0860116666666666	13.249477333333331	2.066863333333333	0.7615486666666667	1.4969036666666669	0.1282626666666666	0.3197129999999999	3.661963333333333	5.628393333333333	3.0624569999999998	0.8814886666666666	2.1976246666666666	2.2401596666666665	0.4766443333333332	0.979726	2.6441513333333333	3.4937570000000004	0.1656503333333333	1.3645736666666668	1.885413	1.3995553333333333	5.573486333333332	7.405229	2.823813	0.1604166666666666	4.536426	1.780027	1.9774216666666664	0.8070563333333333
3.040022	0.300616	0.707151	0.4299969999999999	0.3411999999999999	2.222103333333333	0.1059863333333333	2.788514	0.7829943333333332	0.1738393333333333	0.3510846666666667	1.1362903333333334	0.0885376666666666	13.763478	2.143547	0.8383593333333332	1.5523626666666668	0.1416933333333333	0.323386	3.524443	5.763152333333333	3.204683	0.7509276666666667	2.2386656666666664	2.2701306666666663	0.5382013333333333	0.991468	2.844351333333333	3.3081089999999995	0.1582916666666666	1.4283546666666669	2.041831	1.1635166666666668	5.45438	7.208505333333333	2.832694666666667	0.1518286666666666	5.061173999999999	1.928401	2.3133193333333333	0.7385419999999999
3.0625056666666666	0.300718	0.6810623333333333	0.428873	0.3254756666666666	2.193451	0.1050069999999999	2.5997553333333334	0.8610299999999999	0.174361	0.3305223333333333	0.9692116666666664	0.0913083333333333	14.175174333333333	2.2045326666666667	0.924225	1.618885	0.158078	0.3289369999999999	3.3769053333333328	5.906306999999999	3.395386666666667	0.6426189999999999	2.270080666666667	2.310686	0.6160256666666666	1.0142053333333332	3.0411563333333334	3.115031	0.15036	1.4933413333333334	2.174608	0.958201	5.372871	7.032730999999999	2.825508	0.1438113333333333	5.553879	2.07229	2.732870666666667	0.6825546666666665
3.0655426666666665	0.2989149999999999	0.659744	0.4294613333333332	0.3104383333333333	2.168714	0.1053566666666666	2.418088333333333	0.957152	0.174822	0.3132576666666666	0.8346256666666666	0.0946813333333333	14.481828999999998	2.2480043333333333	1.0164316666666666	1.6930953333333334	0.1787126666666666	0.3372363333333333	3.2173480000000003	6.049083333333334	3.637195333333333	0.5574926666666666	2.295265	2.3529729999999995	0.7124196666666667	1.0500403333333337	3.230548	2.921186666666667	0.1423363333333333	1.557048	2.2822616666666664	0.7875623333333333	5.331097333333333	6.882582	2.809323	0.1362393333333333	5.996795333333333	2.209457	3.242804333333333	0.6351126666666667
3.050056	0.295691	0.6438076666666667	0.4317769999999999	0.295955	2.146681666666667	0.1068586666666666	2.248504333333333	1.073131	0.1754316666666666	0.2996749999999999	0.7271903333333334	0.0990196666666666	14.682448	2.273351	1.111413	1.770298666666667	0.2051289999999999	0.3494676666666667	3.0418849999999997	6.184014	3.9285933333333327	0.4945753333333332	2.318129	2.388745333333333	0.829389	1.099997	3.409005333333333	2.733956	0.1347533333333333	1.6170406666666666	2.3650646666666666	0.6519096666666666	5.328030999999999	6.763900333333334	2.794583666666666	0.129035	6.375689333333334	2.338202	3.840997	0.5935783333333332
3.0226610000000003	0.2917043333333333	0.6332296666666666	0.4359403333333333	0.2818366666666667	2.1275793333333333	0.1086806666666666	2.093500333333333	1.209421	0.1762823333333333	0.2890746666666666	0.6416173333333333	0.1046199999999999	14.777273333333332	2.2812650000000003	1.2049729999999998	1.8461573333333328	0.2391106666666666	0.3669173333333333	2.8451709999999992	6.3104483333333325	4.261614999999999	0.4509609999999999	2.341646666666666	2.4137543333333333	0.9682953333333332	1.163778	3.5737216666666667	2.560779333333333	0.127976	1.6713926666666667	2.4243576666666664	0.5471936666666667	5.357995333333332	6.682557	2.7930746666666666	0.1222243333333333	6.682012666666666	2.457132	4.512890333333333	0.5569599999999999
2.9921293333333336	0.2877976666666667	0.627698	0.44233	0.2680623333333333	2.111944	0.1099073333333333	1.954633	1.3677013333333332	0.1774509999999999	0.2804623333333333	0.5731449999999999	0.111713	14.767283666666664	2.273128	1.292833	1.9171700000000005	0.282563	0.3911383333333333	2.6225716666666665	6.430388333333333	4.623627	0.4230526666666666	2.367246	2.426862333333333	1.1303833333333333	1.2409366666666666	3.722212999999999	2.408529	0.1223359999999999	1.71927	2.461999	0.4675463333333333	5.412839	6.642263666666667	2.8139603333333336	0.1158723333333333	6.912305999999999	2.5649333333333333	5.238697999999999	0.5250053333333332
2.966579	0.2850746666666667	0.6269166666666667	0.4517739999999999	0.255059	2.0994456666666665	0.1100626666666666	1.833715	1.5541573333333332	0.1790366666666666	0.2732303333333333	0.5180623333333333	0.1204466666666666	14.654004999999998	2.250742	1.371167	1.981288333333333	0.3374836666666666	0.4242133333333333	2.3727396666666665	6.544810333333333	4.9972916666666665	0.4074433333333332	2.393715333333333	2.430194	1.3173976666666665	1.3321059999999998	3.852092	2.282611333333333	0.1182713333333333	1.7618726666666666	2.480120666666666	0.4069663333333333	5.483142999999999	6.641677333333334	2.859072666666666	0.1100459999999999	7.0697806666666665	2.6601976666666665	5.9985246666666665	0.4976693333333333
2.952417333333333	0.2844196666666667	0.6308003333333333	0.464875	0.2434263333333333	2.0881436666666664	0.1091433333333333	1.733092333333333	1.7797839999999998	0.1811263333333333	0.2673169999999999	0.473434	0.1309776666666666	14.438441666666666	2.215622	1.436979	2.0370980000000003	0.4058306666666667	0.4684623333333333	2.098243333333333	6.652357	5.363724666666666	0.4012469999999999	2.418638	2.4273286666666665	1.532115	1.4398593333333332	3.961028	2.18679	0.1160686666666666	1.8012786666666667	2.4806436666666665	0.3600899999999999	5.559681333333334	6.676789666666667	2.926089	0.104792	7.161116666666667	2.741546666666666	6.7747150000000005	0.4748449999999999
2.9527053333333333	0.285883	0.6397493333333333	0.4812706666666666	0.2336466666666666	2.0733086666666667	0.1077556666666666	1.6560496666666662	2.0623816666666666	0.1836896666666666	0.263442	0.4370976666666666	0.1435516666666666	14.119898666666664	2.168260333333333	1.4888043333333334	2.0833016666666664	0.4893463333333332	0.5261566666666667	1.807714	6.7476123333333335	5.705094666666667	0.4025463333333332	2.439414333333333	2.422232	1.7793773333333334	1.5705866666666666	4.046771	2.122370333333333	0.1155323333333333	1.839551333333333	2.4646756666666665	0.3230236666666666	5.634878333333333	6.7424903333333335	3.010219	0.100128	7.194626999999999	2.807771666666667	7.554232666666666	0.4561516666666666
2.967443666666666	0.2888003333333333	0.6542876666666666	0.5001336666666667	0.2259143333333333	2.049878	0.1066339999999999	1.6064489999999996	2.422678	0.1866026666666666	0.2623396666666666	0.4072553333333333	0.1585333333333333	13.697332	2.108309	1.526221	2.118753	0.5889196666666666	0.5991016666666666	1.5133666666666663	6.824197333333333	6.006484	0.4101939999999999	2.454158333333333	2.418751666666666	2.065840333333333	1.7350736666666666	4.107011666666666	2.0894	0.1160553333333333	1.8783543333333328	2.4323583333333336	0.2930586666666666	5.703048666666666	6.834384666666666	3.105679	0.0960003333333333	7.177112	2.857965333333333	8.324537666666666	0.4409036666666666
2.992483	0.291688	0.6747743333333333	0.5206216666666666	0.2198539999999999	2.014972	0.106212	1.5884076666666669	2.8809973333333336	0.1896093333333333	0.2639519999999999	0.3822553333333333	0.1764586666666666	13.170956	2.034565333333333	1.5497763333333332	2.142755333333333	0.7035629999999999	0.6880103333333334	1.22988	6.877498666666667	6.258869666666666	0.4238923333333333	2.46274	2.4202096666666666	2.400551666666667	1.950927	4.139282000000001	2.087432333333333	0.116605	1.918547	2.382342666666667	0.268809	5.7612586666666665	6.950723999999999	3.2065343333333334	0.0922316666666666	7.110323333333333	2.891743	9.069591666666666	0.4280123333333333
3.0209213333333333	0.2930766666666667	0.7013053333333333	0.5425326666666667	0.2148936666666666	1.968732333333333	0.1065819999999999	1.604469333333333	3.451479	0.1924713333333333	0.2675646666666666	0.3607076666666666	0.1980039999999999	12.544455666666666	1.945776333333333	1.560519	2.1557133333333334	0.830503	0.7927649999999999	0.971627	6.904516999999999	6.457602666666666	0.44365	2.466016333333333	2.429431333333333	2.794186333333333	2.2398466666666668	4.141348	2.1165716666666663	0.1162163333333333	1.9612013333333331	2.312412333333333	0.249435	5.807415333333333	7.091587333333333	3.3079266666666665	0.0886196666666666	6.991996333333332	2.909024	9.770702	0.4164546666666666
3.043572666666667	0.2923433333333333	0.7336296666666665	0.5672136666666667	0.2105519999999999	1.916018	0.1073933333333333	1.6533386666666663	4.1334073333333325	0.1950899999999999	0.2717463333333333	0.3417676666666667	0.223996	11.828821666666666	1.841505	1.559729666666667	2.160186333333333	0.9646073333333332	0.9122723333333332	0.7497436666666666	6.904189999999999	6.602618999999999	0.4693723333333333	2.465348333333333	2.448385	3.258865666666667	2.626268333333333	4.111815333333333	2.178714333333333	0.1145503333333333	2.009125333333333	2.219834666666667	0.2341033333333333	5.838964333333333	7.258553333333333	3.4076796666666667	0.0850336666666666	6.815598333333333	2.909914	10.407174	0.4058159999999999
3.052685666666666	0.2897866666666666	0.7715446666666667	0.5971263333333333	0.2065943333333333	1.8631366666666664	0.1082016666666666	1.732616333333333	4.9124126666666665	0.1975353333333333	0.275049	0.3252039999999999	0.2553936666666666	11.041503	1.7223646666666663	1.5484306666666665	2.1595283333333333	1.099394	1.0444463333333334	0.5709916666666666	6.877239666666666	6.695807333333333	0.500671	2.4617223333333333	2.476872	3.805823	3.133066	4.050429666666666	2.277275333333333	0.1118989999999999	2.069643333333333	2.1024016666666667	0.2218953333333333	5.8545126666666665	7.452404	3.505372	0.0814656666666666	6.573524333333332	2.894611333333333	10.961097	0.3962946666666666
3.0463306666666665	0.2869306666666666	0.8153806666666665	0.6358276666666667	0.2032176666666666	1.815097	0.1088263333333333	1.8411	5.756264333333333	0.2000806666666666	0.276714	0.3116393333333333	0.2933469999999999	10.207915	1.5906793333333336	1.5268026666666668	2.1567736666666666	1.2276116666666663	1.1856466666666667	0.4349673333333333	6.826933666666666	6.739394666666667	0.5365893333333334	2.4549159999999994	2.510418	4.442473666666666	3.775473333333333	3.9588583333333336	2.417434666666667	0.1093996666666666	2.159237666666667	1.959774	0.211749	5.856023333333332	7.670375333333332	3.6022159999999994	0.078105	6.260060666666666	2.863412333333333	11.423280666666669	0.3888833333333332
3.027962	0.2855403333333333	0.8659016666666667	0.6871886666666667	0.2007296666666666	1.7753733333333332	0.1093893333333333	1.977681333333333	6.622907333333332	0.2030453333333333	0.2770153333333333	0.3016773333333333	0.3394129999999999	9.356045666666668	1.4497776666666666	1.494522333333333	2.154214	1.3425846666666663	1.3309623333333331	0.3369423333333333	6.758831666666666	6.735404666666667	0.575912	2.444875333333333	2.542886333333333	5.171000666666666	4.553624999999999	3.839988	2.604491666666666	0.1083119999999999	2.3005336666666665	1.7939596666666668	0.202787	5.846789333333333	7.905680666666667	3.7010136666666655	0.0751766666666666	5.873508333333333	2.8170546666666665	11.790205666666669	0.3845359999999999
3.007628	0.2866993333333333	0.9243826666666666	0.7548239999999999	0.199254	1.745153	0.1104563333333333	2.139847	7.464636666666666	0.2066299999999999	0.2778266666666666	0.294979	0.3959273333333333	8.512096	1.303731	1.4509203333333334	2.1526666666666667	1.4398446666666664	1.473987	0.2690043333333333	6.681119666666667	6.685241666666666	0.617353	2.4332556666666663	2.568617	5.984561666666666	5.438684666666667	3.697702333333333	2.842205	0.109349	2.521353	1.6106796666666665	0.1947053333333333	5.829580999999999	8.145583666666667	3.806601333333333	0.0727739999999999	5.419925	2.757264	12.062958	0.3833079999999999
2.996446333333333	0.2908323333333333	0.9920933333333332	0.8422489999999999	0.1987646666666666	1.7232436666666664	0.1125633333333333	2.322465666666666	8.235985333333332	0.2109326666666666	0.2810766666666666	0.2903529999999999	0.4657979999999999	7.698848	1.1568633333333331	1.3953463333333331	2.1509883333333333	1.516932	1.6080996666666665	0.222489	6.60029	6.589816333333333	0.6596556666666666	2.4231216666666664	2.583538	6.867994	6.382379666666665	3.5361359999999995	3.13201	0.1126533333333333	2.849683	1.4177296666666668	0.187642	5.804747	8.374551666666667	3.922478	0.0708326666666666	4.911225999999999	2.686467	12.243768	0.3843919999999999
3.001411666666667	0.2975486666666666	1.06988	0.9530553333333334	0.199081	1.705091	0.1157746666666666	2.515719333333333	8.902522333333334	0.2159283333333333	0.287139	0.285626	0.552441	6.932909333333333	1.013443	1.3275063333333332	2.144961	1.574	1.7276996666666666	0.1899113333333333	6.516053333333332	6.449493666666666	0.7016366666666667	2.4189946666666664	2.586831333333333	7.794783999999999	7.319504333333333	3.3591236666666666	3.4712663333333325	0.117621	3.3078803333333333	1.2241073333333334	0.1821513333333333	5.767556333333332	8.576597333333332	4.047022999999999	0.069049	4.365629	2.607733333333333	12.333201333333331	0.3859459999999999
3.024753333333333	0.306281	1.1584413333333332	1.090745	0.1999993333333333	1.6853926666666663	0.1197526666666666	2.707652	9.442318	0.221536	0.2950206666666666	0.2788173333333333	0.659133	6.225861666666667	0.8774256666666665	1.2475393333333331	2.1297653333333333	1.6126433333333334	1.828694	0.165514	6.423042333333333	6.264476666666666	0.7421279999999999	2.425268	2.5803993333333333	8.729838333333333	8.182531333333332	3.170473666666666	3.853804333333333	0.1234369999999999	3.9061486666666654	1.0385456666666668	0.1788646666666666	5.710751	8.738779333333332	4.1763406666666665	0.0670976666666666	3.804261	2.524053666666666	12.328528	0.3861506666666666
3.061942333333333	0.316868	1.2586746666666666	1.258851333333333	0.2014096666666666	1.660387	0.1238069999999999	2.88647	9.852458	0.227663	0.3021813333333333	0.2693943333333333	0.788248	5.583320333333332	0.752072	1.156281	2.102251333333333	1.6353836666666666	1.9095373333333332	0.1463303333333333	6.311169666666667	6.035177999999999	0.7798980000000001	2.444507	2.5692716666666664	9.628813333333332	8.915647666666667	2.974274333333333	4.268971333333333	0.1295076666666666	4.630628	0.8680150000000001	0.1781533333333333	5.626636333333333	8.855789	4.306190999999999	0.064843	3.249112666666666	2.437587333333333	12.221535333333332	0.3842993333333332
3.1061723333333333	0.329649	1.371799	1.4633376666666666	0.2033319999999999	1.6275996666666666	0.1273973333333333	3.044934	10.142965333333333	0.2342499999999999	0.3061053333333333	0.2580283333333333	0.9411006666666666	5.007428333333333	0.6398636666666666	1.055364	2.060449	1.6447693333333333	1.9703873333333333	0.1307776666666666	6.1714063333333335	5.762814999999999	0.8137246666666668	2.477293333333333	2.558613666666666	10.444741	9.482303666666663	2.774799	4.703166666666666	0.1355813333333333	5.448925666666666	0.7175576666666665	0.180111	5.511416666666666	8.927604666666666	4.430998666666666	0.062331	2.721123333333333	2.349632	12.00455033333333	0.3806863333333333
3.1518939999999995	0.3457176666666666	1.4995766666666666	1.716189	0.2059946666666666	1.5860686666666668	0.1307736666666666	3.186291333333333	10.336115333333334	0.241337	0.3058323333333333	0.2466963333333333	1.117359	4.497671666666666	0.5420816666666666	0.947668	2.003571	1.642588	2.0129336666666666	0.1178423333333333	6.001791	5.4505333333333335	0.8424969999999999	2.5214486666666667	2.550944333333333	11.134313	9.879798333333332	2.576393	5.140171666666666	0.1419316666666666	6.308474	0.5894213333333334	0.1844453333333333	5.370801333333333	8.959097666666665	4.542187333333334	0.0598306666666666	2.237922	2.2603276666666665	11.677213666666663	0.3767863333333333
3.195311333333333	0.366428	1.6436566666666663	2.034063333333333	0.209692	1.5368073333333332	0.1347776666666666	3.318758666666666	10.458468	0.2490376666666666	0.3017689999999999	0.237458	1.3156403333333333	4.051932333333333	0.4590926666666666	0.8369416666666667	1.9324413333333328	1.6298093333333332	2.039357666666666	0.1068073333333333	5.805191	5.104428333333332	0.8654246666666666	2.574084666666667	2.5470076666666666	11.664807333333332	10.125269666666666	2.383062	5.5631113333333335	0.1490573333333333	7.148876	0.4841743333333334	0.1908056666666666	5.215517999999999	8.957011333333332	4.630683333333334	0.0576493333333333	1.8132936666666668	2.169407	11.247125333333331	0.3742746666666666
3.2353069999999997	0.393002	1.804717333333333	2.438411	0.2146406666666666	1.4840806666666668	0.1408786666666666	3.451756333333333	10.53478	0.2575473333333333	0.29584	0.2312976666666666	1.5336913333333335	3.666579666666667	0.390235	0.7277556666666667	1.8507066666666667	1.6062453333333333	2.051577	0.0972143333333333	5.588676	4.735888666666666	0.8823813333333332	2.633410333333333	2.5461806666666664	12.025460333333331	10.249446666666666	2.197884	5.9562116666666665	0.1574443333333333	7.911309999999999	0.401077	0.1990856666666666	5.058551	8.928111	4.689781666666667	0.0559513333333333	1.4549273333333337	2.0768210000000003	10.733114999999998	0.3741476666666666
3.272821333333333	0.4261693333333333	1.981508	2.950544333333333	0.2207946666666666	1.4333733333333332	0.1503206666666666	3.593852	10.582851333333332	0.2670356666666666	0.2903389999999999	0.2281143333333333	1.7691923333333333	3.3367603333333338	0.3341099999999999	0.624828	1.763186	1.5710006666666667	2.050986	0.0887206666666666	5.361349666666667	4.360441666666666	0.8938083333333332	2.6992706666666666	2.5472209999999995	12.222048666666666	10.285901666666666	2.0231966666666663	6.305905333333333	0.16734	8.547936666666667	0.3384233333333333	0.2095543333333333	4.912845	8.879439333333332	4.717924666666667	0.05476	1.165164	1.983002	10.158498	0.3765959999999999
3.311005333333333	0.4657173333333333	2.1691546666666666	3.585756	0.2275859999999999	1.3897476666666666	0.1632943333333333	3.75085	10.605665	0.2775579999999999	0.286894	0.2264363333333333	2.020416333333333	3.0561606666666665	0.2885546666666666	0.5323469999999999	1.6746996666666667	1.5226256666666669	2.038072	0.0809879999999999	5.133174333333333	3.998052333333333	0.9007883333333332	2.773997333333333	2.548577	12.277706	10.262457	1.8604836666666664	6.602915333333333	0.1785	9.035523666666666	0.2934106666666666	0.223062	4.789340999999999	8.818824	4.723020666666666	0.0539153333333333	0.9394556666666666	1.889264	9.546131333333332	0.3807016666666666
3.35306	0.511178	2.3606576666666665	4.347199	0.2343276666666666	1.356804333333333	0.1791903333333333	3.926175	10.593898333333332	0.289126	0.2861543333333333	0.224465	2.285654666666667	2.8180523333333327	0.2511929999999999	0.4533183333333333	1.5892176666666669	1.4594356666666668	2.0127683333333333	0.0737446666666666	4.912840999999999	3.669282	0.9045123333333333	2.8599693333333334	2.547938666666666	12.221308666666664	10.198269333333332	1.710787333333333	6.841725666666666	0.190627	9.370758	0.2627303333333333	0.2406393333333333	4.696824333333333	8.753622333333333	4.715397333333334	0.0532366666666666	0.7691396666666667	1.7971286666666664	8.916473666666667	0.385295
3.4002123333333327	0.5625103333333333	2.547677	5.214512666666666	0.2406156666666666	1.3352123333333334	0.1967299999999999	4.120255333333333	10.523758333333332	0.3018123333333333	0.2871936666666667	0.2210366666666666	2.562526	2.616273	0.219899	0.3884653333333334	1.508869	1.3797903333333332	1.974626666666667	0.0668423333333333	4.705230333333334	3.391492	0.9057816666666668	2.9570946666666664	2.541576333333333	12.078524666666668	10.097849333333333	1.574895333333333	7.021627333333332	0.2038489999999999	9.573102666666664	0.2429863333333333	0.2631373333333333	4.640827	8.688982	4.701258999999999	0.0526623333333333	0.6425226666666666	1.7077536666666668	8.285534333333333	0.3897606666666666
3.4521883333333334	0.6203076666666667	2.72213	6.149499333333333	0.2465453333333332	1.3235486666666665	0.2146789999999999	4.330720333333333	10.365278333333332	0.3158286666666666	0.2884259999999999	0.215707	2.847612	2.4459426666666664	0.1930336666666666	0.3370006666666666	1.4344953333333337	1.282812	1.9232213333333332	0.0602886666666666	4.5120613333333335	3.177173	0.9050316666666668	3.0629506666666666	2.525851	11.867833333333332	9.955456333333332	1.4535526666666665	7.144615666666666	0.2188566666666666	9.671796999999998	0.2310166666666666	0.291238	4.623809333333333	8.626756	4.680711666666666	0.0522516666666666	0.5477146666666667	1.6217343333333332	7.668954333333333	0.3940786666666666
3.507231666666666	0.686151	2.877860666666667	7.095239666666666	0.2530449999999999	1.3184663333333333	0.2326619999999999	4.5513856666666666	10.088594666666664	0.3316886666666666	0.2882973333333333	0.209097	3.135672	2.304601	0.1698223333333333	0.2968443333333334	1.365821333333333	1.169498333333333	1.858562	0.0542689999999999	4.331261333333333	3.03037	0.9022793333333332	3.1723236666666668	2.499046	11.594552	9.755294	1.347613	7.214414999999999	0.2372253333333333	9.697201	0.2243089999999999	0.3254536666666666	4.643913	8.563232	4.6443026666666665	0.0522056666666666	0.4752159999999999	1.538803	7.086086	0.399077
3.562242	0.7614193333333332	3.010716333333333	7.989973333333332	0.2612969999999999	1.316382333333333	0.2510626666666666	4.773884666666666	9.671992	0.350063	0.2856933333333333	0.2023176666666666	3.420009333333333	2.1908833333333333	0.1499346666666666	0.2655513333333333	1.302183	1.042646	1.7809606666666664	0.049027	4.157720333333334	2.9491503333333333	0.8976523333333333	3.279868333333333	2.462266333333333	11.256291333333332	9.476854666666666	1.2581343333333332	7.234544333333332	0.260817	9.674981	0.220865	0.3665439999999999	4.696273333333332	8.492203	4.580403	0.0527756666666666	0.417834	1.4582746666666664	6.559625333333333	0.4059376666666666
3.6125186666666655	0.8459793333333332	3.119334666666667	8.779309333333334	0.2722019999999999	1.3151063333333333	0.271221	4.988703999999999	9.113369	0.3717406666666666	0.2804536666666666	0.196591	3.6922866666666665	2.1035836666666667	0.1332223333333333	0.2410526666666666	1.2430603333333334	0.9074906666666668	1.6911166666666666	0.0446849999999999	3.982978	2.9256489999999995	0.8919489999999999	3.3827026666666664	2.421287	10.845495666666666	9.098124333333336	1.1864956666666666	7.206457333333332	0.2913296666666666	9.618981	0.2192883333333333	0.416025	4.773145333333334	8.407399999999999	4.482111	0.0541876666666666	0.3713959999999999	1.3793986666666669	6.115808333333334	0.4158623333333333
3.653744666666667	0.9382436666666668	3.203697	9.422908	0.2862189999999999	1.314034	0.2946296666666666	5.188262	8.427450666666665	0.3975293333333333	0.2730536666666667	0.192676	3.943715666666666	2.041096666666667	0.1194619999999999	0.2218273333333333	1.1876856666666666	0.7706189999999999	1.5904809999999998	0.0412666666666666	3.798952666666666	2.949567666666667	0.8865466666666667	3.480172333333333	2.3835239999999995	10.353637666666668	8.599421666666666	1.134021333333333	7.129774333333333	0.33022	9.531974333333332	0.2184959999999999	0.475809	4.866482666666666	8.305527999999999	4.3491843333333335	0.0566056666666666	0.3333893333333333	1.301503333333333	5.779419	0.429648
3.684173333333333	1.034795666666667	3.264297	9.906422333333332	0.3030756666666666	1.3146966666666666	0.3222766666666666	5.37095	7.649602666666666	0.4282486666666666	0.2644926666666666	0.1902276666666666	4.166042333333333	2.000912	0.1081206666666666	0.207226	1.1345906666666663	0.6393573333333333	1.4820723333333332	0.0386256666666666	3.6018289999999995	3.0103949999999995	0.8834646666666667	3.574117333333333	2.3554063333333333	9.774765333333333	7.969140333333333	1.101574	7.001986	0.3786676666666666	9.402102666666666	0.2176319999999999	0.5478879999999999	4.970551666666666	8.190460333333332	4.191687333333333	0.0600899999999999	0.302396	1.2241746666666669	5.567993	0.4472113333333333
3.703724	1.1316213333333334	3.3019286666666665	10.234118666666664	0.3223016666666666	1.318132	0.3547323333333333	5.540684000000001	6.825856333333333	0.4647806666666666	0.2558026666666666	0.1884706666666666	4.3517763333333335	1.9806256666666664	0.0986146666666666	0.1968616666666666	1.0819856666666667	0.5203583333333334	1.3702566666666665	0.0366159999999999	3.3910943333333328	3.098276333333333	0.8848176666666667	3.666198333333333	2.340195	9.107258	7.210701	1.089751	6.820120333333333	0.4381079999999999	9.209619666666663	0.2161383333333333	0.633669	5.083632	8.071513666666666	4.022393	0.06471	0.2773986666666667	1.1469939999999998	5.4926976666666665	0.4681863333333333
3.713760333333333	1.225153333333333	3.317713333333333	10.428655666666664	0.3436636666666667	1.322207666666667	0.3921823333333333	5.708377666666666	6.0073316666666665	0.5082316666666666	0.2476176666666666	0.1868423333333333	4.494753333333333	1.9790166666666664	0.0905583333333333	0.1901253333333333	1.0282749999999998	0.4179226666666666	1.2610273333333335	0.035195	3.169844666666666	3.204989333333333	0.8923206666666665	3.7552623333333335	2.334941333333333	8.357511333333333	6.355949333333333	1.0990706666666668	6.582311999999999	0.5108653333333333	8.930237666666667	0.2139953333333333	0.7330389999999999	5.211082333333333	7.963748333333332	3.850186	0.0706866666666666	0.257452	1.069352	5.556583333333333	0.4925266666666666
3.716851333333333	1.3126106666666666	3.3129570000000004	10.518385999999998	0.3672073333333333	1.3234903333333334	0.4347366666666666	5.886894999999999	5.241916	0.5599576666666666	0.240444	0.185519	4.590407666666666	1.9956806666666664	0.0837866666666666	0.1862569999999999	0.973256	0.3342503333333333	1.1606023333333333	0.0343893333333333	2.944045333333333	3.324332	0.9073743333333332	3.838573	2.3342463333333336	7.539492333333333	5.455611666666667	1.130569	6.288537666666666	0.599548	8.539254666666666	0.2115353333333333	0.8447063333333333	5.361650999999999	7.884169999999999	3.679991333333333	0.0784506666666666	0.2416106666666666	0.990714333333333	5.756388666666666	0.520906
3.717008333333333	1.3925863333333333	3.289028666666667	10.527750666666666	0.3933093333333333	1.3189513333333334	0.4827103333333333	6.086662666666666	4.564814333333333	0.6217356666666666	0.2348856666666666	0.1861336666666666	4.636782333333333	2.0308153333333334	0.0784053333333333	0.1844189999999999	0.919801	0.2688976666666667	1.074064	0.034225	2.7229476666666668	3.453337333333333	0.9310556666666666	3.912733666666667	2.333417333333333	6.677793999999999	4.576605666666667	1.1865583333333332	5.942161666666666	0.7064443333333333	8.015987	0.2093779999999999	0.9661003333333332	5.54475	7.848646333333333	3.5118126666666667	0.0887699999999999	0.228993	0.9110183333333334	6.081343333333333	0.555298
3.717493	1.4642903333333332	3.2469746666666666	10.475634333333332	0.4223669999999999	1.3072603333333332	0.5365549999999999	6.313566	3.997581666666666	0.695538	0.231501	0.1904369999999999	4.6339776666666666	2.084223333333333	0.0745593333333333	0.1839253333333333	0.871616	0.219935	1.0048733333333335	0.0346816666666666	2.515648	3.591069333333333	0.964137	3.9751223333333336	2.330814	5.805365999999999	3.787667333333333	1.2698666666666667	5.549512666666665	0.8327903333333333	7.350792	0.2081846666666666	1.0942776666666667	5.766925333333332	7.869059666666667	3.3437626666666667	0.10239	0.218882	0.8308536666666665	6.516028333333333	0.5976923333333334
3.7184946666666665	1.5270603333333332	3.1869883333333333	10.37204	0.4544476666666666	1.290627666666667	0.5968323333333334	6.565400666666666	3.541706333333333	0.7833859999999999	0.230572	0.1989413333333333	4.584469	2.154203666666666	0.0722026666666666	0.1844996666666666	0.831359	0.1844523333333333	0.9538213333333332	0.0356009999999999	2.327669333333333	3.738168	1.0069026666666665	4.025452666666667	2.3310006666666667	4.964717666666667	3.145295	1.383147	5.120781	0.977618	6.557133333333334	0.20842	1.2265903333333332	6.0273536666666665	7.949031333333332	3.174459333333333	0.1196549999999999	0.2109443333333333	0.7518943333333333	7.041091999999999	0.6487259999999999
3.719048666666666	1.5800949999999998	3.108797333333333	10.218651	0.4893383333333333	1.273561	0.6640703333333333	6.835148666666665	3.185248333333333	0.8870639999999999	0.2320016666666666	0.2107763333333333	4.492091666666667	2.238132333333333	0.0711333333333333	0.1860783333333333	0.8010983333333332	0.159345	0.9201589999999998	0.036787	2.161872333333333	3.895264333333333	1.0589186666666666	4.064403	2.3411913333333336	4.201675000000001	2.6858526666666664	1.5281146666666667	4.668733999999998	1.1381523333333332	5.667061333333333	0.2103156666666666	1.360728333333333	6.3200140000000005	8.086473	3.0052186666666665	0.1404226666666666	0.2049743333333333	0.6762713333333332	7.635866333333333	0.7074826666666667
3.718593	1.6222736666666668	3.0119683333333334	10.005853	0.5264906666666667	1.2622009999999997	0.7386616666666668	7.112590666666666	2.9039783333333333	1.007688	0.2351033333333333	0.223171	4.361648333333333	2.3327806666666664	0.070986	0.188663	0.7826693333333333	0.1419453333333333	0.9021443333333332	0.038088	2.0184596666666668	4.061415666666667	1.1184906666666667	4.092552666666666	2.3683553333333336	3.559840666666667	2.410230666666666	1.7043879999999998	4.208530333333333	1.309593	4.733779666666666	0.2137483333333333	1.494784	6.634143666666667	8.273954666666667	2.843051	0.1638233333333333	0.2007106666666666	0.60612	8.280303333333332	0.7708066666666666
3.716265	1.6525756666666669	2.896841	9.717519666666666	0.5654583333333333	1.2611403333333333	0.821151	7.388089666666666	2.6699933333333328	1.1454386666666665	0.2392336666666666	0.233002	4.198139666666666	2.435034333333333	0.0713983333333333	0.1922123333333333	0.7772279999999998	0.1300656666666666	0.8979903333333332	0.0394533333333333	1.895648	4.233808	1.1831836666666666	4.110151666666667	2.416284	3.073169333333333	2.298112	1.909901333333333	3.7559386666666654	1.4866469999999998	3.81908	0.2185026666666666	1.6270209999999998	6.9587753333333335	8.501812666666666	2.698036	0.1885423333333333	0.1978083333333333	0.5432306666666666	8.956309333333333	0.8347046666666667
3.709751333333333	1.670599	2.765860333333333	9.333230666666667	0.6063449999999999	1.269715	0.9126126666666666	7.656255333333332	2.458481	1.2988716666666664	0.244422	0.2382576666666666	4.0061496666666665	2.5425826666666667	0.0721583333333333	0.1965316666666666	0.7843653333333332	0.1222266666666666	0.9066736666666666	0.0410169999999999	1.7892266666666667	4.406794333333333	1.2500643333333332	4.116979333333333	2.4817436666666666	2.754441333333333	2.313795333333333	2.140634	3.3257536666666665	1.664883333333333	2.9837866666666666	0.2244813333333333	1.755671	7.286884666666666	8.759999666666666	2.5812223333333333	0.2129869999999999	0.195822	0.4886016666666666	9.649786333333331	0.8954813333333332
3.6945233333333336	1.6764296666666667	2.6237003333333337	8.832876999999998	0.6496916666666666	1.2840616666666669	1.0146086666666667	7.914125999999999	2.2503243333333334	1.4651653333333332	0.2510059999999999	0.23851	3.789659333333333	2.653518	0.0732143333333333	0.2014153333333333	0.80197	0.1174313333333333	0.927627	0.0429923333333333	1.6925813333333333	4.573051333333334	1.316231666666667	4.113072	2.557761	2.599244333333333	2.4165106666666665	2.3914176666666664	2.930474666666666	1.841040333333333	2.277135	0.231821	1.8787143333333327	7.614228333333333	9.038313666666667	2.4991486666666662	0.2356779999999999	0.1943273333333333	0.4425639999999999	10.349741	0.95055
3.6627696666666663	1.6706806666666667	2.478172666666666	8.202117666666668	0.696477	1.2982506666666669	1.1292553333333335	8.160347333333332	2.036620666666667	1.6397883333333332	0.259326	0.2358006666666666	3.551687333333333	2.766019	0.0747133333333333	0.2067786666666666	0.8254413333333332	0.1151756666666666	0.9605626666666665	0.0455876666666666	1.5962236666666667	4.724095666666666	1.3792996666666666	4.099593666666666	2.6357923333333333	2.5833626666666665	2.5675606666666666	2.656168666666667	2.5780226666666666	2.0137383333333334	1.7216859999999998	0.2410529999999999	1.993535333333333	7.939087666666666	9.326410666666668	2.446810666666667	0.255696	0.1930643333333333	0.4046483333333333	11.048657	0.999526
3.608724333333333	1.6540876666666666	2.338330666666667	7.438867999999999	0.7478303333333334	1.3070173333333333	1.2585406666666663	8.395817333333333	1.81574	1.8171016666666664	0.2696696666666666	0.2329256666666666	3.294881333333333	2.8778483333333327	0.0768636666666666	0.2126443333333333	0.8490133333333332	0.1152489999999999	1.0052143333333332	0.048956	1.493385	4.851497333333333	1.437331666666667	4.078522333333333	2.708862	2.6735289999999994	2.7341686666666662	2.928063666666666	2.272375333333333	2.182822	1.3187660000000003	0.2529896666666666	2.0970726666666666	8.261828999999999	9.614400666666668	2.4128166666666666	0.2725373333333333	0.1919263333333333	0.373971	11.740845666666663	1.042911666666667
3.53508	1.6271653333333334	2.212955	6.565163333333333	0.804794	1.308571	1.4035380000000002	8.625453	1.5933296666666663	1.990521	0.282219	0.2319259999999999	3.022010333333333	2.9857603333333333	0.0798056666666666	0.2191299999999999	0.8668156666666665	0.1176929999999999	1.0611356666666665	0.0531239999999999	1.386889	4.94814	1.4889056666666665	4.052612666666667	2.775	2.8341683333333325	2.895205666666667	3.1994083333333334	2.012628	2.3491949999999995	1.045929333333333	0.268702	2.185802333333333	8.585414999999998	9.893831	2.3827983333333336	0.2861266666666666	0.1909929999999999	0.3494006666666666	12.421528666666664	1.0810826666666666
3.451217	1.5900916666666665	2.1094706666666667	5.6208686666666665	0.8682483333333333	1.3037173333333334	1.564525333333333	8.855943666666665	1.378176333333333	2.153521	0.297214	0.2337966666666666	2.7364646666666665	3.0859983333333334	0.0835876666666666	0.2263773333333333	0.87494	0.1226626666666666	1.1276056666666665	0.0580743333333333	1.286722666666667	5.008922999999999	1.532957	4.024877	2.8352406666666665	3.032633	3.037654333333333	3.4624646666666665	1.7950616666666666	2.513875333333333	0.8708673333333332	0.2895046666666666	2.256335	8.913556666666667	10.158231999999998	2.3459103333333333	0.296612	0.1904173333333333	0.3297236666666666	13.084908333333331	1.1139793333333332
3.3731416666666663	1.5425483333333332	2.032313	4.663894999999999	0.9388056666666666	1.2957006666666666	1.7407903333333334	9.093814	1.179576	2.300677	0.3150863333333333	0.2378973333333333	2.4430106666666664	3.174710666666667	0.0881089999999999	0.234454	0.8741783333333333	0.1303699999999999	1.203436	0.0638006666666666	1.209528	5.032319666666666	1.5687483333333332	3.998192333333333	2.892411	3.244718	3.1563696666666665	3.7103696666666655	1.6140046666666668	2.6771406666666664	0.7607866666666666	0.3170006666666667	2.306044	9.248863333333333	10.404613	2.302067333333333	0.3042693333333333	0.1903286666666666	0.3137066666666667	13.721704666666666	1.1407536666666669
3.315027333333333	1.4842973333333334	1.983349	3.7559326666666655	1.0170513333333333	1.287909	1.9311643333333333	9.341890333333334	1.0051359999999998	2.4279173333333333	0.3364083333333333	0.2429409999999999	2.147714333333333	3.2484993333333327	0.09324	0.2433456666666666	0.8680466666666666	0.1410236666666666	1.2869796666666666	0.0703363333333333	1.170398	5.019672333333334	1.5957206666666668	3.975060666666667	2.948168	3.451380333333333	3.2503536666666664	3.937538	1.4632893333333332	2.8384486666666664	0.6876333333333333	0.3528123333333333	2.3330549999999994	9.590446666666663	10.632816999999998	2.2567503333333336	0.3094016666666666	0.1908323333333333	0.3002046666666667	14.318566999999998	1.160356333333333
3.2800466666666663	1.4158666666666666	1.9612236666666665	2.949490333333333	1.1037933333333334	1.2816853333333331	2.134330333333333	9.594654333333333	0.8581796666666667	2.5332846666666664	0.3618286666666667	0.2476963333333333	1.858304	3.3051896666666667	0.0989216666666666	0.2528796666666666	0.8616386666666667	0.1548103333333333	1.3759296666666665	0.0777786666666666	1.1739376666666668	4.975627666666667	1.6133786666666667	3.957233333333333	2.999933333333333	3.637549333333333	3.321183	4.140630666666667	1.3373506666666666	2.9960576666666663	0.634176	0.3982413333333333	2.3364873333333334	9.930470666666666	10.845958666666666	2.217244	0.3122573333333333	0.1919926666666666	0.2882693333333333	14.855838333333336	1.17203
3.2625676666666665	1.3386653333333332	1.962841333333333	2.281795666666667	1.2001613333333334	1.2766406666666663	2.3491276666666665	9.842908	0.7389129999999999	2.6162056666666667	0.3919163333333333	0.2512396666666666	1.5829226666666667	3.343551333333333	0.1051716666666666	0.2628256666666667	0.859421	0.1719596666666666	1.4674683333333332	0.086246	1.2149386666666666	4.906306333333333	1.6211463333333334	3.945849	3.043623666666666	3.791355	3.371084	4.318031	1.2313046666666665	3.147313333333333	0.5905233333333333	0.4540133333333332	2.3162596666666664	10.259140666666667	11.047954	2.187933333333333	0.313025	0.193912	0.2771516666666667	15.309800666666664	1.1753873333333331
3.24799	1.2554263333333333	1.9840133333333327	1.763057	1.3078003333333337	1.2705236666666664	2.5748213333333334	10.077651666666666	0.6445059999999999	2.6773036666666665	0.426965	0.2532163333333333	1.3289873333333333	3.363433333333333	0.1120936666666666	0.2729303333333333	0.862904	0.1928833333333333	1.5582569999999998	0.0958186666666666	1.276199	4.818091333333333	1.6181706666666666	3.941318	3.076055333333333	3.9053016666666656	3.4016036666666665	4.470081666666666	1.1412089999999997	3.288529	0.5533259999999999	0.5196936666666666	2.273230666666666	10.569328	11.241331	2.165153666666667	0.3117986666666666	0.1968076666666666	0.2663693333333333	15.653664	1.170562333333333
3.2221066666666665	1.1694973333333332	2.020145	1.3849756666666668	1.4284993333333331	1.261102333333333	2.810781333333333	10.294428666666663	0.5711133333333333	2.71762	0.4671836666666667	0.2536816666666666	1.1026523333333331	3.3652276666666663	0.1198009999999999	0.2829573333333333	0.871339	0.2182743333333333	1.645184	0.1065586666666666	1.3388723333333332	4.7165393333333325	1.6035176666666668	3.94371	3.0956589999999995	3.975556	3.413425	4.598202333333333	1.0636783333333333	3.415319666666666	0.5215463333333333	0.5936756666666666	2.208909333333333	10.858553666666667	11.426390333333332	2.1421996666666665	0.3085993333333333	0.2010066666666666	0.2556343333333333	15.862642666666664	1.1580009999999998
3.180441	1.0843620000000005	2.0666553333333333	1.1220926666666664	1.5638206666666663	1.2479746666666665	3.056159	10.499141666666668	0.5153173333333333	2.738042333333333	0.5128436666666667	0.2530199999999999	0.9077339999999998	3.3496843333333333	0.1283389999999999	0.2927033333333333	0.8817143333333334	0.2493786666666666	1.7262746666666664	0.1184899999999999	1.392259333333333	4.605030666666666	1.5763336666666663	3.953016333333333	3.103576333333333	4.002939666666666	3.406016666666667	4.7044966666666665	0.9957756666666666	3.522671	0.4937259999999999	0.672675	2.125465	11.132343666666666	11.599691999999996	2.113634333333333	0.3033383333333332	0.2069563333333333	0.2448546666666666	15.920189666666666	1.1383173333333332
3.12616	1.0029913333333331	2.119463	0.943863	1.7148296666666667	1.2319866666666666	3.3098299999999994	10.703884999999998	0.4738896666666666	2.739162666666666	0.564265	0.2515163333333333	0.7458313333333334	3.317988666666666	0.1377213333333333	0.3020513333333333	0.8906489999999999	0.28794	1.800872	0.131691	1.434389	4.4849966666666665	1.5361879999999997	3.9697086666666666	3.102428	3.991121	3.378467	4.790889333333333	0.9350463333333332	3.605694	0.4686483333333333	0.7526529999999999	2.0256846666666664	11.399865666666663	11.756067666666668	2.0776933333333334	0.2957713333333333	0.2152243333333333	0.2340486666666666	15.818918999999998	1.1119073333333331
3.0701279999999995	0.9270236666666666	2.175637	0.8238163333333333	1.88159	1.2150029999999998	3.570209	10.924661333333331	0.4435126666666666	2.721028	0.6217983333333333	0.2488903333333333	0.615514	3.272091	0.1479606666666666	0.311069	0.8961953333333333	0.3363803333333333	1.8703416666666663	0.1463556666666666	1.4750876666666666	4.355438666666666	1.4835466666666666	3.995523	3.0954426666666666	3.9460406666666654	3.3301103333333333	4.858285	0.8797919999999999	3.660480666666667	0.4463723333333332	0.8294426666666667	1.913158	11.670648666666663	11.890113666666666	2.039385	0.285381	0.226518	0.2233323333333333	15.565123333333332	1.0784859999999998
3.0244863333333334	0.8569243333333334	2.233181	0.7408636666666667	2.063184	1.1991526666666663	3.835134666666667	11.175427333333332	0.4208943333333333	2.6832893333333327	0.685869	0.2446829999999999	0.5135673333333333	3.214349666666666	0.1591266666666666	0.3200063333333333	0.8987246666666666	0.3974486666666667	1.937288	0.16278	1.5283323333333332	4.214304333333334	1.41976	4.033606333333333	3.084439	3.873913	3.2602383333333336	4.906864666666666	0.8288899999999999	3.684281666666667	0.4274413333333333	0.8993223333333331	1.7917843333333332	11.95086333333333	11.997990333333334	2.0053283333333334	0.2716349999999999	0.241705	0.2129396666666666	15.173456333333332	1.037572
2.997023	0.7917946666666666	2.2911166666666665	0.6819506666666666	2.257353	1.186247333333333	4.101473666666666	11.461574333333331	0.4030213333333333	2.6251793333333326	0.7570293333333333	0.2386206666666666	0.4354673333333332	3.1473833333333334	0.1714163333333333	0.3293583333333333	0.902532	0.4739093333333333	2.0053616666666665	0.1813523333333333	1.6060829999999997	4.05941	1.3473196666666667	4.089042999999999	3.067441	3.779455333333333	3.167726	4.936288666666667	0.7818563333333333	3.676238	0.4121926666666666	0.9597146666666666	1.6653496666666665	12.23861433333333	12.079608666666664	1.9788496666666664	0.25424	0.2618096666666666	0.203303	14.665137333333334	0.9889706666666668
2.991386	0.7305549999999998	2.348834	0.639148	2.4612576666666666	1.1776393333333333	4.365274333333334	11.781753666666663	0.3875033333333332	2.5458816666666664	0.8357646666666665	0.2309019999999999	0.3763463333333333	3.0741436666666666	0.1852263333333333	0.3395773333333333	0.9133736666666666	0.567509	2.0789006666666663	0.202706	1.7151193333333332	3.888968	1.2692356666666669	4.166804666666667	3.041202	3.665631666666666	3.0512753333333333	4.946855333333333	0.7386213333333334	3.637371333333333	0.40087	1.009099	1.537240333333333	12.527066333333334	12.136659666666668	1.9587666666666668	0.2333013333333333	0.287574	0.194873	14.063676666666664	0.9331963333333332
3.0061313333333333	0.6730583333333332	2.4055466666666665	0.6088583333333333	2.671974333333333	1.173942	4.621551666666666	12.127274333333332	0.3732376666666666	2.44491	0.922206	0.2226276666666666	0.3317096666666667	2.998208	0.2012719999999999	0.35078	0.936397	0.6774643333333332	2.162944	0.2279403333333333	1.852288333333333	3.7022273333333335	1.1885493333333332	4.269536	3.003518666666667	3.532814666666666	2.909761666666667	4.940986999999999	0.699489	3.5713796666666666	0.3937823333333333	1.0472936666666666	1.4099919999999997	12.805798666666666	12.171268333333332	1.9370896666666664	0.2096006666666666	0.318826	0.1879336666666666	13.391990333333332	0.872145
3.037291	0.619975	2.4599913333333334	0.5888843333333332	2.8865646666666667	1.175169666666667	4.864549333333333	12.485500333333333	0.3601613333333333	2.322614	1.015799	0.215258	0.2977019999999999	2.9237676666666665	0.2204573333333333	0.3627439999999999	0.974579	0.8008256666666667	2.262644333333333	0.2586279999999999	2.0078876666666665	3.4996553333333327	1.1080026666666665	4.397505666666666	2.954698333333333	3.379882666666666	2.7431973333333333	4.922840333333333	0.664869	3.483315333333333	0.3915079999999999	1.0747693333333332	1.2855996666666665	13.063249333333331	12.185546666666667	1.9049086666666664	0.1843866666666666	0.3545406666666666	0.1825446666666666	12.671127333333333	0.8084830000000001
3.079855	0.5728409999999999	2.509974	0.5764566666666666	3.1020076666666663	1.180624	5.087703	12.841513666666664	0.349373	2.181017	1.1146953333333331	0.2101549999999999	0.271545	2.8558320000000004	0.243775	0.3748243333333333	1.0265553333333333	0.9320023333333332	2.382483333333333	0.2969436666666666	2.1669793333333334	3.2836436666666664	1.0295736666666666	4.547770999999999	2.8997266666666666	3.204757333333333	2.554351	4.898533666666666	0.635039	3.378797333333333	0.3951183333333333	1.092222	1.1656276666666665	13.288435	12.181453	1.8581506666666665	0.159281	0.3925636666666666	0.1784003333333333	11.918378666666666	0.745258
3.129109	0.5329483333333332	2.552944333333333	0.5687599999999999	3.3147830000000003	1.1889826666666663	5.284333	13.181198	0.3420846666666666	2.02351	1.216228	0.2081026666666666	0.2511273333333333	2.7996990000000004	0.2720836666666666	0.3862633333333333	1.0888616666666666	1.064101	2.5242676666666664	0.345371	2.31627	3.058054333333333	0.9547359999999998	4.716223	2.84561	3.005579	2.3490246666666663	4.874642	0.610027	3.262907	0.4055126666666666	1.1003436666666666	1.0517773333333331	13.471501666666668	12.16177	1.798545	0.1358489999999999	0.4302496666666666	0.175036	11.147491333333331	0.6851153333333333
3.181764666666667	0.5001686666666666	2.586461666666667	0.563641	3.520260666666666	1.1981626666666667	5.448423	13.494545	0.3386243333333333	1.8550563333333332	1.317088	0.2086556666666666	0.2348496666666666	2.760522	0.305838	0.396482	1.1574783333333334	1.1897756666666666	2.6839106666666668	0.4064569999999999	2.4512336666666665	2.8283789999999995	0.8844723333333332	4.899095999999999	2.799201	2.782002666666666	2.137506666666667	4.856868666666667	0.5893723333333334	3.1389476666666667	0.4226106666666666	1.099636	0.9464693333333332	13.604778	12.131333	1.736171666666667	0.1151163333333333	0.4649139999999999	0.1719729999999999	10.367281666666663	0.6293973333333334
3.23456	0.4732989999999999	2.608652	0.5592943333333333	3.713177333333333	1.205999	5.575503333333334	13.775769666666667	0.3382509999999999	1.6815273333333334	1.413868	0.2106933333333333	0.2214979999999999	2.743287333333334	0.3452906666666667	0.4051576666666666	1.229073	1.3025639999999998	2.852754	0.4825546666666666	2.572628	2.6009106666666666	0.8195479999999999	5.0933893333333335	2.764873	2.535644	1.9321746666666664	4.8493813333333335	0.572357	3.008614	0.4454889999999999	1.0904476666666667	0.8526189999999998	13.683290333333332	12.095430666666669	1.683646	0.0976563333333333	0.4943813333333333	0.16884	9.582851	0.5786763333333333
3.282751	0.4501453333333333	2.6188320000000003	0.5540453333333333	3.8879636666666655	1.2109169999999998	5.664203666666667	14.025210666666664	0.338735	1.5093603333333332	1.5035643333333333	0.2127973333333333	0.2102836666666666	2.752741666666666	0.3906419999999999	0.4123766666666666	1.30221	1.3985313333333331	3.017252333333333	0.5754203333333333	2.684356	2.382199333333333	0.7605813333333333	5.297301666666668	2.741413333333333	2.271347	1.745687	4.853589333333334	0.5581053333333333	2.8716316666666666	0.4722656666666667	1.0729496666666665	0.7735296666666667	13.706766666666669	12.058156999999998	1.650872	0.0834996666666666	0.5176926666666667	0.1655179999999999	8.795364666666664	0.5330249999999999
3.320018666666667	0.428554	2.6170890000000004	0.5465566666666667	4.039576666666666	1.2120503333333332	5.715203000000001	14.248499666666664	0.3377586666666666	1.3447566666666666	1.583825	0.2138396666666666	0.2006929999999999	2.7935483333333333	0.442299	0.4184	1.3757609999999998	1.4756846666666663	3.162593333333333	0.6862023333333334	2.788940333333333	2.1779746666666666	0.7080046666666666	5.509094666666666	2.7244546666666665	1.9962963333333328	1.588121	4.868886333333332	0.5457903333333333	2.72707	0.500992	1.0471013333333332	0.7123676666666666	13.680184	12.021607999999995	1.6419596666666667	0.0723999999999999	0.5346866666666666	0.1620103333333333	8.00568	0.4924453333333333
3.3384793333333334	0.4074706666666666	2.604117	0.536245	4.164572	1.2096613333333333	5.730976	14.458056666666666	0.3343523333333333	1.1927249999999998	1.6534399999999998	0.2136573333333333	0.1924356666666666	2.8703483333333333	0.5012176666666667	0.4235266666666666	1.4474526666666665	1.5341483333333334	3.275947	0.8150736666666667	2.883315333333333	1.99177	0.6618839999999999	5.726051999999999	2.708023	1.7201046666666668	1.463177	4.892530333333333	0.5348056666666667	2.574413666666667	0.5305476666666666	1.012541666666667	0.6715996666666666	13.616692	11.984387666666668	1.6504023333333333	0.0639713333333333	0.5458839999999999	0.1583719999999999	7.217917333333332	0.4571739999999999
3.333867	0.3867699999999999	2.580676	0.5233336666666666	4.260996333333333	1.2050136666666666	5.714311	14.670568666666666	0.328923	1.0569296666666663	1.711817	0.2126736666666666	0.1853653333333333	2.9876853333333333	0.5688886666666666	0.4281886666666666	1.5146	1.5753996666666668	3.348772666666666	0.961154	2.964252666666667	1.825515	0.6222193333333332	5.945637	2.687921	1.4532506666666665	1.370051666666667	4.920375999999999	0.5247696666666666	2.413887666666666	0.5608719999999999	0.9687703333333332	0.6531899999999999	13.535058	11.943358333333332	1.6651949999999998	0.0577959999999999	0.5521459999999999	0.1547446666666666	6.440149333333334	0.4274206666666666
3.3123086666666666	0.3673733333333333	2.5471443333333337	0.5092453333333333	4.328809999999999	1.200636	5.667113	14.905737666666663	0.3236873333333333	0.9389413333333332	1.7587006666666667	0.211703	0.179466	3.149718	0.6475489999999999	0.4331366666666666	1.5750153333333332	1.6021013333333334	3.380664	1.1218853333333332	3.0344013333333337	1.6794929999999997	0.5891913333333333	6.166834000000001	2.665538	1.2058706666666668	1.3037433333333333	4.946981999999999	0.515554	2.247014666666667	0.5935203333333334	0.9153296666666666	0.6585979999999999	13.458873	11.894857999999996	1.6755886666666666	0.0535083333333333	0.5545003333333334	0.1514353333333333	5.686402999999999	0.403059
3.286709	0.3502056666666666	2.5038106666666664	0.4961856666666666	4.368694666666667	1.199322	5.590555666666667	15.180041999999998	0.3212236666666666	0.8388643333333334	1.7938086666666666	0.2115796666666666	0.1748009999999999	3.3595233333333328	0.7400469999999999	0.4392749999999999	1.6282506666666667	1.6171539999999998	3.376252	1.2933353333333333	3.102735333333333	1.5529753333333332	0.5632746666666666	6.3898443333333335	2.645377333333333	0.986531	1.258198	4.9667710000000005	0.5071523333333333	2.0760376666666662	0.6306933333333332	0.852073	0.688704	13.408976	11.83668	1.6750253333333331	0.0507836666666666	0.5538993333333333	0.1488576666666666	4.973598666666667	0.3836789999999999
3.2749323333333336	0.335261	2.451199	0.4869619999999999	4.381189999999999	1.2031403333333333	5.485186999999999	15.498357999999998	0.3230989999999999	0.7553013333333333	1.816526	0.2128166666666666	0.1714803333333333	3.617822666666667	0.8499763333333332	0.4475443333333334	1.6774863333333332	1.6228463333333334	3.344049333333333	1.4698846666666667	3.1865	1.4443116666666664	0.5453699999999999	6.615994000000001	2.6336383333333337	0.8003626666666667	1.2288089999999998	4.975092333333333	0.4995746666666666	1.903670333333333	0.6745286666666667	0.7796333333333333	0.7433943333333333	13.394164	11.770417	1.666002	0.0493593333333333	0.5509383333333334	0.1474886666666666	4.319379999999999	0.3685633333333333
3.291732	0.322019	2.390265	0.4837993333333333	4.366665	1.2126043333333334	5.3519776666666665	15.850996	0.3292326666666667	0.6862443333333333	1.826150333333333	0.2155953333333333	0.1695699999999999	3.9232556666666665	0.981412	0.4587089999999999	1.727855	1.6206713333333331	3.2937366666666663	1.645063	3.302124	1.3512723333333334	0.536385	6.845860999999999	2.6369333333333334	0.6495116666666665	1.2122673333333331	4.9683280000000005	0.4928639999999999	1.732789	0.726838	0.699552	0.8213049999999998	13.409116333333332	11.699499666666664	1.654861333333333	0.0490379999999999	0.5458726666666666	0.1476916666666666	3.738785666666666	0.3568956666666666
3.339444	0.309789	2.322728	0.4869256666666666	4.325361666666666	1.2253273333333334	5.193566	16.20569933333333	0.3368329999999999	0.6295893333333332	1.8221433333333328	0.2196683333333333	0.168978	4.271658333333334	1.1387733333333332	0.4730966666666666	1.785197666666667	1.6108063333333331	3.234157333333333	1.812044	3.455229666666667	1.2710519999999998	0.5367456666666666	7.077004666666667	2.6612400000000003	0.5323796666666666	1.2066169999999998	4.944359999999999	0.4871176666666666	1.5662903333333331	0.7887326666666667	0.6147889999999999	0.9190123333333332	13.427663666666666	11.627693	1.647636	0.0497433333333333	0.5384616666666666	0.1494733333333333	3.239855999999999	0.3479409999999999
3.409763666666666	0.2980683333333333	2.2506306666666664	0.4949866666666667	4.257715666666667	1.237541	5.013838666666666	16.522692666666668	0.342529	0.5833303333333333	1.8042383333333332	0.2247139999999999	0.1694219999999999	4.656353333333334	1.3260246666666666	0.4907486666666666	1.8532053333333331	1.5924013333333331	3.1723826666666666	1.9645179999999995	3.639213333333333	1.2005476666666668	0.5463056666666667	7.304359666666667	2.7102789999999994	0.4450863333333333	1.209816	4.902158333333333	0.4824593333333333	1.4068926666666663	0.8603489999999999	0.5289886666666666	1.0314206666666663	13.417162333333332	11.557411666666663	1.647237	0.0514743333333333	0.5280853333333333	0.1525143333333333	2.824356666666666	0.3410956666666666
3.482245	0.2869416666666666	2.175998666666666	0.5049873333333333	4.164812	1.2452516666666666	4.8179343333333335	16.767701999999996	0.3443756666666666	0.5456799999999999	1.7726063333333333	0.2306606666666666	0.1703603333333333	5.067337000000001	1.5455569999999998	0.5114813333333332	1.9297933333333332	1.563421	3.112232	2.0977843333333333	3.830123	1.1365186666666665	0.5640443333333333	7.5198083333333345	2.782948333333333	0.3819593333333332	1.2184323333333331	4.8418253333333325	0.4790086666666667	1.256936	0.9401853333333332	0.4460226666666666	1.1515586666666666	13.351148666666663	11.487647	1.649921	0.05432	0.5136813333333333	0.1560736666666666	2.486100333333333	0.335991
3.534466333333333	0.2768173333333333	2.100440333333333	0.5137796666666666	4.048542333333333	1.245666	4.611432333333333	16.920334	0.342143	0.5150426666666666	1.7274969999999998	0.2376403333333333	0.1711949999999999	5.4930666666666665	1.7978903333333331	0.5352296666666666	2.0091623333333333	1.521343	3.055419	2.208715666666666	3.999462	1.0761713333333334	0.5886889999999999	7.714916666666667	2.874480333333333	0.3369279999999999	1.2288003333333333	4.763928	0.4768663333333333	1.1184536666666665	1.0258286666666667	0.369398	1.2718956666666663	13.216311333333332	11.41528633333333	1.6487126666666667	0.0583696666666666	0.4940496666666666	0.1593073333333333	2.214736333333333	0.3323763333333333
3.551622	0.268242	2.024646	0.5195053333333333	3.9121003333333326	1.2390493333333332	4.3998	16.986878333333333	0.338101	0.4900423333333333	1.668936	0.2459843333333333	0.1714956666666666	5.9216093333333335	2.080524333333333	0.5624366666666666	2.0827596666666666	1.463725333333333	3.001786333333333	2.2963636666666662	4.125787666666667	1.017939	0.6192293333333332	7.883622000000001	2.97641	0.3046706666666666	1.2383426666666666	4.669025666666666	0.4760673333333333	0.9931503333333332	1.114334333333333	0.301578	1.3855073333333334	13.023782999999998	11.335934999999996	1.636113	0.0636663333333333	0.4681296666666666	0.1615456666666666	1.9977376666666664	0.3300446666666666
3.528772666666667	0.261515	1.9487746666666668	0.5217149999999999	3.759530666666667	1.227813	4.188439333333333	16.989243666666667	0.33547	0.4695206666666666	1.5970810000000002	0.2559746666666666	0.1710366666666666	6.341611333333334	2.3886316666666665	0.5941453333333333	2.1428786666666664	1.3892246666666668	2.9497936666666664	2.361201666666666	4.199153333333333	0.9613516666666664	0.6552756666666666	8.023041666666668	3.0802050000000003	0.2808023333333333	1.246215	4.557277666666666	0.476604	0.882325	1.2027726666666665	0.2439759999999999	1.4866309999999998	12.799182	11.246942333333331	1.608595	0.0701933333333333	0.4354406666666667	0.162443	1.822702	0.3287576666666666
3.475994	0.2562403333333333	1.8726903333333336	0.5219103333333334	3.5956663333333325	1.216311333333333	3.982789	16.959201333333333	0.3371763333333333	0.4526156666666666	1.5126963333333332	0.2675883333333333	0.1699176666666666	6.743422000000001	2.714703333333333	0.6323206666666666	2.186427	1.2990959999999998	2.896286333333333	2.404947999999999	4.228992666666667	0.9072873333333332	0.6975763333333334	8.135333666666668	3.180755333333333	0.26241	1.2544566666666666	4.427964666666667	0.4784066666666667	0.7866333333333333	1.2888176666666669	0.1965923333333333	1.5717140000000005	12.577552	11.150904999999998	1.5721856666666667	0.0778923333333333	0.3967549999999999	0.1622383333333333	1.6794239999999998	0.328172
3.408698	0.2516893333333333	1.7961916666666666	0.5222383333333332	3.4258773333333337	1.208767666666667	3.7883999999999993	16.92623233333333	0.3447696666666667	0.4386503333333333	1.4173306666666663	0.2806916666666666	0.168401	7.119065	3.049516333333333	0.6796063333333333	2.2137463333333334	1.1968336666666666	2.837154666666667	2.429647333333333	4.233610666666666	0.8572203333333333	0.7475579999999998	8.225373333333334	3.275636333333333	0.2475773333333333	1.265897	4.280112666666667	0.4814326666666666	0.706145	1.3713983333333333	0.1586386666666666	1.638942	12.390835333333332	11.05297533333333	1.536917	0.0867333333333333	0.3537943333333333	0.1615253333333333	1.5597636666666663	0.3279933333333333
3.3399316666666667	0.2470896666666666	1.71924	0.524446	3.256162	1.2072576666666668	3.6110346666666655	16.905450333333334	0.356926	0.4270913333333333	1.3137536666666667	0.2951813333333333	0.1668123333333333	7.462878333333332	3.382349333333333	0.739355	2.228447	1.0886833333333334	2.767771666666666	2.436929	4.232769333333334	0.8126709999999999	0.8070646666666667	8.299333666666666	3.365031333333333	0.235368	1.282242	4.113134	0.4857393333333333	0.6401976666666667	1.4517883333333337	0.1288543333333333	1.6885153333333331	12.254948333333331	10.958651999999995	1.5122943333333332	0.096839	0.3092616666666666	0.1611496666666666	1.458245	0.328132
3.277985333333333	0.2419826666666667	1.6419793333333332	0.5295706666666666	3.093157333333333	1.212151	3.456510333333333	16.901980000000002	0.3705546666666666	0.4175236666666666	1.205325	0.3109136666666666	0.1654419999999999	7.770554666666666	3.7022566666666665	0.8153189999999999	2.234554333333333	0.982277	2.6849	2.427910333333333	4.241444	0.7747236666666666	0.8778963333333332	8.362254	3.449266333333333	0.2253319999999999	1.3033883333333331	3.927571666666666	0.4914966666666666	0.5877829999999999	1.5324256666666665	0.1058436666666666	1.7215983333333331	12.174226999999998	10.870616333333334	1.5037793333333331	0.1084366666666666	0.2661226666666667	0.1619	1.3709346666666669	0.3285586666666666
3.223164333333333	0.2366616666666666	1.5648700000000002	0.5375336666666666	2.9444346666666665	1.222044666666667	3.330424	16.912046999999998	0.381443	0.4096783333333333	1.0955573333333333	0.3275909999999999	0.1644713333333333	8.038817666666665	3.9992466666666666	0.9114776666666666	2.2340693333333337	0.8857893333333333	2.589235333333333	2.402947	4.262745	0.7434239999999999	0.961344	8.415404666666667	3.526663666666667	0.2172859999999999	1.3262313333333335	3.726416333333333	0.499012	0.547819	1.6160653333333337	0.0883166666666666	1.7397793333333331	12.142100999999998	10.784914	1.5083403333333332	0.1219066666666666	0.2269723333333333	0.1641986666666666	1.295076	0.3291469999999999
3.173279	0.2317816666666667	1.4884123333333332	0.5481093333333333	2.817829666666667	1.2347186666666663	3.2372803333333326	16.928387	0.3863806666666666	0.403431	0.9878236666666668	0.3448976666666666	0.164035	8.264994666666666	4.264921999999999	1.0317323333333333	2.2279886666666666	0.8066216666666666	2.484641666666666	2.3620969999999994	4.293314666666666	0.7183406666666666	1.0583193333333332	8.4582	3.5953413333333337	0.2111346666666666	1.346520333333333	3.5152316666666668	0.5086776666666666	0.5194286666666666	1.7047013333333332	0.0750966666666666	1.7447676666666665	12.147812	10.695679666666669	1.519313	0.1377303333333333	0.1937316666666666	0.168271	1.2286906666666666	0.3296619999999999
3.128267333333333	0.2280663333333333	1.412972	0.561864	2.720799	1.247777333333333	3.1791096666666667	16.94341133333333	0.385554	0.398831	0.8850033333333334	0.36265	0.1642969999999999	8.446954999999999	4.493754666666666	1.1795033333333331	2.2172203333333336	0.7498239999999999	2.378517	2.3054886666666667	4.326735666666666	0.69897	1.1693223333333331	8.489578	3.655216	0.2067759999999999	1.3603663333333331	3.303328333333333	0.5209229999999999	0.502274	1.798129	0.0651586666666666	1.7382346666666668	12.180708333333332	10.599540333333332	1.5302829999999998	0.1565506666666666	0.1671063333333333	0.1742496666666666	1.1706439999999998	0.3297026666666666
3.090994	0.2260623333333333	1.33892	0.579796	2.659543333333333	1.2593003333333332	3.1560386666666664	16.9491	0.3809193333333333	0.3959856666666666	0.7896113333333333	0.3809713333333333	0.165407	8.582857333333333	4.682654666666666	1.3574206666666666	2.2033603333333334	0.7186476666666667	2.279481	2.2338366666666665	4.357897	0.6850679999999999	1.2944926666666663	8.509277333333333	3.708273333333333	0.2040186666666666	1.3653859999999995	3.102066	0.5362566666666666	0.4963049999999999	1.8939603333333328	0.0575936666666666	1.7214996666666664	12.230396333333337	10.497410333333333	1.5381376666666666	0.1791786666666666	0.1470689999999999	0.1823019999999999	1.1202576666666666	0.328978
3.06814	0.2258303333333333	1.2668876666666666	0.6030386666666666	2.637493	1.268641666666667	3.166133333333333	16.936425666666665	0.3750743333333333	0.3949386666666666	0.7036766666666666	0.4005433333333333	0.1674473333333333	8.671037	4.831458666666667	1.5665213333333332	2.1894786666666666	0.7144043333333333	2.195468333333333	2.149259666666666	4.386996333333333	0.676991	1.433374333333333	8.518998	3.7592373333333335	0.2024746666666666	1.3622266666666665	2.9239043333333328	0.5552976666666666	0.5015943333333333	1.9867823333333328	0.051644	1.6950660000000002	12.286502	10.397379333333332	1.5468293333333332	0.2067093333333333	0.1330153333333333	0.192726	1.0771503333333332	0.3275819999999999
3.063924333333333	0.2269973333333333	1.1978613333333332	0.6322156666666666	2.654970666666667	1.2759376666666664	3.2066326666666667	16.897359666666667	0.3698986666666666	0.395634	0.6285643333333333	0.4221973333333333	0.1703203333333333	8.709687666666667	4.941336	1.805658	2.178196	0.7373093333333334	2.131882	2.055643333333333	4.414805666666666	0.6751409999999998	1.5843903333333331	8.520005	3.812316333333333	0.2016379999999999	1.3529893333333334	2.7805539999999995	0.5786976666666667	0.5180866666666666	2.069905	0.0467293333333333	1.6585	12.338926666666667	10.30971	1.562904	0.24046	0.1239576666666666	0.2056913333333332	1.0408413333333333	0.3258676666666666
3.0728913333333328	0.2286576666666666	1.133429	0.6665989999999999	2.707543333333333	1.2819106666666666	3.274737333333333	16.827474333333335	0.3651383333333333	0.3978453333333333	0.564439	0.4465463333333333	0.1735893333333333	8.696574666666665	5.013712	2.0699473333333334	2.169626333333333	0.7868099999999999	2.0889336666666667	1.959774	4.437965	0.679469	1.7438413333333331	8.510501666666666	3.8675576666666656	0.2009263333333333	1.3400953333333334	2.6807396666666663	0.6070319999999999	0.5453326666666666	2.136591333333333	0.0425636666666666	1.6100176666666668	12.378380999999996	10.242179333333333	1.591474	0.2819896666666666	0.1185083333333333	0.220932	1.010387666666667	0.324339
3.0844116666666666	0.2297526666666666	1.075227333333333	0.7043173333333334	2.787565333333333	1.28747	3.3677466666666662	16.725943333333333	0.359707	0.4012829999999999	0.5107166666666667	0.4739086666666667	0.1767126666666666	8.629612333333332	5.049579666666666	2.3520126666666665	2.162683	0.862234	2.063957	1.8706886666666669	4.450521999999999	0.6899629999999999	1.9067616666666665	8.487283	3.9211446666666663	0.199804	1.3254213333333331	2.62937	0.640781	0.5827653333333334	2.1811043333333333	0.0390386666666666	1.547381	12.396730666666668	10.196814666666665	1.632603	0.332792	0.1152526666666666	0.2379759999999999	0.984599	0.3234306666666666
3.086041	0.229404	1.0243926666666667	0.7421893333333334	2.8844816666666664	1.2934503333333334	3.483041	16.597538333333333	0.3528489999999999	0.4056853333333333	0.4662106666666666	0.5041673333333334	0.1792716666666666	8.507660333333334	5.048715	2.642237	2.156076	0.9633103333333332	2.0527003333333336	1.7999073333333333	4.445296	0.7072723333333333	2.0673573333333333	8.447247666666668	3.9645586666666666	0.1979353333333333	1.3093629999999998	2.625153333333333	0.6802363333333333	0.6299806666666665	2.200048	0.0361913333333333	1.4687626666666669	12.388603333333332	10.164946666666664	1.6763793333333332	0.3939383333333333	0.1131003333333333	0.2563313333333333	0.962225	0.3232249999999999
3.0693376666666667	0.2271526666666667	0.9812503333333332	0.7767593333333334	2.9870153333333334	1.3005923333333334	3.617501333333333	16.455234333333333	0.3450196666666667	0.4108833333333333	0.42969	0.5371126666666667	0.1811026666666666	8.331146	5.010109999999999	2.930287333333333	2.148419	1.0899366666666666	2.050810666666666	1.7598966666666662	4.417928666666666	0.7329593333333333	2.2200766666666665	8.389776	3.988765333333333	0.1951706666666666	1.291702333333333	2.6624513333333333	0.725657	0.6870063333333334	2.192101	0.0340766666666666	1.3735826666666664	12.355873333333331	10.133907999999998	1.7097449999999998	0.4659263333333333	0.1113969999999999	0.2758036666666666	0.9422083333333332	0.3236036666666666
3.036812333333333	0.2233596666666666	0.9447536666666668	0.8052766666666665	3.0850686666666665	1.309443666666667	3.766719	16.325647333333333	0.3389973333333334	0.416912	0.400313	0.572749	0.1825116666666666	8.103481333333333	4.932154999999999	3.206267333333333	2.138201666666667	1.2418776666666664	2.0551216666666665	1.762707	4.372051666666666	0.7700216666666667	2.360734666666666	8.319835999999999	3.988292666666666	0.191619	1.272208	2.7314070000000004	0.7773603333333332	0.7547809999999999	2.1585866666666664	0.0326643333333333	1.2638713333333331	12.314740999999998	10.092750999999998	1.7228706666666669	0.5482653333333334	0.1101733333333333	0.2968863333333333	0.9240373333333334	0.3242989999999999
2.997452	0.218992	0.913077	0.8262293333333333	3.170585	1.3199869999999998	3.9254483333333328	16.238481666666665	0.3378156666666666	0.4239643333333333	0.3772583333333333	0.6112603333333333	0.1840476666666666	7.831197333333333	4.813589666666667	3.461289333333333	2.123679333333333	1.418054333333333	2.0638506666666663	1.81779	4.316818666666666	0.8216836666666665	2.4862756666666663	8.244954666666667	3.9620376666666655	0.1875033333333333	1.2507093333333332	2.820504	0.8357316666666665	0.8352576666666667	2.102892666666667	0.0318503333333333	1.1434816666666665	12.286245666666666	10.036465	1.713494	0.6395396666666666	0.1097783333333333	0.3204669999999999	0.9079173333333332	0.3250769999999999
2.964347333333333	0.2156343333333333	0.8839863333333332	0.8402653333333333	3.239192	1.331043	4.087861666666666	16.216253666666667	0.342712	0.4324193333333334	0.3593113333333333	0.6529940000000001	0.1863556666666666	7.525357999999999	4.654615333333333	3.688414333333333	2.10282	1.615551	2.0772266666666668	1.928552	4.266298	0.8901680000000001	2.594932333333333	8.172730333333332	3.9153306666666663	0.1830769999999999	1.2270353333333333	2.9183616666666663	0.9011726666666666	0.9319386666666666	2.0307323333333334	0.031464	1.0180006666666666	12.287792333333332	9.971727666666666	1.6934063333333331	0.7370709999999999	0.1105973333333333	0.3476129999999999	0.895176	0.3258883333333333
2.950683333333333	0.21491	0.855552	0.848979	3.2890786666666663	1.341057333333333	4.248516	16.269787666666666	0.3534329999999999	0.4427303333333333	0.3450126666666667	0.6982246666666666	0.1899309999999999	7.199437999999999	4.457025333333334	3.8823016666666654	2.0741313333333333	1.8307266666666664	2.096239333333333	2.092715	4.235196333333333	0.9760726666666666	2.685364333333333	8.107851333333333	3.85559	0.1785476666666666	1.2008903333333334	3.014878	0.9738919999999998	1.0493356666666664	1.9487976666666669	0.031387	0.8934053333333332	12.327667333333332	9.909566	1.679622	0.8374556666666666	0.1128003333333333	0.3792266666666666	0.8875946666666666	0.3267939999999999
2.965663	0.2179193333333333	0.8269686666666667	0.8540166666666666	3.32091	1.3487723333333332	4.403482666666666	16.389599	0.36816	0.4553403333333333	0.332787	0.7468843333333334	0.1948233333333333	6.868105999999999	4.224966	4.039618333333333	2.0378176666666667	2.060217333333333	2.121694	2.300301333333333	4.2346683333333335	1.077182	2.756101333333333	8.048215666666666	3.788711333333333	0.174003	1.1716553333333333	3.102797333333333	1.0535283333333332	1.1927743333333332	1.8637116666666669	0.0317053333333333	0.7749480000000001	12.396425999999998	9.859213666666667	1.6868773333333331	0.9367823333333332	0.11601	0.4156283333333332	0.8868259999999999	0.327906
3.0116676666666664	0.2249433333333333	0.7982613333333333	0.856555	3.3361456666666665	1.3534663333333332	4.550002999999999	16.554087333333335	0.3849863333333333	0.4705506666666667	0.3213903333333333	0.7987403333333332	0.2008186666666667	6.545273666666667	3.964280333333333	4.158823999999999	1.995445	2.302145666666666	2.153921333333333	2.536443	4.269425666666667	1.1897219999999995	2.805757333333333	7.988258333333333	3.718018333333333	0.1694196666666666	1.1387146666666663	3.1770576666666663	1.139064	1.367314666666667	1.7807926666666667	0.0326656666666666	0.6669170000000001	12.47259633333333	9.824742666666667	1.7225436666666665	1.031123	0.11961	0.4568803333333333	0.8937749999999999	0.3293436666666666
3.0789496666666665	0.2349243333333333	0.7702586666666666	0.8567136666666666	3.3358449999999995	1.3553646666666666	4.6865396666666665	16.733658333333334	0.4032413333333333	0.4883616666666667	0.3105019999999999	0.8534743333333333	0.2075413333333333	6.241955666666667	3.682611666666667	4.240750666666667	1.9500693333333328	2.5580063333333336	2.192393	2.782260333333333	4.332614	1.3090123333333332	2.833422333333333	7.921099	3.6427056666666666	0.1646233333333333	1.1018003333333333	3.235049	1.228449	1.5765673333333332	1.7022746666666664	0.0347149999999999	0.5720649999999999	12.524653	9.800528333333332	1.7794939999999997	1.1169919999999998	0.1229526666666666	0.502997	0.907723	0.331163
3.151994	0.2462363333333333	0.743893	0.8541449999999999	3.3205523333333336	1.355527	4.811815333333333	16.902629666666666	0.4229816666666667	0.508639	0.3004996666666666	0.910541	0.2146563333333333	5.966618	3.3889500000000004	4.287336666666667	1.904879	2.8325646666666664	2.236145333333333	3.0189413333333333	4.411482	1.4302403333333331	2.8386679999999997	7.840657666666668	3.56091	0.159374	1.0612523333333332	3.275457333333333	1.319119	1.8229276666666665	1.6278396666666666	0.038332	0.491885	12.523925999999998	9.777448	1.8437546666666664	1.1916076666666666	0.1255223333333333	0.554169	0.927141	0.3332173333333332
3.214204333333333	0.2573176666666666	0.7195726666666666	0.8484773333333332	3.290111	1.3559633333333334	4.924011	17.052013666666664	0.444583	0.5312743333333334	0.2924403333333333	0.9689583333333334	0.2220939999999999	5.724609999999999	3.0937516666666665	4.3008033333333335	1.8619756666666667	3.134809	2.2840066666666665	3.2318006666666665	4.491091	1.5490713333333332	2.821757666666666	7.743766333333332	3.472469	0.15341	1.0184673333333332	3.297759333333333	1.4083036666666666	2.107362333333333	1.5542969999999998	0.0439356666666666	0.4263493333333333	12.458490666666666	9.748238	1.9001336666666664	1.2534196666666666	0.127098	0.6109806666666666	0.950237	0.3349716666666666
3.254343333333333	0.2670803333333333	0.6972253333333333	0.839643	3.2438480000000003	1.358507	5.020688333333332	17.184675666666667	0.4682166666666666	0.5562836666666666	0.287218	1.0278523333333334	0.2299689999999999	5.519708333333333	2.807933	4.282791666666667	1.8227956666666665	3.4742756666666668	2.334857333333333	3.410868999999999	4.558882	1.6615649999999995	2.7832433333333326	7.62947	3.3792753333333327	0.1465156666666666	0.9753499999999998	3.3017616666666667	1.493401	2.429984333333333	1.4780373333333334	0.0518476666666666	0.3744676666666666	12.330146666666664	9.710855333333337	1.938483333333333	1.3018216666666664	0.127635	0.6743153333333333	0.975682	0.3360206666666666
3.274294666666667	0.275447	0.676221	0.828203	3.1805313333333327	1.36363	5.0986096666666665	17.314017333333332	0.4932556666666666	0.5839756666666667	0.2847113333333333	1.0870836666666666	0.2385889999999999	5.354859666666667	2.5419603333333334	4.233404999999999	1.7882900000000002	3.857292666666667	2.387778	3.553208333333333	4.609767333333333	1.764238	2.7237446666666667	7.499098333333333	3.285951	0.1386123333333333	0.9339203333333334	3.287347	1.5723969999999998	2.790108	1.3973593333333332	0.0622893333333333	0.3344259999999999	12.155724666666668	9.673057666666669	1.961008333333333	1.3372023333333332	0.127191	0.745311	1.0033933333333331	0.3366909999999999
3.2819566666666664	0.282622	0.6557719999999999	0.81464	3.098457666666667	1.3710586666666664	5.154443333333332	17.454507	0.5186310000000001	0.6147609999999999	0.2840953333333333	1.1470886666666666	0.2483359999999999	5.232124333333333	2.304982	4.151768666666666	1.7586989999999998	4.285317666666666	2.44152	3.660268333333333	4.643952333333333	1.854096	2.643888	7.355239	3.196417666666666	0.1297293333333333	0.8959686666666665	3.254149	1.643781	3.185712	1.3128053333333332	0.0754113333333333	0.3041129999999999	11.956005	9.645185	1.9754106666666664	1.3604813333333334	0.125878	0.8251439999999999	1.0338353333333332	0.3379036666666666
3.28576	0.2885296666666666	0.6352926666666667	0.7985723333333333	2.9954066666666663	1.3801413333333334	5.185536	17.613081333333334	0.543029	0.64904	0.2840169999999999	1.208795	0.259617	5.151999	2.103360666666666	4.036341	1.732907	4.751314333333333	2.493809	3.73703	4.666448	1.92895	2.54438	7.201299666666666	3.110288666666666	0.120028	0.8626733333333333	3.2011166666666666	1.7066756666666665	3.612271	1.2282996666666666	0.0913233333333333	0.2815116666666666	11.746598666666666	9.633445666666669	1.9893366666666663	1.372791	0.1238276666666666	0.9147313333333332	1.0674783333333333	0.3411649999999999
3.2901703333333336	0.2928886666666667	0.6145446666666666	0.77905	2.869288	1.3901616666666667	5.190366666666667	17.790071333333334	0.565392	0.6871133333333334	0.2831713333333333	1.2724133333333332	0.2728473333333333	5.113145666666666	1.940916	3.885856333333333	1.7086413333333332	5.241843	2.541946333333333	3.789329	4.682912333333333	1.9875396666666665	2.4261949999999994	7.040994666666667	3.024784666666666	0.1097773333333333	0.8348943333333332	3.1264853333333327	1.760516	4.0636003333333335	1.1498413333333333	0.1100386666666666	0.2650006666666666	11.536834333333331	9.637525000000002	2.005215	1.375049	0.1212083333333333	1.0143586666666666	1.104682	0.3475916666666666
3.290741333333333	0.2953896666666666	0.593901	0.7547213333333334	2.7190296666666662	1.4006933333333331	5.169434999999999	17.978227333333333	0.585408	0.7291183333333333	0.2809259999999999	1.335984	0.288498	5.111356666666667	1.818173	3.700466666666667	1.6824893333333333	5.7366996666666665	2.583293333333333	3.821718	4.696259	2.030050666666667	2.290995	6.878005666666667	2.9363206666666666	0.0993773333333333	0.8133183333333333	3.027550666666667	1.804918	4.532173666666666	1.0850176666666664	0.1313776666666666	0.2537813333333333	11.327156	9.646601666666667	2.0141366666666665	1.3674103333333334	0.1182356666666666	1.122952	1.1456423333333334	0.3568123333333333
3.281831	0.2961263333333333	0.5739856666666667	0.7246509999999999	2.545357	1.412723333333333	5.124302	18.167656333333333	0.6030553333333334	0.7751253333333332	0.277226	1.396340666666667	0.3071683333333333	5.140616	1.7339926666666663	3.482155	1.652751	6.213939333333333	2.615839	3.837039	4.7089333333333325	2.057474	2.1412896666666663	6.715891	2.8439186666666667	0.0893093333333333	0.7983223333333332	2.901791333333333	1.8396583333333332	5.010753666666666	1.0412973333333333	0.1549129999999999	0.2475833333333333	11.11439	9.647456666666669	2.0048396666666664	1.3494946666666665	0.1151496666666666	1.238321	1.191016	0.3675949999999999
3.264082333333333	0.2962296666666666	0.5554533333333334	0.6892963333333333	2.3524039999999995	1.430138	5.057075333333332	18.349607666666667	0.6181793333333333	0.8252546666666667	0.272711	1.4497816666666663	0.3297726666666667	5.193491333333332	1.6865163333333333	3.2359153333333333	1.6227286666666667	6.6541663333333325	2.638953666666666	3.8354616666666654	4.725151333333334	2.0712776666666666	1.980974333333333	6.5578726666666665	2.7533036666666666	0.0801063333333333	0.7896476666666665	2.748188666666667	1.864790333333333	5.494189333333333	1.0243213333333332	0.1798306666666666	0.2465363333333333	10.895873	9.632065	1.972428	1.3203989999999997	0.112175	1.3568839999999998	1.2427223333333333	0.3782756666666667
3.2429909999999995	0.29744	0.5389336666666666	0.6502733333333334	2.146814	1.457026	4.969874	18.518442666666665	0.6305049999999999	0.8796423333333332	0.2681456666666666	1.4933189999999996	0.3575063333333333	5.262295333333333	1.6740286666666666	2.968957333333333	1.5973106666666663	7.042361999999999	2.653169333333333	3.81563	4.749003999999999	2.072755	1.81473	6.406466	2.672665	0.0722356666666666	0.7864309999999999	2.567826	1.8805993333333333	5.979538666666666	1.0376466666666666	0.2051023333333333	0.250814	10.672983	9.599486333333331	1.9201393333333332	1.2791906666666666	0.1094769999999999	1.474318	1.3035959999999998	0.3876773333333333
3.2281733333333333	0.3018453333333333	0.525039	0.610499	1.9377916666666664	1.494907	4.864457	18.674123666666663	0.6396253333333334	0.938413	0.2639246666666666	1.526145	0.3919856666666667	5.340070666666667	1.6957436666666663	2.6908046666666667	1.5797899999999998	7.371169333333333	2.6602556666666666	3.7751609999999993	4.782021	2.062386333333333	1.6477369999999998	6.262709333333333	2.608759333333333	0.0659363333333333	0.7869980000000001	2.365298666666667	1.8876803333333327	6.466900333333333	1.08163	0.2295923333333333	0.2603046666666666	10.455547666666666	9.559839666666669	1.8632833333333332	1.2253486666666666	0.1070839999999999	1.5858676666666662	1.3772806666666666	0.3961643333333333
3.226832	0.3109083333333333	0.514305	0.5732469999999998	1.7349466666666666	1.542821	4.742510666666667	18.81750633333333	0.6452439999999998	1.001428	0.2599626666666667	1.5488833333333332	0.4352329999999999	5.420376666666667	1.751446	2.4119773333333336	1.5708203333333333	7.638287333333333	2.6619566666666667	3.7114826666666665	4.822059666666666	2.0401226666666665	1.485059	6.126223	2.563445	0.061244	0.7891933333333333	2.1474836666666666	1.8866546666666664	6.957091999999999	1.1537283333333332	0.252245	0.2746443333333333	10.255546333333331	9.528122666666668	1.820873333333333	1.158893333333333	0.1049133333333333	1.6870993333333333	1.4672826666666667	0.4049866666666666
3.236576	0.324318	0.5071183333333333	0.5412996666666665	1.5463279999999997	1.596804	4.606000333333333	18.94569633333333	0.647481	1.0679316666666665	0.255508	1.5632693333333332	0.4899186666666666	5.49728	1.841288333333333	2.143084	1.5667826666666669	7.845904666666666	2.658657333333333	3.622642	4.861109333333333	2.005577333333333	1.331028	5.994730333333333	2.528787	0.057913	0.7906386666666667	1.923132	1.8779443333333328	7.449609333333333	1.247615	0.2723283333333333	0.2931796666666666	10.081236333333331	9.519471333333334	1.8079876666666663	1.0807126666666664	0.102754	1.774743	1.5760329999999998	0.4158739999999999
3.250345333333333	0.3407293333333333	0.5036176666666666	0.5163516666666667	1.3779109999999997	1.6526313333333331	4.457290666666666	19.05163733333333	0.6471303333333333	1.1366813333333332	0.249882	1.570884	0.5593783333333333	5.56519	1.9653283333333331	1.8938843333333333	1.5633506666666666	7.998384333333333	2.649635	3.50857	4.889890666666667	1.958684	1.1892363333333331	5.865514333333333	2.4926776666666663	0.0556096666666666	0.7897379999999999	1.701121333333333	1.8618326666666667	7.942397333333333	1.3550239999999998	0.2894476666666666	0.315211	9.935516666666668	9.543710666666666	1.830167	0.9924643333333332	0.1004166666666666	1.8466686666666663	1.7053986666666667	0.4301506666666666
3.2599879999999994	0.358257	0.5035166666666666	0.4980473333333333	1.2323699999999995	1.7084089999999998	4.299385	19.1228	0.6460416666666665	1.2059243333333334	0.2432756666666666	1.571965	0.6479426666666667	5.619003	2.1230446666666665	1.6720213333333331	1.558874	8.101015333333333	2.632908	3.3732359999999995	4.901997	1.9005036666666664	1.0622873333333334	5.736751666666666	2.4435826666666665	0.0540173333333333	0.7869853333333333	1.488806	1.8385636666666665	8.431283	1.4669406666666664	0.3037146666666666	0.3402156666666667	9.813100666666664	9.598502666666665	1.875104	0.8967843333333333	0.0978906666666666	1.902310333333333	1.857179666666667	0.4477839999999999
3.258802666666666	0.3755476666666666	0.506134	0.4847859999999999	1.1101786666666664	1.7639826666666665	4.135337	19.14704233333333	0.6457970000000001	1.273686333333333	0.236504	1.566139	0.7604416666666666	5.654349666666666	2.3133646666666667	1.483212	1.55453	8.158551	2.606098333333333	3.2243450000000005	4.893522666666667	1.8330213333333327	0.9522006666666664	5.608205	2.3762026666666665	0.0529193333333333	0.7838426666666666	1.2919286666666667	1.808625666666667	8.911730333333333	1.5755883333333331	0.3155793333333332	0.3677996666666666	9.707253	9.676193333333332	1.924238	0.7969203333333332	0.095349	1.942223	2.034205	0.4681056666666666
3.244096666666666	0.3930349999999999	0.5103223333333333	0.4741523333333333	1.009828	1.8206526666666665	3.967669	19.118873666666666	0.646161	1.3380069999999995	0.230955	1.5530526666666666	0.901785	5.66829	2.534425333333333	1.3305996666666666	1.5550109999999997	8.173586666666665	2.567038	3.074441	4.863301666666667	1.759292333333333	0.8605406666666666	5.4823423333333325	2.299103333333333	0.0522533333333333	0.7819079999999999	1.1139303333333337	1.7732149999999998	9.380462	1.6769543333333332	0.3258109999999999	0.3976999999999999	9.616346333333333	9.769094666666666	1.96266	0.696603	0.093202	1.968095	2.241802	0.4903736666666666
3.215445666666666	0.4123793333333333	0.5146809999999999	0.4640343333333333	0.928947	1.879046	3.798237333333333	19.039542333333333	0.6450796666666666	1.3971486666666664	0.2280206666666666	1.532795333333333	1.075462666666667	5.659191333333332	2.7833593333333333	1.2152593333333332	1.564529	8.146747333333334	2.5140766666666665	2.938259333333334	4.811352333333333	1.6827576666666664	0.7883406666666667	5.3624046666666665	2.2283913333333327	0.0520586666666666	0.7818913333333333	0.9566073333333333	1.7342443333333333	9.835323	1.7705053333333334	0.3352936666666666	0.429773	9.545251666666664	9.873054	1.984121333333333	0.5996546666666664	0.0918946666666666	1.981851	2.486666	0.5142666666666666
3.174156333333333	0.4363249999999999	0.5177563333333334	0.4537876666666667	0.864965	1.93691	3.627972	18.91941	0.6381999999999999	1.4499163333333331	0.2285436666666666	1.506430333333333	1.2813653333333332	5.627150333333333	3.0555586666666663	1.13579	1.5826573333333331	8.075943	2.446488	2.8306996666666664	4.738301333333333	1.6067939999999998	0.735776	5.250665	2.1832953333333336	0.0524233333333333	0.7824713333333333	0.82002	1.6946676666666665	10.275324666666666	1.860209	0.3448669999999999	0.4640576666666666	9.508669666666666	9.991645	1.998118	0.5095983333333334	0.0917086666666666	1.984871333333333	2.776074333333333	0.5404723333333333
3.1255353333333336	0.4677183333333333	0.5183753333333333	0.4435663333333333	0.8152213333333334	1.9910246666666669	3.457813333333333	18.773332	0.6214373333333333	1.49547	0.2326829999999999	1.4754553333333331	1.515866	5.572917333333333	3.3446196666666665	1.089503	1.6058926666666669	7.956512333333332	2.364335333333333	2.763812	4.647873	1.534676333333333	0.7023693333333333	5.147924	2.177170333333333	0.0534413333333333	0.7816969999999999	0.703201	1.657885	10.698845666666664	1.952035	0.3552286666666667	0.5007769999999999	9.525169666666669	10.131732333333332	2.0198333333333327	0.42928	0.0927366666666666	1.9778506666666664	3.116164333333333	0.5701959999999999
3.0824033333333327	0.5087116666666667	0.5161376666666666	0.4338963333333333	0.7770046666666666	2.038981	3.2897096666666665	18.617571666666667	0.5937219999999999	1.5333023333333329	0.2395903333333333	1.441404666666667	1.770531	5.49715	3.6415376666666655	1.07304	1.628470333333333	7.780443	2.2686563333333334	2.7425456666666665	4.550530999999999	1.4695876666666667	0.6869836666666667	5.052609666666666	2.2067593333333333	0.0551513333333333	0.778343	0.6043456666666666	1.6273626666666663	11.101420666666666	2.0522783333333328	0.3667446666666666	0.5404596666666666	9.612259666666668	10.299913333333333	2.061694333333333	0.3601953333333332	0.094791	1.960438	3.5096709999999995	0.6048180000000001
3.057633	0.5611773333333333	0.5111793333333333	0.4251086666666666	0.7477156666666667	2.0798663333333334	3.1264526666666668	18.464863	0.5569033333333333	1.5630703333333331	0.2481423333333333	1.4054396666666666	2.034094	5.400132666666666	3.9356786666666665	1.0831263333333332	1.6453793333333333	7.539883666666666	2.161509666666667	2.7656763333333334	4.458689666666666	1.4146963333333331	0.6883193333333333	4.962348666666665	2.2592846666666664	0.0575659999999999	0.7725166666666667	0.5212126666666667	1.606324	11.475212666666666	2.166176	0.3794553333333333	0.5839836666666667	9.781370333333337	10.49970833333333	2.1290456666666664	0.3027979999999999	0.097596	1.931669	3.955806	0.6454443333333333
3.0562666666666662	0.6271713333333333	0.504153	0.4168283333333333	0.7251409999999999	2.115230333333333	2.971742666666666	18.318484	0.5165036666666666	1.5845483333333332	0.25759	1.3678343333333334	2.2933703333333333	5.281545	4.215201	1.1172756666666666	1.6555363333333333	7.230987000000001	2.046505333333333	2.8243720000000003	4.382104	1.3732599999999997	0.7053793333333332	4.875252	2.316657333333333	0.0606586666666666	0.7666543333333333	0.451283	1.597406	11.807514	2.296227	0.392883	0.6328486666666666	10.030896333333333	10.727878333333331	2.213961	0.256376	0.1009333333333333	1.8901616666666663	4.448744666666666	0.6923563333333332
3.0761156666666665	0.7093066666666668	0.4957403333333333	0.4085013333333333	0.7075303333333334	2.146713	2.829184666666666	18.17625233333333	0.478975	1.5976266666666663	0.2678003333333333	1.3282413333333332	2.5357386666666666	5.141208	4.4687893333333335	1.173689	1.6607086666666668	6.855109666666666	1.928874	2.9061996666666667	4.325009333333334	1.3485646666666666	0.7376316666666665	4.790496333333333	2.362843333333333	0.0644303333333333	0.7638603333333334	0.3920183333333333	1.6026979999999995	12.084978666666665	2.4426329999999994	0.4060646666666666	0.6892766666666666	10.351936666666663	10.977100666666663	2.301983	0.2195256666666666	0.1047073333333333	1.8346236666666664	4.979625666666666	0.7451216666666667
3.106524333333333	0.8112520000000001	0.486225	0.3999556666666666	0.6938693333333332	2.173796333333333	2.701213	18.032751	0.4492003333333332	1.602413	0.279647	1.2858466666666668	2.7517986666666667	4.9800233333333335	4.687644	1.2512996666666667	1.665369	6.4220543333333335	1.816085333333333	2.997587333333333	4.281628666666667	1.3438143333333334	0.7853136666666667	4.709058333333333	2.3915346666666664	0.0689569999999999	0.7663893333333334	0.341095	1.623581	12.297837666666666	2.6027666666666667	0.4173809999999999	0.7566736666666666	10.731382	11.237513333333332	2.3772666666666664	0.1903523333333333	0.1090246666666666	1.7643956666666665	5.5371966666666665	0.8025246666666667
3.136743	0.9367283333333332	0.4754319999999999	0.3916336666666666	0.6835373333333333	2.195015	2.588941333333333	17.882673333333333	0.4295143333333333	1.599193	0.2943173333333333	1.2404923333333335	2.9351566666666664	4.800142999999999	4.8655453333333325	1.348658666666667	1.674948	5.947603666666666	1.7162926666666665	3.086094	4.242159333333333	1.3615226666666669	0.8488649999999999	4.6321156666666665	2.404519333333333	0.0743673333333333	0.7746449999999999	0.2966506666666667	1.6609063333333332	12.440552999999998	2.771931333333333	0.425044	0.8392109999999999	11.155702666666668	11.501390666666666	2.431181333333333	0.16698	0.1140513333333333	1.6795896666666668	6.108903333333332	0.8636983333333333
3.164016	1.0884446666666667	0.4625793333333333	0.3850073333333333	0.676142	2.20896	2.4915906666666667	17.72373066666667	0.4179706666666666	1.5884913333333333	0.3127086666666666	1.1940426666666666	3.0833676666666663	4.605665	4.999928666666666	1.4626169999999998	1.694302	5.453291333333333	1.636882	3.1628823333333336	4.1973416666666665	1.4025903333333334	0.928435	4.559444	2.412313	0.0808059999999999	0.7856896666666667	0.257694	1.714953	12.513979	2.94313	0.4275616666666666	0.9417076666666666	11.613867666666666	11.768228	2.4729470000000005	0.1480693333333333	0.11989	1.5815583333333332	6.681324999999999	0.9293936666666668
3.1908656666666664	1.2679156666666669	0.4467476666666666	0.3816243333333333	0.6713086666666666	2.2140880000000003	2.407684333333333	17.555238666666664	0.4110029999999999	1.5709426666666666	0.3351026666666666	1.1496603333333333	3.196639	4.401864333333333	5.090614333333333	1.588404	1.7252733333333334	4.961423999999999	1.5835883333333332	3.222135333333333	4.140253333333333	1.4666903333333334	1.0237506666666667	4.489570666666666	2.425407333333333	0.088403	0.7953523333333333	0.2237889999999999	1.7855716666666666	12.522961	3.1079106666666663	0.4240436666666666	1.0688823333333333	12.096178333333334	12.040533333333332	2.5199576666666665	0.132677	0.1265553333333333	1.472632	7.241331999999998	1.0014826666666667
3.223339333333333	1.4747566666666665	0.4273389999999999	0.3821536666666666	0.6685413333333333	2.208457333333333	2.3359916666666667	17.377094999999997	0.405466	1.5472319999999995	0.3606583333333333	1.1114333333333333	3.277667	4.194910333333333	5.139541666666666	1.7191756666666662	1.763235	4.490436333333333	1.5588676666666668	3.2615826666666665	4.068367333333334	1.55219	1.1339003333333333	4.419602333333333	2.445904	0.0972153333333333	0.8000033333333333	0.1949099999999999	1.8721553333333332	12.47549	3.256642333333333	0.4147453333333333	1.2244846666666669	12.593283333333332	12.320269666666666	2.590293	0.1202803333333333	0.1339363333333333	1.356291	7.777348333333333	1.0827426666666666
3.264784333333333	1.7066689999999998	0.4041539999999999	0.3861253333333332	0.6673383333333334	2.1904793333333337	2.276010333333333	17.188856	0.3993069999999999	1.5180763333333334	0.3877993333333333	1.0830443333333335	3.330056	3.991008666666666	5.149318	1.8472796666666664	1.800475	4.053862666666666	1.5622593333333332	3.2806686666666667	3.980969333333333	1.6569846666666666	1.2576906666666663	4.346426999999999	2.4709363333333334	0.1072619999999999	0.7973886666666666	0.1710356666666666	1.973798	12.379576000000002	3.3801026666666663	0.4007443333333332	1.4105293333333333	13.095212333333333	12.606383666666666	2.695702666666666	0.1104906666666666	0.1418213333333333	1.2366146666666664	8.279221999999999	1.1755523333333333
3.309089666666666	1.9585306666666664	0.3776143333333333	0.3914016666666666	0.6673533333333332	2.1599980000000003	2.2286016666666666	16.989096333333332	0.3923583333333333	1.4842793333333333	0.4144283333333333	1.066309333333333	3.357199333333333	3.7956426666666663	5.122166666666667	1.9653183333333328	1.828795333333333	3.657644666666667	1.589537	3.2795336666666666	3.877395666666666	1.7791286666666666	1.39396	4.267925333333333	2.495114333333333	0.1185253333333333	0.7879050000000001	0.1517313333333333	2.089348	12.240410666666666	3.471353333333333	0.3839316666666666	1.6257526666666666	13.590531333333333	12.891597333333332	2.833226	0.1028786666666666	0.1498906666666666	1.117989	8.738655333333334	1.280402
3.345943666666667	2.223008	0.3485689999999999	0.3955879999999999	0.668478	2.1186356666666666	2.195151	16.777638333333332	0.385249	1.446861	0.4389253333333333	1.061517	3.361833333333333	3.6134616666666655	5.059801333333334	2.0672836666666665	1.842891	3.303464	1.63461	3.258376666666666	3.7579476666666665	1.9172953333333331	1.541912333333333	4.183775	2.515135	0.1310126666666666	0.7738139999999999	0.1362526666666666	2.2174913333333333	12.061341	3.5263936666666664	0.3663556666666666	1.8660966666666663	14.068846333333331	13.165761	2.9932663333333327	0.0969463333333333	0.1578826666666666	1.0045423333333332	9.148627333333332	1.3960496666666666
3.365377	2.4902230000000003	0.3182823333333333	0.397434	0.6710373333333333	2.0707876666666665	2.176870333333333	16.558639666666668	0.3785293333333333	1.4073246666666668	0.4613419999999999	1.0673206666666666	3.34537	3.447878	4.963213666666666	2.150241	1.844541	2.990387	1.6905996666666665	3.217019	3.6255426666666666	2.0714286666666664	1.7015833333333332	4.096919000000001	2.534743333333333	0.1447999999999999	0.759099	0.1235459999999999	2.3567836666666664	11.844264666666668	3.546086333333333	0.3496603333333333	2.124013	14.52398733333333	13.418512666666668	3.165869	0.0921273333333333	0.1657746666666666	0.8994933333333333	9.503379333333331	1.519075333333333
3.3627466666666663	2.749061	0.2882066666666666	0.3969493333333333	0.6756106666666666	2.0219846666666665	2.174454666666666	16.340925	0.3722233333333333	1.367569	0.4827253333333333	1.082139	3.3078966666666663	3.301206	4.833051333333333	2.2135696666666664	1.8393826666666664	2.7174223333333334	1.750962	3.155018666666667	3.4856146666666667	2.2422196666666663	1.873345333333333	4.012138333333334	2.5611766666666664	0.159962	0.7475633333333332	0.1126106666666666	2.5055706666666664	11.590058	3.5351006666666667	0.3349756666666666	2.389838666666667	14.953957	13.642774666666666	3.3462373333333333	0.0879273333333333	0.1737553333333333	0.805158	9.797695	1.645366
3.3451576666666667	2.988056	0.2598096666666666	0.395897	0.6829603333333333	1.9775373333333333	2.1875486666666664	16.139730999999998	0.365263	1.329968	0.5047539999999999	1.105439	3.2476199999999995	3.1743156666666668	4.669868	2.2590266666666663	1.8347886666666664	2.485752333333333	1.810594333333333	3.0717223333333337	3.3467656666666667	2.43077	2.0574326666666667	3.935139	2.602331	0.1764913333333333	0.7409166666666666	0.1028703333333333	2.6618526666666664	11.298374	3.502314	0.3226353333333333	2.652300666666666	15.362046333333334	13.839127333333332	3.540993333333333	0.0841163333333333	0.1822313333333333	0.7225476666666666	10.02645	1.7712943333333333
3.324720666666666	3.197069333333333	0.234312	0.3966289999999999	0.6938496666666667	1.940816333333333	2.214849666666667	15.970825333333334	0.356414	1.2970970000000002	0.5286783333333334	1.1376843333333333	3.161634	3.0668976666666667	4.474452666666667	2.289013	1.83655	2.298214333333333	1.865734	2.966476666666667	3.217840666666666	2.637690666666667	2.2530676666666665	3.8701236666666654	2.662524333333333	0.1942736666666666	0.739116	0.0941436666666666	2.823312333333333	10.967610666666666	3.4575666666666667	0.3123543333333333	2.900246333333333	15.751738	14.011406	3.759003333333333	0.0806506666666666	0.1915493333333333	0.6515176666666667	10.184334333333332	1.8941613333333327
3.3132963333333327	3.3695249999999994	0.2123219999999999	0.4010956666666666	0.7088789999999999	1.9109603333333327	2.2538923333333334	15.844594	0.3451956666666666	1.2715326666666666	0.5542079999999999	1.1804929999999998	3.0463879999999994	2.977217	4.248298999999999	2.3051746666666664	1.8452513333333331	2.159174666666667	1.914327	2.8389096666666664	3.105049	2.862065	2.457176	3.816964333333333	2.7370343333333333	0.2130153333333333	0.7402513333333333	0.0867083333333333	2.987269666666667	10.594407333333333	3.408788	0.3031539999999999	3.1244473333333334	16.121528666666666	14.163312	4.002452333333333	0.0776786666666666	0.201671	0.5904266666666667	10.265615666666664	2.012821333333333
3.319269	3.501986333333333	0.19408	0.4100793333333333	0.7285683333333335	1.88509	2.302080333333333	15.765076333333331	0.332575	1.2555966666666667	0.5800003333333333	1.2353033333333334	2.899448	2.9026226666666664	3.994046	2.308418666666667	1.8585223333333327	2.0726736666666667	1.9553066666666663	2.689464666666667	3.012019333333333	3.1023846666666666	2.665070333333333	3.773447333333333	2.81463	0.2323263333333333	0.742475	0.080912	3.1507909999999995	10.175116	3.361009333333333	0.2937546666666666	3.318265	16.464883333333333	14.296840333333332	4.2657713333333325	0.0753433333333333	0.2123636666666666	0.5370906666666667	10.264777666666667	2.1265786666666666
3.343373	3.5949196666666667	0.1795676666666666	0.4221096666666666	0.7534219999999999	1.859805	2.357679666666667	15.726888333333331	0.321965	1.250968	0.6039219999999998	1.3019586666666665	2.7218236666666664	2.839656333333333	3.716444666666667	2.298760333333333	1.8724973333333328	2.040429333333333	1.9883013333333333	2.5203616666666666	2.939039	3.357288333333333	2.8705266666666667	3.736943	2.8784783333333333	0.2517473333333333	0.7458353333333333	0.0768143333333333	3.310732333333333	9.707353	3.314327666666667	0.2828443333333332	3.4793746666666663	16.768730666666666	14.410563333333334	4.532733666666666	0.0736146666666666	0.2233056666666666	0.489508	10.177416333333332	2.234243333333333
3.380631	3.6508726666666655	0.1688326666666667	0.4347859999999999	0.7839636666666666	1.8318763333333328	2.419858	15.719488666666669	0.3170353333333333	1.2586406666666667	0.624066	1.3789866666666666	2.5179763333333334	2.784464	3.422163	2.2758640000000003	1.8846003333333328	2.061749	2.013235	2.335678666666667	2.884767333333333	3.6258626666666665	3.066806	3.705774	2.914986	0.270814	0.7512713333333332	0.0742473333333333	3.4638046666666664	9.191201	3.265182	0.2693806666666666	3.608775333333333	17.018187333333334	14.502114666666664	4.785746333333333	0.0723666666666666	0.2343253333333332	0.4461696666666667	10.000942	2.334140333333333
3.420483	3.673525666666666	0.162272	0.4458423333333333	0.8207739999999999	1.7988603333333328	2.488918	15.729646333333331	0.3194459999999999	1.278577333333333	0.6398836666666666	1.4634256666666663	2.2971866666666667	2.7330656666666666	3.120353333333333	2.239400333333333	1.896448	2.1324646666666665	2.0301533333333333	2.142208333333333	2.8473403333333334	3.907908	3.247450666666667	3.680708	2.923695333333333	0.289106	0.7597103333333333	0.0728316666666666	3.60662	8.631561	3.206275	0.2529936666666666	3.711084333333333	17.200808666666667	14.570221333333333	5.014311666666666	0.0714483333333333	0.245632	0.406502	9.736200666666663	2.424027
3.452719333333333	3.666426	0.160325	0.4538913333333333	0.8644943333333334	1.7593463333333332	2.5651086666666663	15.746057333333331	0.328726	1.31003	0.6518763333333334	1.5516496666666664	2.0716166666666664	2.681804666666667	2.8216939999999995	2.189151666666666	1.9110496666666668	2.2453436666666664	2.0395233333333334	1.948588	2.825941	4.203017333333333	3.4068733333333334	3.66346	2.9121976666666662	0.3062386666666666	0.7709966666666667	0.0721286666666666	3.735807333333333	8.037886666666667	3.129511333333333	0.2338153333333333	3.7922033333333336	17.308941	14.613772999999998	5.211999333333333	0.0707363333333333	0.2577089999999999	0.370519	9.387536333333331	2.5014393333333333
3.47343	3.631809333333333	0.1631266666666666	0.4594096666666666	0.915856	1.7137563333333334	2.6473623333333336	15.764432666666664	0.3415133333333333	1.351538	0.6616423333333332	1.639904	1.855463333333333	2.627965	2.537957	2.125075333333333	1.930235	2.3892376666666664	2.0427436666666665	1.7650856666666666	2.822562333333333	4.509317666666666	3.54123	3.655385666666666	2.8934199999999994	0.3218556666666666	0.782585	0.0717813333333333	3.848192666666667	7.425626333333333	3.028613	0.2125399999999999	3.857473666666666	17.343690333333335	14.630828333333334	5.374488666666666	0.0702126666666666	0.2712299999999999	0.3386789999999999	8.964355666666666	2.5639906666666668
3.4838693333333333	3.5708459999999995	0.170437	0.4638003333333333	0.9755636666666664	1.664842	2.7332646666666665	15.785215666666668	0.3535986666666666	1.401248	0.6707563333333333	1.7249529999999995	1.6623849999999998	2.569685	2.280468	2.0471946666666665	1.9536286666666665	2.551158	2.041955333333333	1.601873	2.8404466666666663	4.8226803333333335	3.6477743333333335	3.6561896666666662	2.8795156666666664	0.335614	0.7911603333333332	0.0715743333333333	3.940929	6.812403333333332	2.899823	0.1902169999999999	3.9106346666666663	17.311115	14.619843	5.499478	0.0699176666666666	0.2868113333333333	0.3113303333333333	8.479248666666665	2.609779333333333
3.490653	3.4835586666666662	0.1814363333333333	0.4687753333333333	1.0441703333333332	1.618861	2.8186113333333336	15.812466999999998	0.3617229999999999	1.457023	0.679762	1.804833666666667	1.5027613333333332	2.506240666666667	2.058326	1.9556006666666663	1.977094	2.717665333333333	2.0401216666666664	1.467198	2.8827556666666663	5.135016666666667	3.7246933333333327	3.662301	2.875798	0.3471526666666666	0.7941946666666666	0.0715526666666666	4.011819333333333	6.214939333333333	2.7435616666666665	0.1682206666666666	3.952211	17.220038999999996	14.581220666666669	5.588003666666667	0.0699259999999999	0.3047066666666666	0.2881796666666666	7.947464666666667	2.637960333333333
3.500454	3.3696103333333336	0.1950946666666666	0.4756326666666667	1.1220179999999995	1.582096333333333	2.898565	15.847893666666666	0.3645923333333333	1.516574	0.6885446666666666	1.8783973333333333	1.3838453333333331	2.4376976666666668	1.8782666666666663	1.851233	1.9953973333333328	2.876489333333333	2.040608	1.3670493333333331	2.951204333333333	5.436116666666667	3.771029	3.669456666666666	2.8808986666666665	0.3561883333333333	0.7910953333333333	0.0718139999999999	4.0592646666666665	5.647201999999999	2.5634626666666662	0.1479896666666666	3.980435	17.077154	14.517388999999998	5.644385999999999	0.0702583333333333	0.325049	0.2686283333333333	7.385202333333334	2.6480956666666664
3.514872333333333	3.2288646666666665	0.2104773333333333	0.4844376666666666	1.2090653333333332	1.5571983333333337	2.968649666666667	15.884238333333332	0.3644316666666667	1.5774926666666664	0.6965456666666666	1.9451416666666663	1.308695333333333	2.3649029999999995	1.743550333333333	1.7370903333333332	2.0046636666666666	3.018591	2.046845	1.3038406666666669	3.0442	5.714689999999999	3.787044	3.675206666666667	2.885175333333333	0.3626166666666666	0.784894	0.0723559999999999	4.082497333333333	5.117497333333334	2.366803	0.1307946666666666	3.991281	16.881851333333334	14.433406666666666	5.677267666666667	0.0707783333333333	0.3480129999999999	0.2520616666666666	6.808322333333333	2.639693333333333
3.531728333333333	3.0612469999999994	0.227058	0.4942093333333333	1.304765333333333	1.5432236666666663	3.025648	15.908769	0.364834	1.637263	0.7028923333333333	2.0051146666666666	1.277354	2.2888836666666665	1.6550313333333333	1.6178916666666665	2.003821333333333	3.1380793333333328	2.0614196666666667	1.2769659999999998	3.157982333333333	5.960027333333334	3.773914333333333	3.6791036666666654	2.878718	0.3664696666666667	0.7797696666666666	0.0730666666666666	4.081234333333334	4.629334	2.1627696666666663	0.1177186666666666	3.979978333333333	16.630276	14.334520333333332	5.695613333333332	0.0712903333333333	0.3739256666666666	0.2380326666666666	6.231013000000001	2.612224666666666
3.545406666666666	2.866667666666666	0.2451413333333333	0.5028363333333333	1.4077213333333332	1.5346993333333332	3.0688673333333334	15.905453333333332	0.3690199999999999	1.6932199999999995	0.7064856666666667	2.059068666666666	1.286684	2.2103546666666665	1.6111463333333331	1.5003109999999995	1.9968916666666665	3.233347	2.084805	1.282023333333333	3.287008	6.163761999999999	3.7337606666666665	3.6833996666666655	2.8593356666666665	0.3679099999999999	0.778923	0.0737699999999999	4.055572	4.180371666666667	1.961607333333333	0.1095426666666666	3.942182	16.318927666666667	14.223700666666666	5.704711333333333	0.0716096666666666	0.4033693333333333	0.2265029999999999	5.663802	2.565280333333333
3.5503719999999994	2.6458683333333326	0.2654286666666666	0.5084043333333333	1.515874333333333	1.5256919999999996	3.0986446666666665	15.860693	0.3788933333333333	1.7427416666666666	0.7069519999999999	2.108212	1.331849	2.12974	1.6092326666666668	1.391317666666667	1.9902003333333331	3.305094333333333	2.1158716666666666	1.3123886666666666	3.425454333333333	6.319740333333334	3.669044333333333	3.6907096666666654	2.831660333333333	0.3672033333333334	0.7839963333333334	0.0743519999999999	4.005849	3.765725	1.7732399999999997	0.106742	3.874693333333333	15.94893	14.101724	5.706240333333333	0.0716233333333333	0.4371283333333332	0.2176373333333333	5.114522333333333	2.498927
3.544666333333333	2.4018006666666665	0.288711	0.5106043333333333	1.6264339999999995	1.5136643333333333	3.115215	15.76981933333333	0.3938446666666667	1.783454	0.7059116666666665	2.154062333333333	1.4069359999999995	2.0471336666666664	1.6462126666666663	1.296566	1.9901916666666664	3.355357	2.151807333333333	1.359813	3.568663	6.424716666666666	3.582053	3.701797	2.8079926666666664	0.364735	0.7941326666666668	0.0749976666666666	3.9326656666666655	3.380085333333333	1.605826	0.1093363333333333	3.776642666666666	15.531746666666669	13.966673999999998	5.697306333333334	0.0713656666666666	0.4761769999999999	0.2116793333333333	4.588227999999999	2.4143306666666664
3.530034	2.1399896666666667	0.3156986666666666	0.5103006666666666	1.7362709999999997	1.4990766666666664	3.118435	15.634413333333333	0.4125476666666667	1.813435	0.7061856666666666	2.197868	1.505543	1.9626253333333332	1.7188773333333334	1.21971	2.0007873333333333	3.386323	2.189208	1.4158579999999998	3.714249666666666	6.477478	3.4745276666666665	3.7152456666666662	2.8010056666666667	0.3609466666666666	0.8073963333333332	0.0760703333333333	3.83694	3.018872	1.4654339999999997	0.1171833333333333	3.6494146666666665	15.084138	13.816475999999998	5.674020333333332	0.0709419999999999	0.521622	0.2087503333333333	4.088734333333333	2.313571
3.5130086666666664	1.869927	0.3468206666666666	0.509451	1.8421846666666664	1.485678	3.107499333333333	15.461465666666664	0.4345833333333334	1.831561	0.7113313333333332	2.2398073333333333	1.6210343333333332	1.876626	1.824023	1.161004	2.02005	3.399378	2.224938	1.473169	3.864027333333333	6.4788586666666665	3.3470983333333333	3.7265536666666663	2.816584	0.3563186666666667	0.8217833333333333	0.0781146666666666	3.720118	2.6794450000000003	1.3548346666666664	0.1301603333333333	3.497562	14.624667666666664	13.651304	5.634454	0.070477	0.5746873333333333	0.2086273333333333	3.619480333333333	2.199824
3.5005483333333327	1.603363	0.3821383333333333	0.5102283333333334	1.941230333333333	1.4772829999999997	3.0812923333333333	15.257304	0.4608823333333333	1.8373033333333333	0.7243346666666666	2.278818	1.7469003333333335	1.7899323333333337	1.958831	1.118472666666667	2.0432286666666664	3.3949436666666664	2.2568886666666668	1.525951	4.022053666666666	6.4311153333333335	3.199937	3.730174666666666	2.854040333333333	0.351402	0.8357166666666667	0.0816083333333333	3.584193	2.360924	1.2740846666666668	0.1481933333333333	3.327903666666667	14.168717	13.473057999999998	5.577622666666666	0.0700533333333333	0.6367693333333333	0.2108743333333333	3.183859333333333	2.076597666666667
3.4958226666666663	1.3533243333333334	0.4211466666666666	0.5142876666666666	2.031152333333333	1.4746906666666666	3.0386986666666664	15.021545333333332	0.4945206666666667	1.8307096666666665	0.7461096666666667	2.311925	1.8771303333333331	1.7039083333333334	2.121393	1.0882740000000002	2.064948333333333	3.372009666666666	2.2850836666666665	1.5709893333333331	4.193320333333333	6.337997666666666	3.0333043333333336	3.721340333333333	2.90441	0.346896	0.848579	0.0867666666666666	3.431917666666666	2.0646320000000005	1.2199893333333331	0.1712459999999999	3.1495476666666664	13.722597666666664	13.285362333333332	5.503038333333333	0.069646	0.7095759999999999	0.2149413333333333	2.785257666666667	1.947147
3.498858	1.1315523333333333	0.4632809999999999	0.5227363333333334	2.110238333333333	1.476771333333333	2.979383	14.748812	0.5392213333333333	1.812111	0.7760803333333333	2.335348	2.006307666666667	1.6201703333333333	2.310408333333333	1.0662556666666667	2.081009	3.3288459999999995	2.310948	1.6067966666666664	4.381236666666667	6.204483666666667	2.8483956666666663	3.6974	2.9562136666666667	0.343626	0.860277	0.093617	3.266484	1.7928736666666665	1.1879023333333334	0.199406	2.972221	13.286105	13.092929333333332	5.414237666666667	0.0691963333333333	0.7952796666666667	0.220426	2.426395	1.814310333333333
3.506266333333333	0.945416	0.5083983333333333	0.535983	2.177399	1.4810766666666666	2.904783000000001	14.429306333333331	0.5980283333333334	1.781913333333333	0.8122949999999999	2.345297	2.12991	1.540345	2.52502	1.049327	2.090357666666667	3.263474	2.3370636666666664	1.6334246666666663	4.584559333333333	6.036978333333333	2.648530666666667	3.659878	3.000175	0.3425993333333333	0.8710196666666666	0.1020956666666666	3.0913163333333333	1.548063	1.172828	0.2329596666666666	2.804814	12.853146	12.901307333333332	5.324239333333333	0.0686696666666666	0.8968216666666666	0.2273833333333333	2.1082840000000003	1.6802773333333332
3.5133476666666663	0.7983996666666667	0.5566583333333334	0.5543963333333333	2.2318566666666664	1.485306333333333	2.8169796666666667	14.054695666666666	0.672374	1.7404763333333333	0.8528049999999998	2.338828	2.2441116666666665	1.4657716666666665	2.763878666666667	1.035327	2.093609333333333	3.1744146666666664	2.3661936666666668	1.6514703333333334	4.798548333333333	5.842110666666667	2.4385410000000003	3.612460333333333	3.030429	0.3450163333333333	0.8812	0.1122043333333333	2.909784333333333	1.3319036666666666	1.169822	0.2722086666666666	2.654329333333333	12.418036333333331	12.715446333333333	5.252890666666666	0.0680686666666666	1.017510666666667	0.2361273333333333	1.830515	1.5469736666666667
3.5156073333333326	0.6891593333333333	0.6084766666666667	0.5788936666666666	2.273022666666667	1.4886096666666666	2.7176940000000003	13.624312333333332	0.7606686666666667	1.6879786666666667	0.8969653333333332	2.3149113333333333	2.3458536666666663	1.397157	3.0240559999999994	1.0232043333333334	2.092054333333333	3.0616686666666664	2.400482	1.6613989999999998	5.015026999999999	5.625516333333333	2.224706333333333	3.5597376666666665	3.0464903333333337	0.352388	0.8914376666666667	0.1242426666666666	2.7248720000000004	1.1443356666666666	1.174376	0.317214	2.5240723333333333	11.981452333333332	12.537754666666666	5.226115333333333	0.0674423333333333	1.160667333333333	0.2471023333333333	1.5909476666666669	1.4163153333333334
3.509737333333333	0.613877	0.6642246666666667	0.610557	2.300421333333333	1.4906606666666664	2.607715333333333	13.142134333333331	0.8596699999999999	1.6247633333333331	0.9451433333333332	2.273746666666667	2.432606	1.3349956666666665	3.3017876666666663	1.0124143333333333	2.086122	2.926921333333333	2.441786	1.663433333333333	5.225569666666667	5.391288666666666	2.013783666666667	3.505530333333333	3.049757666666666	0.366487	0.902704	0.1386146666666666	2.53935	0.9840986666666666	1.1832286666666667	0.3676536666666666	2.4142016666666666	11.546678333333332	12.36685	5.26763	0.0668	1.329021	0.2606706666666666	1.3865516666666664	1.2899916666666664
3.494927	0.5674920000000001	0.7239726666666667	0.6501629999999999	2.313719333333333	1.4908263333333334	2.4861673333333334	12.615147999999998	0.9652963333333332	1.5517153333333331	0.99865	2.216560666666666	2.502342	1.2799146666666668	3.593014	1.0025833333333334	2.073776	2.7744766666666663	2.491925	1.6574236666666666	5.424607999999999	5.1408733333333325	1.8121993333333333	3.451083	3.040864333333333	0.3893873333333333	0.916538	0.1557386666666666	2.355825666666667	0.8488169999999999	1.1956773333333333	0.4224976666666666	2.3210786666666667	11.116335333333332	12.195077666666664	5.389837999999999	0.0660186666666666	1.5237506666666667	0.2768586666666666	1.2137756666666668	1.1691456666666666
3.471935	0.5447086666666666	0.7877106666666667	0.6976476666666667	2.312714333333333	1.488228	2.352100666666667	12.050707666666666	1.073502	1.4701576666666665	1.058725666666667	2.145395	2.553384666666666	1.2325613333333334	3.8941306666666655	0.993155	2.052197	2.610872	2.552451333333333	1.6429323333333332	5.609801666666666	4.874325666666666	1.6253466666666667	3.3957209999999995	3.020212	0.4231549999999999	0.9344553333333332	0.176078	2.176818333333333	0.7357333333333334	1.2124976666666665	0.4804109999999999	2.239343	10.691047666666666	12.013214333333332	5.5962456666666665	0.0649283333333333	1.7441553333333333	0.2953996666666666	1.0687723333333334	1.054786
3.442712666666667	0.5406426666666666	0.8555956666666666	0.7512603333333332	2.297397333333333	1.4818263333333337	2.206191	11.454349	1.181065	1.3818423333333334	1.12556	2.063321333333333	2.584402333333333	1.1934129999999998	4.202824	0.9830673333333332	2.0195036666666666	2.4453956666666663	2.624152	1.619193	5.783288	4.591129666666666	1.4564693333333334	3.3368926666666665	2.988971	0.4694856666666666	0.9572626666666668	0.2002983333333333	2.004696	0.6421496666666666	1.2353703333333332	0.5400103333333334	2.163280666666666	10.267722333333332	11.814759666666664	5.880875333333333	0.0634083333333333	1.9865126666666664	0.3156843333333332	0.947378	0.948161
3.409244	0.5505343333333332	0.9280103333333332	0.8084476666666667	2.267884	1.4708613333333331	2.0510126666666664	10.829822333333333	1.2853093333333332	1.28868	1.1988876666666666	1.974038	2.5944156666666665	1.1624716666666666	4.517357333333333	0.9709576666666664	1.976182	2.288746	2.7065126666666663	1.585259	5.947845666666667	4.29179	1.3072290000000002	3.2715503333333333	2.9508440000000005	0.5294493333333333	0.9849673333333332	0.229349	1.8415533333333327	0.565293	1.2657533333333335	0.6001703333333333	2.0877966666666667	9.841421333333331	11.596886	6.233859333333333	0.0614486666666666	2.2450556666666666	0.3370493333333333	0.8452376666666667	0.8507639999999999
3.372575999999999	0.5694746666666667	1.0056296666666666	0.8664499999999999	2.2244416666666664	1.4554566666666668	1.8918823333333332	10.179157666666669	1.3840676666666667	1.1924993333333334	1.278432	1.8817003333333333	2.582966	1.1387706666666664	4.835912333333334	0.955341	1.9272406666666664	2.152268333333333	2.796589	1.540092	6.103399666666666	3.97983	1.1776316666666666	3.197372333333333	2.914585	0.6029596666666666	1.0164179999999998	0.2647426666666666	1.6888826666666668	0.5020886666666666	1.303763	0.6603543333333334	2.009533	9.40707	11.362391	6.644810999999999	0.059265	2.512148333333333	0.359054	0.7578546666666666	0.7643699999999999
3.3336019999999995	0.5928199999999999	1.0886996666666666	0.9228813333333332	2.1675656666666665	1.4368946666666664	1.734922	9.507727	1.475691	1.0950353333333334	1.363835	1.7902239999999998	2.550113	1.120812	5.155558666666667	0.9349363333333334	1.879129	2.047283333333333	2.8896536666666663	1.4828769999999998	6.247946333333333	3.661575	1.066866	3.113447333333333	2.8904336666666666	0.6889116666666666	1.0501246666666666	0.308345	1.5476629999999998	0.4493876666666666	1.3483626666666666	0.720368	1.9265873333333328	8.963869666666668	11.116275666666663	7.102462666666666	0.0571843333333333	2.7797339999999995	0.3815989999999999	0.6810916666666667	0.6906466666666666
3.293870666666666	0.616834	1.1760776666666666	0.9764063333333332	2.0982220000000003	1.418243666666667	1.5853323333333331	8.830703999999999	1.5593503333333334	0.9978586666666666	1.4544813333333333	1.702408666666667	2.4966266666666663	1.106862	5.470801	0.9090973333333332	1.837002333333333	1.984316	2.9792306666666666	1.4135056666666668	6.378134666666666	3.3469013333333333	0.973744	3.021433	2.8866256666666663	0.7849356666666666	1.0850053333333332	0.3623616666666666	1.4182013333333334	0.4042476666666666	1.3972513333333334	0.780165	1.8388216666666664	8.521229	10.863083	7.593195	0.055581	3.0405226666666665	0.40513	0.6118549999999999	0.630641
3.255402	0.6390823333333333	1.265384	1.0267476666666666	2.017975666666666	1.4031356666666666	1.446422	8.169366333333333	1.634703	0.902617	1.5495966666666663	1.6194336666666664	2.423659	1.095673	5.774486	0.877667	1.8031876666666664	1.972030333333333	3.059060333333333	1.3330593333333332	6.491024	3.046913	0.8970326666666667	2.9242646666666663	2.906728333333333	0.8880533333333333	1.1208883333333333	0.4288856666666666	1.3005306666666665	0.3643396666666667	1.4481423333333332	0.8394806666666665	1.7471366666666666	8.093921	10.605294666666666	8.100342333333334	0.0547133333333333	3.288047666666666	0.4302433333333333	0.5482146666666666	0.5844159999999999
3.220741666666666	0.659313	1.3527476666666665	1.075011333333333	1.92938	1.3945656666666666	1.318094	7.548745333333333	1.7018203333333335	0.8112263333333333	1.648174	1.5397706666666668	2.3325823333333333	1.0873719999999998	6.058087333333333	0.8410406666666665	1.7749123333333332	2.0152269999999994	3.125097333333333	1.244798	6.586174	2.772032333333333	0.835716	2.825343	2.945389	0.995108	1.1592053333333334	0.5094433333333332	1.1946486666666667	0.3286203333333333	1.4999843333333331	0.8973800000000001	1.6533006666666663	7.698357666666666	10.341343666666663	8.602582666666667	0.0545516666666666	3.51696	0.457314	0.4899466666666667	0.5503170000000001
3.1935326666666666	0.6784789999999999	1.4340213333333334	1.1224923333333332	1.8356046666666668	1.393854666666667	1.1988116666666666	6.988967666666666	1.761111	0.7257026666666666	1.748340333333333	1.4606636666666668	2.224905333333333	1.0829593333333334	6.312454	0.7999593333333332	1.747388	2.115167666666667	3.175231	1.1535269999999995	6.666954	2.5309163333333333	0.7888603333333332	2.727837	2.992485333333333	1.1031836666666666	1.2014476666666665	0.6048876666666666	1.1005486666666666	0.2968513333333333	1.5523156666666666	0.9525926666666666	1.559802	7.344808	10.068346000000002	9.078381	0.0548993333333333	3.7225906666666666	0.4863689999999999	0.4377916666666666	0.5258756666666666
3.179275	0.698141	1.5059349999999998	1.1694816666666663	1.7402943333333334	1.3989886666666669	1.087085	6.494674	1.8134216666666667	0.647916	1.8463	1.3791806666666666	2.1023093333333334	1.0840703333333337	6.528342333333333	0.7554716666666667	1.716286	2.268261	3.209633	1.065551666666667	6.742765	2.3286943333333334	0.7555346666666667	2.633932	3.035691	1.210089	1.247541	0.7150409999999998	1.0181783333333332	0.2694273333333333	1.6047019999999996	1.0037416666666668	1.4700743333333333	7.027555	9.784323666666666	9.510370333333332	0.055469	3.900872	0.5168376666666666	0.393008	0.508417
3.182227666666666	0.7193646666666667	1.5665066666666667	1.2149083333333333	1.6470796666666665	1.4062586666666668	0.9821886666666668	6.058808999999998	1.8595126666666664	0.5792736666666667	1.936986	1.2929916666666668	1.9667723333333331	1.0922913333333333	6.697515999999999	0.7086806666666666	1.6790166666666666	2.467009	3.229736999999999	0.9875746666666666	6.822320666666667	2.1676053333333334	0.7347803333333333	2.5445336666666667	3.064223666666667	1.3141793333333331	1.2957833333333333	0.8387903333333333	0.9473023333333332	0.2468033333333333	1.656123	1.0496396666666667	1.3879586666666666	6.731158333333332	9.487730666666668	9.884306	0.0559713333333333	4.048452666666666	0.5477923333333333	0.3564893333333333	0.4954729999999999
3.2015606666666665	0.7415143333333334	1.6158816666666664	1.2555746666666665	1.5590919999999997	1.411342333333333	0.8849959999999999	5.662665999999999	1.899484333333333	0.5201763333333332	2.014392	1.201338	1.820849	1.108472	6.814299999999999	0.6605663333333331	1.636339	2.6992666666666665	3.237709333333333	0.925791	6.906251	2.0464596666666663	0.7256823333333334	2.458572	3.072777333333333	1.4143703333333333	1.3423486666666666	0.9738719999999998	0.8872723333333333	0.2290263333333333	1.7042089999999996	1.089632	1.3173216666666667	6.433819333333333	9.177037333333333	10.189623	0.0562153333333333	4.163214333333333	0.5780713333333333	0.32776	0.4852326666666667
3.2316773333333333	0.7628936666666666	1.6552333333333331	1.2876166666666666	1.478785	1.4109870000000002	0.7970319999999999	5.285883	1.932564333333333	0.4702946666666666	2.07359	1.1048886666666666	1.667618	1.1328406666666666	6.875237333333333	0.612157	1.5898966666666663	2.951036666666666	3.2356376666666664	0.8856449999999999	6.987418	1.9623266666666663	0.7276726666666666	2.3744576666666664	3.0592359999999994	1.509719	1.3831746666666669	1.1176853333333332	0.8371179999999999	0.2158063333333333	1.745813333333333	1.1234523333333333	1.2617673333333332	6.11616	8.851367333333332	10.422807666666666	0.0561076666666666	4.2442573333333335	0.606657	0.305415	0.4764586666666666
3.261138333333333	0.7810716666666666	1.6860509999999995	1.307779	1.4075036666666665	1.4048689999999997	0.7197309999999999	4.915860666666666	1.956622	0.4285386666666667	2.1132146666666665	1.006119	1.5108423333333332	1.1648886666666665	6.879638333333332	0.5647423333333332	1.5400733333333334	3.208407666666666	3.224703	0.8713813333333333	7.049165	1.9113516666666663	0.7410533333333333	2.291347	3.023538333333333	1.599098	1.4157826666666666	1.2680296666666666	0.7955136666666667	0.2065189999999999	1.7773826666666663	1.1512136666666666	1.2242506666666666	5.770709666666667	8.511432	10.593334333333331	0.0557126666666666	4.292339666666666	0.6330803333333334	0.2872423333333333	0.4686256666666666
3.27792	0.793567	1.7094636666666665	1.3141223333333332	1.3457153333333332	1.3940173333333334	0.6539276666666667	4.550278666666666	1.9689616666666665	0.3934913333333333	2.134853	0.9081143333333334	1.3544673333333332	1.2036783333333334	6.828619666666666	0.5196586666666666	1.4860093333333335	3.458533	3.20525	0.8866173333333333	7.074683666666666	1.889173333333333	0.7667293333333334	2.209148666666666	2.9669323333333333	1.6812036666666663	1.439311	1.4233626666666668	0.760992	0.200324	1.7955089999999998	1.1731353333333334	1.207011	5.400652666666667	8.158390333333333	10.714357666666666	0.0551356666666666	4.308759666666666	0.6571926666666666	0.2708463333333333	0.4614316666666666
3.274788	0.7985173333333333	1.7255133333333332	1.3071553333333332	1.2929276666666665	1.3796573333333333	0.5992223333333333	4.202556666666666	1.96701	0.3636703333333334	2.1433746666666664	0.8136366666666667	1.2022176666666666	1.2479746666666665	6.725016	0.4780649999999999	1.4256106666666666	3.6908556666666654	3.176540333333333	0.9347113333333332	7.056502333333334	1.890907	0.8062116666666667	2.128681333333333	2.892291333333333	1.7545430000000002	1.4549869999999998	1.5833283333333332	0.7321186666666665	0.1962496666666666	1.7976726666666665	1.1893776666666669	1.211196	5.021809999999999	7.792723666666666	10.793969	0.054451	4.294435333333333	0.6790296666666668	0.254204	0.4544616666666666
3.2511060000000005	0.7950016666666667	1.7334366666666667	1.2888016666666666	1.2483079999999998	1.362812666666667	0.5545546666666665	3.890553	1.9491863333333328	0.337849	2.14434	0.7248476666666667	1.0573799999999998	1.2966959999999998	6.572997	0.4407929999999999	1.358173	3.8968946666666655	3.1373766666666665	1.0192613333333331	6.996473666666666	1.9110813333333327	0.8611346666666667	2.050952666666667	2.805164	1.817515	1.464532333333333	1.74842	0.707722	0.1936006666666666	1.7828616666666663	1.200135333333333	1.2370766666666666	4.652253333333333	7.413353333333332	10.830742666666668	0.0536813333333333	4.249535666666667	0.6985396666666666	0.2361903333333333	0.4472133333333333
3.2168803333333336	0.7836926666666668	1.7316906666666665	1.261881	1.2111333333333332	1.344102	0.5185756666666665	3.626840333333333	1.9162063333333328	0.3154106666666667	2.141668333333333	0.6429309999999999	0.9224653333333332	1.349371	6.378306666666666	0.408074	1.2875736666666666	4.070869666666667	3.086454	1.1444933333333331	6.908411666666668	1.9433536666666664	0.9328546666666666	1.976524333333333	2.715863333333333	1.8684763333333332	1.468802333333333	1.9200146666666664	0.6872179999999999	0.1924906666666666	1.7528373333333331	1.2059203333333333	1.2838913333333335	4.303079333333334	7.016592999999999	10.806854333333334	0.052813	4.172968333333333	0.715313	0.2174196666666666	0.43922
3.187154666666667	0.7660046666666667	1.7186260000000002	1.229052	1.1808283333333331	1.3248333333333333	0.4901099999999999	3.4171736666666668	1.870691333333333	0.2960533333333333	2.137323333333333	0.5688599999999999	0.7993373333333333	1.4058526666666666	6.147395	0.3796656666666666	1.2206689999999998	4.208869666666667	3.022503	1.3139083333333332	6.809268333333333	1.981424333333333	1.0220386666666663	1.9054513333333327	2.636409	1.9057716666666669	1.4679046666666664	2.0999676666666667	0.6703573333333334	0.1935253333333333	1.7108696666666665	1.2082376666666668	1.350409	3.979610333333333	6.600110999999999	10.700751	0.0518636666666666	4.063379666666666	0.728762	0.1993603333333333	0.43045
3.1778863333333334	0.7434900000000001	1.693085	1.191825	1.156997	1.3083399999999998	0.4686053333333333	3.257053	1.8174686666666664	0.2795783333333333	2.130453	0.5040343333333333	0.689101	1.4660856666666666	5.886756999999999	0.3548303333333333	1.1664166666666669	4.308914	2.9443203333333337	1.528328	6.711192333333334	2.020072	1.1280343333333334	1.8371356666666665	2.57772	1.927819333333333	1.4612453333333333	2.290372333333333	0.657095	0.1976649999999999	1.6610143333333331	1.210862	1.43528	3.681093333333333	6.167556333333333	10.499268333333331	0.0509893333333333	3.920191	0.7382733333333333	0.1837316666666666	0.421892
3.200095	0.7172653333333333	1.65433	1.1510796666666667	1.1390953333333331	1.298697	0.4536199999999999	3.1356606666666664	1.7620493333333334	0.265731	2.119394333333333	0.44988	0.5922826666666666	1.5297533333333335	5.602030666666666	0.3327466666666666	1.1322266666666665	4.370573333333333	2.8506223333333334	1.7850416666666664	6.618214	2.0556066666666664	1.2492246666666666	1.771087	2.5467599999999995	1.933307	1.4486666666666668	2.492758666666666	0.6473246666666667	0.2058043333333333	1.606764333333333	1.219886	1.5373366666666666	3.404095666666666	5.726813999999999	10.202193	0.050398	3.744290333333333	0.743409	0.1717366666666666	0.4149209999999999
3.252511333333333	0.6874043333333334	1.602118	1.1073793333333333	1.126089	1.299452333333333	0.4443083333333333	3.037523333333333	1.7093989999999997	0.2540446666666666	2.103328	0.4072579999999999	0.5087766666666665	1.595879	5.296776999999999	0.3129203333333333	1.119681333333333	4.395321666666668	2.7398776666666667	2.075462	6.520797333333334	2.0869786666666665	1.3830406666666666	1.707781	2.542182	1.921591	1.4316993333333334	2.706926333333333	0.6406426666666666	0.218408	1.5496379999999998	1.2448529999999998	1.6559053333333331	3.1446559999999995	5.289438333333333	9.830592333333332	0.0502823333333333	3.539337666666666	0.744167	0.1632326666666666	0.410774
3.326568	0.6538293333333333	1.536560666666667	1.0611673333333331	1.116791	1.3119689999999995	0.4393343333333332	2.9481970000000004	1.6634476666666669	0.2440006666666666	2.082602	0.3758676666666666	0.4380296666666666	1.663317666666667	4.973288666666666	0.2952329999999999	1.1254106666666666	4.385544333333333	2.6109306666666665	2.3868826666666663	6.405841333333333	2.1152346666666664	1.526447	1.6487526666666668	2.5569966666666666	1.892798	1.4126373333333333	2.9304036666666664	0.6364753333333333	0.2357483333333333	1.489941	1.2978956666666666	1.7905666666666666	2.9000783333333326	4.866559333333334	9.413863666666668	0.0507186666666666	3.311092333333333	0.740897	0.1574816666666666	0.4099413333333333
3.408941333333334	0.6171963333333333	1.458241	1.0128529999999998	1.1101943333333333	1.3330266666666666	0.4367196666666666	2.8600026666666665	1.626244	0.235172	2.0593276666666664	0.35322	0.3790386666666666	1.7312403333333333	4.633015333333333	0.2800716666666666	1.1403023333333335	4.343849	2.463829333333333	2.702687666666667	6.265403	2.143750333333333	1.6762116666666669	1.5968273333333334	2.579155333333333	1.8483086666666664	1.3937616666666668	3.156974	0.634195	0.2581363333333333	1.4271943333333337	1.3936843333333333	1.940851	2.6708506666666665	4.464600000000001	8.979144999999999	0.0515486666666666	3.067511333333333	0.7343113333333332	0.1537526666666666	0.411388
3.486050333333333	0.5787079999999999	1.368538	0.9630273333333332	1.105557	1.356866	0.4347296666666666	2.769763	1.5982363333333334	0.227315	2.0366966666666664	0.3358353333333333	0.3304236666666666	1.7992526666666668	4.278040666666667	0.2676396666666666	1.1533389999999997	4.271795333333333	2.3000113333333334	3.005604333333333	6.096876	2.176321333333333	1.828877	1.553732	2.5954883333333334	1.790557	1.3765676666666664	3.3781849999999998	0.6332516666666665	0.2861323333333333	1.3609729999999998	1.5454206666666663	2.105095	2.4587866666666667	4.085051999999999	8.543183666666668	0.052482	2.8170150000000005	0.7250293333333334	0.1515886666666666	0.4133746666666666
3.548179666666667	0.5400320000000001	1.2703253333333335	0.91271	1.1025583333333333	1.3765669999999997	0.4328953333333333	2.677653	1.5780236666666665	0.2205079999999999	2.018741	0.3201586666666666	0.290373	1.8676253333333328	3.912705666666666	0.2572126666666666	1.1548513333333332	4.1683200000000005	2.122978	3.2807156666666666	5.904320333333333	2.215541	1.9806933333333328	1.5172950000000005	2.595233	1.7232826666666667	1.3608289999999998	3.584027333333333	0.633346	0.3208306666666666	1.2916593333333335	1.7598946666666664	2.2787943333333334	2.265293333333333	3.722892666666666	8.101926	0.0531846666666666	2.5669979999999994	0.713092	0.1510873333333333	0.4141423333333333
3.590111	0.5025073333333333	1.167343	0.8632066666666667	1.1008980000000002	1.3867946666666666	0.4317383333333333	2.582666333333334	1.5639786666666666	0.2149326666666666	2.010164	0.3035556666666666	0.2569866666666666	1.9367903333333327	3.542882	0.247526	1.139301	4.031002	1.9373593333333332	3.5164566666666666	5.694141666666666	2.263279666666666	2.128194333333333	1.483215	2.572635	1.650981	1.3458743333333332	3.764839666666667	0.6342639999999999	0.3634643333333334	1.219823333333333	2.036323666666666	2.4555686666666663	2.089091	3.372521666666666	7.645806666666666	0.0534026666666666	2.3238326666666667	0.698326	0.152298	0.4125556666666666
3.6131963333333337	0.4662826666666666	1.0638676666666669	0.8160126666666666	1.0999356666666666	1.3870456666666666	0.4328146666666667	2.4782936666666666	1.5557499999999995	0.210694	2.016464333333333	0.285531	0.2286273333333333	2.006908	3.17572	0.2370799999999999	1.1093056666666667	3.857007333333333	1.748422	3.706909333333333	5.471710999999999	2.3210903333333333	2.269045333333333	1.4463686666666666	2.5312073333333327	1.5786553333333333	1.3317923333333337	3.9132976666666655	0.6357693333333333	0.4150336666666666	1.1456493333333333	2.362044	2.627553333333333	1.9233246666666663	3.033384333333333	7.173637333333334	0.0531113333333333	2.092573333333333	0.680648	0.1546273333333333	0.4089633333333333
3.621213333333334	0.4308266666666666	0.9638463333333334	0.7726853333333333	1.0988653333333334	1.37976	0.4377936666666666	2.357516	1.553802	0.2077169999999999	2.0433889999999995	0.2666113333333333	0.2040286666666666	2.077971333333333	2.818893333333333	0.2248436666666666	1.0711959999999998	3.644707	1.5616789999999998	3.850268	5.240098	2.3908679999999998	2.402522	1.4033533333333337	2.479177	1.5112613333333331	1.3198709999999998	4.0244703333333325	0.6375453333333333	0.476103	1.0690943333333331	2.715470333333333	2.787229	1.760566333333333	2.708593	6.694689	0.0524033333333333	1.877575	0.6603606666666666	0.1570546666666666	0.4044203333333334
3.617436000000001	0.3953416666666666	0.8698956666666666	0.734701	1.096916	1.3694	0.447594	2.2182783333333327	1.5590026666666663	0.205611	2.096283	0.2476026666666666	0.1825716666666667	2.149925333333333	2.480011333333333	0.211152	1.0318293333333333	3.3958320000000004	1.3826416666666668	3.949039	4.998629666666666	2.4755216666666664	2.530637333333333	1.355595	2.426407	1.453109	1.3132493333333333	4.096839999999999	0.6391656666666666	0.546473	0.990106	3.0659236666666665	2.929505333333333	1.5979453333333329	2.4044049999999992	6.233188666666666	0.0514213333333333	1.6826936666666663	0.6385243333333334	0.1583463333333332	0.4002386666666666
3.605206666666666	0.3596523333333333	0.7831786666666667	0.7035519999999998	1.0937113333333333	1.360248	0.4620993333333333	2.064534	1.5710513333333336	0.2038996666666666	2.1787146666666666	0.2293893333333333	0.1640039999999999	2.222968	2.1658666666666666	0.1973086666666666	0.9966373333333334	3.115434333333333	1.2165846666666664	4.007801666666667	4.747646666666666	2.5780259999999995	2.656959333333333	1.3077786666666666	2.380425	1.4074976666666663	1.314885	4.131496333333333	0.640257	0.625699	0.90922	3.382764	3.052429	1.4376066666666665	2.1273	5.817530666666667	0.0503483333333333	1.5110076666666663	0.6166093333333332	0.1577856666666666	0.3979376666666667
3.58883	0.3252816666666667	0.7028106666666666	0.6807613333333333	1.0897716666666666	1.3542893333333337	0.4796233333333333	1.9091083333333327	1.5865796666666665	0.2022296666666666	2.2902256666666667	0.2128796666666666	0.1483416666666666	2.297918	1.8812656666666665	0.1854819999999999	0.967517	2.813060333333333	1.0681446666666667	4.031946	4.493518666666666	2.7002623333333333	2.7858883333333333	1.2671223333333337	2.342168	1.375921333333333	1.325421	4.132446	0.640714	0.71351	0.8283643333333334	3.644680666666667	3.159070333333333	1.2885596666666663	1.8811543333333327	5.470220333333333	0.0494123333333333	1.3640439999999998	0.596207	0.1561173333333333	0.3993939999999999
3.572352	0.2944099999999999	0.627223	0.6675773333333334	1.0860936666666667	1.351244	0.4981173333333333	1.7679636666666665	1.6010066666666667	0.2004016666666666	2.426791333333333	0.1990963333333333	0.135536	2.3756996666666668	1.6290536666666666	0.1775483333333333	0.9443676666666668	2.500134333333333	0.9409646666666668	4.026148333333333	4.245147333333334	2.8419393333333334	2.920814	1.239516	2.3104726666666666	1.3585053333333332	1.3438883333333334	4.105127666666666	0.6406056666666666	0.8099086666666666	0.7500883333333334	3.840092333333333	3.255163	1.1615113333333331	1.6666586666666667	5.200938666666668	0.0488543333333333	1.241634333333333	0.5785359999999999	0.1547723333333333	0.4067203333333333
3.5581636666666667	0.2689749999999999	0.55528	0.6644553333333334	1.083867666666667	1.3480773333333331	0.5163186666666666	1.655104666666667	1.610194	0.1984453333333333	2.579924	0.1892483333333333	0.1251733333333333	2.456833	1.409323	0.1738656666666666	0.926027	2.1881126666666666	0.8368853333333331	3.992708333333333	4.010891999999999	2.998678	3.061826999999999	1.225215666666667	2.285986666666667	1.353892	1.3680263333333331	4.055516	0.6401563333333334	0.9153373333333332	0.6769616666666666	3.971062	3.347758666666666	1.0641066666666663	1.479772	4.995608	0.0488743333333333	1.1410976666666666	0.5637920000000001	0.1553039999999999	0.4222006666666666
3.547408	0.249974	0.4865576666666666	0.6711186666666668	1.0841906666666663	1.341959	0.5338529999999999	1.5776313333333332	1.611929	0.1965376666666666	2.739303333333333	0.1842233333333333	0.1166173333333333	2.5412256666666666	1.220436	0.1735749999999999	0.912086	1.8874336666666665	0.7564580000000001	3.931868333333333	3.796664666666666	3.163645	3.2060536666666666	1.2205026666666663	2.2714063333333336	1.3600663333333334	1.3959	3.988861	0.6395890000000001	1.0305443333333333	0.611152	4.047897666666667	3.4434430000000003	0.9987756666666666	1.3150503333333332	4.829510333333334	0.049569	1.0585563333333332	0.5515613333333333	0.1587263333333333	0.4476853333333333
3.539946	0.2365116666666666	0.421813	0.686284	1.087777	1.3332816666666665	0.5516083333333333	1.5286846666666667	1.6080459999999996	0.19498	2.8947096666666665	0.1838866666666666	0.1091179999999999	2.627771	1.0593199999999998	0.1745919999999999	0.9046923333333332	1.6062489999999998	0.6988873333333334	3.841385	3.603433	3.328429	3.3469176666666662	1.2182196666666665	2.2717866666666664	1.3748513333333334	1.427535	3.9081923333333335	0.6390086666666667	1.15652	0.5538603333333333	4.087067666666666	3.5464523333333333	0.9591346666666666	1.168638333333333	4.677464666666666	0.0508196666666666	0.9898213333333332	0.5410303333333333	0.1647283333333333	0.4837976666666667
3.5346476666666664	0.2267023333333333	0.3623663333333333	0.7082456666666667	1.095208	1.3245	0.5708703333333334	1.4954853333333331	1.602813	0.1940216666666666	3.037592	0.187227	0.1020693333333333	2.7147593333333333	0.9224503333333332	0.1748033333333333	0.9064376666666664	1.3508756666666666	0.66257	3.717564333333333	3.429983333333333	3.485685333333333	3.4763813333333333	1.2117736666666667	2.2908863333333334	1.396186666666667	1.464057333333333	3.8146036666666663	0.6383876666666666	1.2938933333333331	0.5054960000000001	4.105076333333333	3.658433333333333	0.9359176666666666	1.040006	4.524565999999999	0.0523843333333333	0.9314076666666666	0.5316436666666666	0.1722083333333333	0.530123
3.5290803333333334	0.2182716666666666	0.3096943333333333	0.7352650000000001	1.1071713333333333	1.3193586666666663	0.59262	1.4654166666666666	1.6020059999999998	0.193684	3.1631286666666663	0.1922116666666666	0.0953253333333333	2.800081	0.8065329999999999	0.1732553333333333	0.9181146666666666	1.1255040000000005	0.6451709999999999	3.5558183333333337	3.274688	3.6320516666666665	3.5865723333333324	1.1991456666666669	2.3267796666666665	1.4223473333333334	1.507057	3.706861333333334	0.6375463333333333	1.4421403333333331	0.4655263333333332	4.112841666666666	3.777165	0.9218423333333332	0.9344636666666666	4.379322666666666	0.0539346666666666	0.8816969999999998	0.5237743333333333	0.1795633333333333	0.5851193333333333
3.518977	0.20932	0.2648523333333333	0.7662773333333333	1.1246056666666666	1.3201136666666664	0.6171963333333332	1.4292256666666665	1.610094	0.1938016666666666	3.268777333333333	0.196738	0.0890109999999999	2.881582666666667	0.7084536666666665	0.1699473333333333	0.937809	0.932833	0.6437099999999999	3.35231	3.134786333333333	3.766818333333333	3.670782333333333	1.1815596666666666	2.3722906666666668	1.4517493333333331	1.5573773333333332	3.582755333333333	0.6362946666666667	1.599628	0.4329023333333333	4.116964333333333	3.897638333333333	0.9121096666666664	0.858302	4.259272666666666	0.0551916666666666	0.8400733333333332	0.5183076666666666	0.1854073333333333	0.6472789999999999
3.497270666666666	0.199235	0.2278046666666666	0.8017373333333333	1.148937	1.3244313333333333	0.6437996666666665	1.3850000000000002	1.6271433333333334	0.1940403333333333	3.353701333333333	0.1995313333333333	0.0834289999999999	2.957453666666667	0.6252486666666667	0.1659203333333333	0.959312	0.7739616666666667	0.6543196666666666	3.1061126666666667	3.0051796666666664	3.8913716666666662	3.724805	1.163007	2.414105333333333	1.4827433333333333	1.613765	3.440084	0.6345943333333333	1.7632426666666663	0.406327	4.119505333333334	4.011947666666666	0.9054449999999998	0.8140363333333333	4.178982	0.0560573333333333	0.8063829999999998	0.5163113333333333	0.1893513333333333	0.7163733333333333
3.4579146666666665	0.188633	0.1978026666666666	0.8430019999999999	1.1820486666666663	1.328161	0.6710483333333334	1.336442666666667	1.6510863333333334	0.194108	3.417594	0.2002109999999999	0.0788413333333333	3.026696666666666	0.5542193333333333	0.1624636666666666	0.9759466666666666	0.648671	0.672909	2.819860333333333	2.8813166666666663	4.007146333333333	3.746463	1.147515	2.440134333333333	1.5135506666666667	1.6741089999999998	3.277447666666667	0.63263	1.9291543333333332	0.3849766666666666	4.119431666666666	4.110768333333333	0.9029526666666664	0.7996666666666667	4.143604333333333	0.0565713333333333	0.7803326666666666	0.518576	0.1920499999999999	0.7934746666666666
3.400384333333333	0.1797079999999999	0.1735643333333333	0.8918973333333333	1.226362333333333	1.3277976666666664	0.6973953333333333	1.2931383333333333	1.6794506666666666	0.1940036666666666	3.459934	0.1996236666666666	0.075257	3.0898726666666665	0.4931979999999999	0.1604486666666666	0.984359	0.5550843333333333	0.6957309999999999	2.5019576666666663	2.762563	4.113674	3.735985	1.1364973333333332	2.447388	1.542159	1.736454333333333	3.0953856666666666	0.63096	2.09326	0.3693693333333332	4.112510666666666	4.1843243333333335	0.9080136666666666	0.8067439999999999	4.140107	0.0568959999999999	0.7609273333333333	0.525051	0.195544	0.8814139999999999
3.3293643333333334	0.1747986666666666	0.1538306666666666	0.949904	1.284211	1.322464333333333	0.7217613333333333	1.2661466666666668	1.7110353333333332	0.1939056666666666	3.480026333333333	0.1993489999999999	0.0724926666666666	3.1481296666666667	0.4404513333333333	0.1601226666666666	0.984686	0.4903293333333334	0.7196203333333333	2.164826	2.652255	4.208759333333333	3.695272	1.1289846666666663	2.439645333333333	1.5667646666666666	1.7993583333333336	2.896408666666667	0.6302946666666667	2.251482	0.360718	4.092904666666666	4.224326333333333	0.9251683333333334	0.8253626666666666	4.146574333333334	0.057231	0.7466523333333333	0.5351733333333334	0.2020839999999999	0.983682
3.256145	0.1750053333333333	0.1379266666666666	1.017143666666667	1.357122333333333	1.316477333333333	0.7443049999999999	1.2641006666666668	1.747894	0.1941319999999999	3.4771516666666664	0.2014526666666666	0.070192	3.2023693333333334	0.394779	0.1607829999999999	0.9817376666666666	0.4508393333333333	0.7423983333333333	1.824747	2.558774	4.288163333333333	3.6279706666666662	1.1212489999999995	2.426996	1.5862923333333334	1.8623583333333331	2.6858473333333333	0.631334	2.3999883333333334	0.3604656666666666	4.0541366666666665	4.226649	0.959273	0.8487973333333332	4.139194333333333	0.0577263333333333	0.7355596666666666	0.5480253333333333	0.2129833333333333	1.103589333333333
3.1940966666666664	0.1800089999999999	0.1255669999999999	1.0924906666666665	1.445736	1.3154326666666667	0.7657256666666666	1.2911643333333331	1.7941666666666665	0.194944	3.450987	0.2079416666666666	0.0680376666666666	3.252581333333333	0.355186	0.161542	0.9820593333333334	0.4333133333333333	0.762467	1.4985673333333334	2.4902809999999995	4.347392666666667	3.538897333333333	1.1096563333333334	2.4194123333333333	1.6002806666666665	1.9256483333333332	2.4706133333333336	0.634655	2.535064	0.3696646666666666	3.991326666666667	4.191474666666667	1.012721	0.8750209999999999	4.102860333333334	0.058498	0.7259059999999999	0.5628556666666666	0.2284206666666666	1.2438693333333333
3.154663	0.1875483333333333	0.1168123333333333	1.1731876666666667	1.5494573333333332	1.3225373333333337	0.7867506666666665	1.3437003333333333	1.855454	0.196363	3.4022043333333327	0.2201799999999999	0.0659886666666666	3.2969063333333333	0.3207043333333333	0.1620543333333333	0.9915466666666666	0.4357409999999999	0.7786456666666666	1.2006736666666666	2.4492326666666666	4.3833036666666665	3.433936333333333	1.0935043333333332	2.4205026666666667	1.6089566666666668	1.9899993333333328	2.2585813333333338	0.6405766666666667	2.6530286666666667	0.3883036666666666	3.904149666666666	4.125112666666666	1.0819276666666666	0.909485	4.043996	0.0596033333333333	0.7168813333333333	0.5796213333333333	0.2469503333333333	1.4061213333333331
3.1439316666666666	0.1950773333333333	0.1118326666666666	1.255820333333333	1.6674060000000002	1.3378069999999995	0.8078446666666667	1.4152456666666664	1.936365333333333	0.1982056666666666	3.3320313333333336	0.2389499999999999	0.0641926666666666	3.332431	0.2903913333333333	0.1624203333333333	1.0135346666666667	0.45708	0.7901476666666666	0.9418833333333332	2.4328573333333328	4.393751333333333	3.318902	1.0742783333333332	2.428386333333333	1.6127286666666665	2.056299333333333	2.0572646666666667	0.6493376666666666	2.750482666666666	0.4160286666666667	3.7966986666666656	4.037203	1.1611666666666665	0.9598623333333332	3.978537	0.0610743333333333	0.7083856666666666	0.5986983333333333	0.266958	1.5911123333333332
3.1575506666666664	0.201339	0.1107636666666666	1.3370086666666663	1.799192	1.356547	0.8288936666666665	1.5005066666666669	2.0376756666666664	0.2001046666666666	3.2419296666666666	0.2642623333333333	0.062943	3.355669333333333	0.2634263333333333	0.1631946666666666	1.0462786666666666	0.4971829999999999	0.7967473333333333	0.7270083333333333	2.4322156666666666	4.377417333333333	3.1982500000000003	1.0553473333333332	2.435148333333333	1.6117606666666666	2.125194	1.8723856666666665	0.661237	2.824732333333333	0.4528073333333333	3.679095	3.939133333333333	1.245855333333333	1.0314366666666666	3.922448333333333	0.0629316666666666	0.7010053333333333	0.620677	0.2880233333333333	1.7986696666666664
3.186586666666666	0.2061263333333333	0.1136213333333333	1.4140633333333334	1.944446	1.3734576666666665	0.8494933333333332	1.596429	2.157181	0.2017106666666666	3.1326586666666665	0.2957226666666666	0.062442	3.363324	0.239149	0.1648423333333333	1.086333	0.5557733333333333	0.7986376666666666	0.5564623333333333	2.4377396666666664	4.332744666666666	3.074305333333333	1.039245	2.432428	1.605986	2.1972793333333334	1.7078776666666666	0.6766413333333333	2.874024	0.499113	3.5650706666666663	3.841033333333333	1.333778	1.1255783333333331	3.884517	0.0652119999999999	0.6953369999999999	0.64591	0.3105953333333333	2.027604
3.221881333333333	0.2103056666666666	0.1202339999999999	1.4858076666666666	2.1022066666666666	1.3865103333333333	0.8691843333333333	1.7035516666666666	2.289762	0.2029399999999999	3.0032936666666665	0.3326579999999999	0.062521	3.353095	0.2172033333333333	0.1672069999999999	1.1314346666666664	0.631343	0.796399	0.4260733333333333	2.444337	4.256935666666667	2.9456996666666666	1.0247493333333333	2.4169400000000003	1.5951623333333331	2.2733986666666666	1.5651659999999998	0.6959989999999999	2.898137333333333	0.556197	3.470723	3.74834	1.4266446666666668	1.2372513333333333	3.857685000000001	0.0680166666666666	0.6913643333333334	0.674005	0.3358253333333333	2.2750863333333333
3.2568716666666666	0.2147726666666666	0.1304753333333333	1.5519776666666667	2.27049	1.3962383333333332	0.887867	1.822819	2.4312576666666663	0.2038593333333333	2.853314	0.3743496666666667	0.0628306666666666	3.323353	0.1973373333333333	0.1697193333333333	1.1809923333333334	0.721058	0.7905883333333332	0.329414	2.449956	4.147189999999999	2.809128	1.0086473333333332	2.3912543333333334	1.5797339999999995	2.3552993333333334	1.4439826666666664	0.7197386666666665	2.897771	0.6252	3.409875	3.662161333333333	1.526431	1.359283	3.8282033333333327	0.0714463333333333	0.688759	0.7043233333333333	0.3646496666666666	2.536731
3.290737	0.2194966666666666	0.1445486666666666	1.612891	2.445552666666667	1.4056293333333332	0.9063366666666668	1.952388333333333	2.5824873333333334	0.2046483333333333	2.68508	0.4201756666666666	0.062957	3.273125	0.1792983333333333	0.1715233333333333	1.236924333333333	0.8201793333333334	0.7812870000000001	0.259109	2.454722	4.002163333333333	2.6604463333333337	0.9870329999999998	2.365985333333333	1.5620639999999997	2.446493	1.3424066666666667	0.7481766666666667	2.874273333333333	0.7061919999999999	3.3885636666666663	3.5780613333333333	1.63158	1.485846	3.7828456666666663	0.0755773333333333	0.687138	0.736436	0.396841	2.806058
3.32488	0.2238953333333333	0.1628406666666666	1.6688486666666664	2.6230906666666667	1.417929	0.925766	2.08691	2.746698333333333	0.2054679999999999	2.503909	0.4697386666666666	0.0626026666666666	3.2020686666666665	0.162897	0.171891	1.3019446666666663	0.9229753333333331	0.768244	0.2082063333333333	2.457809	3.822514333333333	2.4963506666666664	0.9572353333333332	2.3517916666666667	1.546444333333333	2.55046	1.2576823333333331	0.7816513333333333	2.829238333333333	0.7982103333333332	3.4068763333333334	3.4888626666666664	1.7368	1.6130426666666668	3.713579	0.0804543333333333	0.686458	0.7703836666666666	0.4315683333333333	3.075607333333333
3.3600013333333334	0.2271866666666666	0.1858373333333333	1.7195296666666664	2.799346	1.4346959999999995	0.947281	2.216123666666667	2.9274206666666664	0.2063813333333333	2.319139	0.5230299999999999	0.061778	3.1108423333333333	0.1481216666666666	0.170696	1.3781113333333332	1.0232673333333333	0.7508756666666666	0.1715896666666666	2.454274333333333	3.6122286666666663	2.316329	0.9200806666666664	2.351249333333333	1.539769	2.668578333333333	1.1865949999999998	0.820692	2.764204666666666	0.8989439999999999	3.458678	3.386312666666666	1.8320266666666667	1.7398563333333334	3.6233273333333336	0.0861356666666666	0.687544	0.8070936666666666	0.4678753333333333	3.337663
3.394802333333333	0.2292816666666667	0.2138199999999999	1.7640069999999997	2.9717143333333333	1.456493	0.9714336666666664	2.330354	3.1256619999999997	0.2073649999999999	2.1416906666666664	0.5803353333333333	0.0607116666666666	3.001063	0.135047	0.168408	1.4660183333333332	1.115495	0.7286156666666666	0.1456323333333333	2.437530333333333	3.377566666666666	2.122406	0.878716	2.360085333333333	1.5498116666666664	2.7992756666666665	1.1261096666666666	0.8660353333333332	2.6805146666666664	1.0052386666666666	3.535373666666666	3.2630149999999998	1.908056	1.8664923333333328	3.520332333333333	0.0927069999999999	0.6919196666666666	0.8480146666666666	0.5056316666666667	3.584791
3.4244890000000003	0.2318683333333333	0.2465146666666666	1.8005529999999998	3.139693	1.48331	0.997536	2.4266466666666666	3.3363083333333328	0.2083399999999999	1.982065	0.6422003333333333	0.0597926666666666	2.8756666666666666	0.123745	0.166237	1.5635636666666666	1.1959623333333331	0.7012163333333332	0.1284223333333333	2.401666	3.126803333333333	1.919773	0.8380243333333333	2.366688	1.5837763333333332	2.936167666666667	1.0739843333333334	0.918697	2.5790943333333334	1.1132196666666665	3.6286073333333335	3.114590666666666	1.9626896666666669	1.9931673333333333	3.413935	0.100363	0.701891	0.8949373333333333	0.5467273333333333	3.810466333333333
3.444863666666666	0.2371466666666666	0.2833406666666666	1.8272863333333331	3.303466666666667	1.5149076666666668	1.024315	2.509019	3.5505659999999994	0.2092289999999999	1.848237	0.709182	0.0593353333333333	2.738090333333333	0.1141953333333333	0.1653516666666666	1.6671279999999995	1.262446	0.6687763333333333	0.1190016666666666	2.343611333333333	2.868105666666666	1.7148646666666665	0.8018320000000001	2.3594476666666666	1.6473869999999995	3.070707666666667	1.028695666666667	0.9797173333333332	2.4607616666666665	1.2185476666666664	3.732635	2.939683333333333	2.0001493333333333	2.1193346666666666	3.309433	0.1093293333333333	0.719918	0.9495473333333332	0.5937953333333333	4.009201333333333
3.456809333333333	0.2466649999999999	0.323596	1.842741333333333	3.462684333333333	1.5510253333333333	1.050438	2.590691333333333	3.757364333333333	0.2100433333333333	1.7427133333333336	0.7815423333333332	0.0592973333333333	2.5916723333333334	0.1061413333333333	0.1660569999999999	1.7722679999999995	1.3143600000000002	0.6318556666666665	0.1171203333333333	2.266357333333333	2.6074709999999994	1.513952	0.7698616666666666	2.333996	1.7434476666666667	3.194166333333333	0.9895603333333334	1.0499143333333332	2.326513333333333	1.3165176666666665	3.847291	2.741162	2.0321936666666667	2.2428963333333334	3.202249	0.119845	0.7480916666666667	1.0130096666666666	0.649138	4.177124999999999
3.4656653333333334	0.2608363333333333	0.36673	1.8459223333333328	3.615858333333333	1.5920436666666666	1.0749603333333333	2.685704333333333	3.947291666666666	0.2108393333333333	1.6650239999999998	0.8589836666666666	0.0594529999999999	2.439389	0.099214	0.1680323333333333	1.8749716666666667	1.3521456666666667	0.5913293333333333	0.123061	2.1771636666666665	2.34934	1.3226683333333331	0.7397009999999999	2.292235	1.8727056666666664	3.2996236666666667	0.9562473333333332	1.129833333333333	2.177885333333333	1.4029826666666665	3.974539	2.5247243333333333	2.070679333333333	2.3619916666666665	3.085569333333333	0.132048	0.7881856666666667	1.0863169999999998	0.7140253333333333	4.311589000000001
3.4816503333333326	0.2781596666666666	0.412675	1.8364633333333331	3.7594996666666662	1.6398263333333334	1.097913666666667	2.8007436666666665	4.116875666666666	0.2117056666666666	1.613182	0.9401483333333334	0.059496	2.2835096666666668	0.0930053333333333	0.170369	1.973017	1.3771030000000002	0.5483756666666666	0.1378176666666666	2.08718	2.096794333333333	1.1453553333333335	0.7082016666666665	2.242952333333333	2.0338576666666666	3.384468	0.9284323333333332	1.2196083333333332	2.017494666666667	1.4754986666666663	4.115551333333333	2.2987276666666667	2.120137333333333	2.47694	2.9575876666666665	0.14589	0.8416129999999998	1.170648666666667	0.7877936666666667	4.4113153333333335
3.514226666666666	0.296328	0.4616843333333332	1.8141396666666667	3.889414333333333	1.6967899999999998	1.1200203333333332	2.935093666666666	4.265891666666667	0.2126679999999999	1.5856533333333334	1.0229506666666663	0.0592163333333333	2.125633	0.0871816666666666	0.172133	2.065455	1.39072	0.504443	0.1630756666666666	2.0074026666666662	1.852767	0.9852753333333332	0.6730753333333335	2.195352	2.224445	3.4485366666666666	0.9058196666666666	1.3190663333333332	1.8487113333333327	1.5329746666666668	4.268858333333333	2.072709666666667	2.178634	2.5896446666666666	2.8221983333333327	0.1611433333333333	0.9093413333333332	1.2675066666666666	0.8690753333333332	4.475868333333334
3.565872333333333	0.3131153333333333	0.5142496666666666	1.778492	4.001818	1.764983	1.1426166666666664	3.078491	4.395570666666666	0.2135963333333333	1.5831643333333334	1.104665	0.0586843333333333	1.9664996666666663	0.081597	0.172879	2.15256	1.394108	0.4613089999999999	0.2014836666666666	1.9443846666666664	1.6210533333333332	0.844292	0.6346413333333332	2.152968333333333	2.4410466666666664	3.493101666666666	0.8882239999999999	1.4277043333333332	1.6755663333333333	1.5757979999999998	4.427494666666667	1.856368	2.236782	2.703237	2.6909203333333327	0.17743	0.991544	1.3790003333333332	0.9568983333333332	4.505575333333333
3.631708	0.3271583333333334	0.570603	1.729234333333333	4.093761333333334	1.844882	1.1668206666666665	3.217613	4.506246	0.2142919999999999	1.607476	1.1826526666666666	0.0581369999999999	1.8065536666666664	0.076197	0.1726899999999999	2.235025333333333	1.3880303333333333	0.4209246666666666	0.2560706666666666	1.8986646666666664	1.4056986666666669	0.7231586666666666	0.5948163333333334	2.115713	2.6790316666666665	3.519382	0.8757493333333333	1.5447343333333332	1.5022463333333331	1.605074	4.579688666666667	1.6578269999999995	2.2832646666666667	2.8194616666666668	2.5760836666666664	0.1943666666666666	1.0873936666666666	1.5077656666666666	1.0514126666666666	4.501344666666666
3.696908	0.339036	0.6301450000000001	1.6668263333333333	4.163827	1.9337906666666669	1.1926529999999995	3.341632	4.5950023333333325	0.2145789999999999	1.6604006666666664	1.255097666666667	0.0579043333333333	1.646426333333333	0.0709443333333333	0.172338	2.3134786666666667	1.3727756666666668	0.3852909999999999	0.3297656666666666	1.8614803333333327	1.210276	0.6212356666666667	0.556572	2.081112	2.9317026666666663	3.5273043333333334	0.8690463333333335	1.669011	1.3326506666666664	1.6222139999999996	4.707819333333333	1.4812696666666665	2.3097786666666664	2.935562	2.4840886666666666	0.2117746666666667	1.1944003333333333	1.657147333333333	1.1550256666666665	4.464792666666667
3.744872	0.3507096666666666	0.6917466666666666	1.5925810000000002	4.211667666666666	2.0285946666666668	1.219412333333333	3.445759666666667	4.657603333333332	0.2143759999999999	1.7434003333333332	1.3209196666666665	0.0582826666666666	1.4872366666666663	0.0658603333333333	0.1727159999999999	2.3886646666666667	1.3481473333333331	0.3563493333333333	0.424914	1.82244	1.037162	0.5369556666666666	0.5226326666666666	2.047575	3.1910166666666666	3.516344	0.869061	1.7990959999999998	1.1703866666666665	1.6287799999999997	4.792670666666667	1.3276736666666664	2.3137313333333336	3.046059333333333	2.414591	0.2296163333333333	1.3088266666666666	1.8310123333333328	1.2715960000000002	4.397940666666666
3.764765666666667	0.3653833333333333	0.7539493333333334	1.5090899999999998	4.2379143333333325	2.128468	1.2458763333333331	3.536452333333333	4.690112999999999	0.213803	1.857268	1.379852	0.0593946666666666	1.3310533333333332	0.061078	0.1742983333333333	2.461711333333333	1.313217	0.335788	0.5424746666666667	1.7767753333333334	0.886347	0.4678529999999999	0.4941403333333333	2.017426	3.447865	3.486308	0.8768279999999999	1.933216	1.0186156666666668	1.6264393333333331	4.817393666666667	1.1943509999999995	2.302570333333333	3.143827	2.3578096666666664	0.2480456666666666	1.425643	2.033811	1.4061819999999998	4.303025
3.752223	0.3859899999999999	0.8154989999999999	1.4197019999999998	4.243254	2.234794	1.2709503333333334	3.624440333333333	4.689899333333332	0.2130876666666666	2.003199	1.4315376666666666	0.0612366666666666	1.1805256666666664	0.0568083333333333	0.1771913333333333	2.5335106666666665	1.266644	0.3247696666666666	0.681745	1.7255823333333336	0.7563890000000001	0.4111506666666666	0.4710366666666666	1.993504333333333	3.693530333333333	3.437340333333333	0.89313	2.0693486666666665	0.8800049999999999	1.6168263333333333	4.770797333333334	1.0768589999999998	2.287462	3.2231213333333337	2.301496333333333	0.2672423333333333	1.539538	2.270119	1.5639819999999998	4.181803
3.7119906666666656	0.4136246666666666	0.8759756666666667	1.328214	4.227628666666666	2.351528333333333	1.2943459999999998	3.719195333333333	4.657018666666666	0.2124946666666666	2.184249666666666	1.4746573333333333	0.0636803333333333	1.0386616666666666	0.0533073333333333	0.1810756666666666	2.603864333333333	1.206872	0.3233966666666666	0.83935	1.6777513333333334	0.6448570000000001	0.3641986666666666	0.4521239999999999	1.9755636666666665	3.921304	3.3700110000000003	0.918079	2.2052206666666665	0.7563753333333334	1.6013716666666666	4.652982	0.970203	2.2782219999999995	3.2830476666666666	2.237137	0.287339	1.6458856666666666	2.5442883333333333	1.7494739999999998	4.034775333333333
3.653685	0.448102	0.935388	1.2379323333333332	4.1908726666666665	2.4822683333333333	1.3163493333333334	3.827169666666667	4.593449333333332	0.212225	2.406083333333333	1.5075576666666666	0.0666689999999999	0.9081796666666666	0.0508106666666666	0.1855979999999999	2.670871333333333	1.132816	0.330987	1.009947	1.645452666666667	0.5495026666666668	0.3249213333333333	0.4363796666666666	1.960367333333333	4.126463	3.2851606666666666	0.9515536666666664	2.338463	0.6486603333333333	1.581306	4.473103666666666	0.8703046666666667	2.281684333333333	3.326287	2.1616266666666664	0.3084956666666666	1.741245	2.8603853333333333	1.9668196666666664	3.862351666666666
3.589284666666667	0.4881639999999999	0.993914	1.150572	4.133446666666667	2.627169333333333	1.337742	3.9494	4.502938666666666	0.212296	2.6785216666666667	1.5288916666666668	0.0704293333333333	0.7907259999999999	0.0494503333333333	0.1906903333333333	2.7297606666666665	1.0447716666666669	0.346026	1.1861453333333332	1.6406409999999998	0.4693433333333333	0.2924176666666666	0.424237	1.941041	4.306915	3.1838446666666664	0.9935903333333332	2.466737666666667	0.5564616666666666	1.5576746666666668	4.250547333333333	0.7756726666666667	2.299426333333333	3.358916	2.080399333333333	0.3310783333333333	1.824337	3.222053333333333	2.2202036666666665	3.666144333333333
3.528798666666666	0.532593	1.0513866666666665	1.0669126666666666	4.056787666666667	2.7837743333333336	1.35924	4.083833666666666	4.3890443333333335	0.2126216666666666	3.012190333333333	1.5379383333333334	0.0753553333333333	0.6870553333333332	0.049293	0.1964973333333333	2.7748846666666664	0.9444893333333332	0.3666253333333333	1.3597366666666666	1.6707976666666666	0.403864	0.2664286666666666	0.4168266666666666	1.9106923333333328	4.461762333333333	3.066888333333333	1.0445816666666663	2.587862	0.4785973333333333	1.532176	4.008303	0.6863186666666666	2.330221666666666	3.387319	2.0021736666666667	0.3556863333333333	1.895277	3.632292666666667	2.513741333333333	3.4494256666666665
3.475752	0.581297	1.106695	0.9871383333333332	3.963958333333333	2.947144	1.3808836666666664	4.226581333333333	4.253214333333332	0.2130676666666666	3.415165333333333	1.535122	0.0819303333333333	0.5968546666666666	0.0503453333333333	0.2033086666666666	2.801518	0.8358023333333334	0.3907906666666667	1.522646333333333	1.7336299999999998	0.3522749999999999	0.2470073333333333	0.4153133333333333	1.866110333333333	4.590297333333333	2.934413333333333	1.1055826666666666	2.699999	0.4133219999999999	1.5084533333333332	3.7677646666666655	0.6031996666666667	2.371522333333333	3.415429333333333	1.9349636666666663	0.383325	1.955385	4.092916333333333	2.851180666666666	3.218161333333333
3.431427	0.635126	1.1580183333333334	0.9112806666666666	3.858567333333333	3.112475333333333	1.4020306666666666	4.374768333333333	4.095901	0.213521	3.8913319999999993	1.5212963333333334	0.0906003333333333	0.5191976666666667	0.0525519999999999	0.2113973333333333	2.806825666666666	0.7237763333333332	0.4166566666666666	1.6679263333333332	1.8239903333333327	0.3131616666666666	0.234103	0.4200976666666667	1.8081576666666663	4.691037999999999	2.786412999999999	1.177979	2.801521666666667	0.3587376666666666	1.4927453333333331	3.545582	0.5274163333333334	2.421606333333333	3.445730666666667	1.8849693333333328	0.4151706666666667	2.0062716666666667	4.604263	3.235183	2.9795843333333334
3.398399333333333	0.6959306666666667	1.2029109999999998	0.8395509999999999	3.743846	3.2774746666666665	1.4211466666666666	4.529551	3.917583333333333	0.2139626666666666	4.437083666666666	1.497212	0.1016233333333333	0.4526826666666667	0.0557693333333333	0.2208236666666666	2.7913726666666663	0.6142880000000001	0.4427173333333333	1.791229	1.9399236666666664	0.2839703333333333	0.2271503333333333	0.4297663333333333	1.743482	4.760578	2.6234779999999995	1.2633063333333334	2.890978333333333	0.3130946666666666	1.4955196666666666	3.3489023333333328	0.4596043333333334	2.4817923333333334	3.4798403333333328	1.8551446666666664	0.452426	2.049122	5.164266666666666	3.665941333333333	2.7412736666666664
3.380021	0.7654993333333333	1.239156	0.7725146666666666	3.622154666666667	3.440390333333333	1.4368023333333335	4.694970333333333	3.720465999999999	0.2144266666666666	5.043118999999999	1.4633469999999995	0.1151326666666666	0.3957623333333334	0.0597936666666666	0.2314226666666666	2.757257	0.5128433333333333	0.4677199999999999	1.8903773333333331	2.0825486666666664	0.2616716666666666	0.2252419999999999	0.4417623333333333	1.6814773333333333	4.794606666666667	2.447813	1.3631166666666663	2.9669956666666666	0.274854	1.5292273333333333	3.1779656666666662	0.39986	2.5550886666666663	3.518875	1.8462473333333331	0.4959776666666666	2.0845016666666667	5.768989	4.140723	2.510439
3.3795216666666663	0.8444869999999999	1.265771	0.7113446666666665	3.4942740000000003	3.5980646666666667	1.4486733333333333	4.877348	3.5106563333333325	0.2149796666666666	5.693930333333332	1.4197946666666668	0.1311406666666666	0.34697	0.0643983333333333	0.2426976666666666	2.706808333333333	0.4232376666666667	0.4906429999999999	1.96585	2.256505333333333	0.2432993333333333	0.2272199999999999	0.4527003333333333	1.631947	4.788674666666667	2.264813333333333	1.4789226666666666	3.0282663333333337	0.2428173333333333	1.6066353333333332	3.025973	0.3475513333333334	2.645119	3.5633576666666658	1.85682	0.5459503333333333	2.111985	6.412428666666665	4.652013999999999	2.2931886666666665
3.397585	0.9326053333333332	1.2827243333333334	0.6572666666666666	3.36032	3.746292	1.457315666666667	5.081042666666667	3.295817333333333	0.2157026666666666	6.371205999999999	1.3669729999999998	0.149714	0.3051273333333333	0.0694226666666666	0.2540473333333333	2.6420966666666668	0.3477036666666666	0.5107896666666667	2.019722333333333	2.467562666666667	0.2264063333333333	0.2321166666666666	0.4595309999999999	1.6010993333333332	4.739318000000001	2.0814106666666667	1.6123933333333331	3.073615	0.216164	1.7384253333333333	2.8831126666666664	0.3017476666666666	2.753585	3.612887	1.8830913333333328	0.6018353333333333	2.130583333333333	7.087734333333334	5.188415333333333	2.094824
3.428913	1.028496	1.291033333333333	0.6109996666666666	3.220492333333333	3.880045666666666	1.464151	5.303548666666667	3.0831539999999995	0.2166903333333333	7.055862666666666	1.3064683333333331	0.1711223333333333	0.2696113333333333	0.074911	0.264962	2.564566	0.2864346666666666	0.5279879999999999	2.055306333333333	2.720406	0.2097166666666666	0.2396956666666667	0.460808	1.586393333333333	4.645519	1.904828333333333	1.7655913333333335	3.1021470000000004	0.194625	1.9296663333333333	2.739092333333333	0.261573	2.877152	3.665421333333333	1.9178096666666664	0.6623829999999999	2.13897	7.788050666666666	5.733886666666667	1.9197213333333332
3.464354333333333	1.130308	1.292174333333333	0.572745	3.075634333333333	3.9947626666666665	1.4707416666666668	5.538695333333333	2.8778079999999995	0.2180226666666666	7.729213	1.2403863333333334	0.195815	0.2400303333333333	0.0810426666666666	0.2752283333333333	2.475781	0.2383523333333333	0.5423716666666667	2.075830333333333	3.0156883333333333	0.192898	0.2503363333333332	0.45657	1.5808876666666667	4.5082976666666665	1.7412	1.9405943333333333	3.113185333333333	0.1781326666666666	2.178320333333333	2.5848533333333337	0.2263776666666666	3.010242666666666	3.7183236666666666	1.9519236666666664	0.7258616666666666	2.135939333333333	8.506929000000001	6.270344	1.7708716666666666
3.492032333333333	1.236031	1.2877609999999995	0.5420346666666666	2.927942333333333	4.087726	1.4781076666666666	5.778707666666667	2.6806849999999995	0.2197456666666666	8.374066	1.1708446666666668	0.2243783333333333	0.2159503333333333	0.0881156666666666	0.285247	2.3781746666666668	0.201311	0.5542286666666667	2.0831723333333336	3.345655666666666	0.1766863333333333	0.2651713333333333	0.4486953333333333	1.5763913333333333	4.331080333333333	1.5937746666666666	2.1389926666666668	3.106332333333333	0.1665296666666667	2.4709353333333333	2.4146326666666664	0.1959636666666666	3.147097	3.769258	1.9756106666666664	0.7901266666666666	2.120941333333333	9.238773	6.779370333333333	1.6487113333333332
3.502365	1.343829	1.2793286666666666	0.5182266666666666	2.7799793333333334	4.157161666666666	1.4865776666666668	6.016525000000001	2.490863666666666	0.2218463333333332	8.974658333333334	1.0995533333333332	0.2572776666666667	0.1967593333333333	0.0964356666666666	0.2958176666666666	2.274383333333333	0.1729463333333333	0.563792	2.0778376666666665	3.697900666666666	0.1621636666666666	0.2856773333333333	0.4397949999999999	1.5678853333333334	4.118725333333333	1.4635786666666666	2.3613456666666663	3.081432	0.1594666666666666	2.7873963333333327	2.226169333333333	0.1702873333333333	3.282812	3.816950333333333	1.979734333333333	0.8530073333333332	2.0944773333333333	9.978106	7.243959999999999	1.551503
3.494032333333333	1.4524869999999996	1.2681829999999998	0.5008973333333333	2.633811	4.2017386666666665	1.495461	6.248142333333334	2.307401	0.2242296666666667	9.517333666666666	1.02734	0.2944863333333333	0.181495	0.1062173333333333	0.3080603333333333	2.166579666666667	0.151335	0.5710203333333332	2.058536333333333	4.057706333333333	0.1502096666666666	0.3134273333333333	0.4323636666666667	1.5585456666666666	3.877242666666667	1.3492806666666666	2.606165	3.0386976666666663	0.1562633333333333	3.103289666666667	2.022407333333333	0.1492053333333333	3.414489	3.862288333333333	1.9578489999999995	0.9126783333333331	2.058956	10.718790333333333	7.650761999999999	1.4749006666666666
3.472549666666666	1.5619560000000003	1.255596	0.4896726666666666	2.490940333333333	4.2210513333333335	1.5038356666666668	6.472392666666667	2.130575666666666	0.2267583333333333	9.990987	0.9546266666666666	0.335499	0.1691446666666666	0.1176649999999999	0.3231313333333332	2.0567163333333336	0.1349733333333333	0.5757933333333333	2.0231756666666665	4.412089666666667	0.1414413333333333	0.3497233333333333	0.428385	1.554679	3.613578333333333	1.249172333333333	2.8704443333333334	2.9788056666666667	0.156262	3.395140333333333	1.8100706666666664	0.1324023333333333	3.5410686666666664	3.9074566666666666	1.908426333333333	0.9676926666666668	2.0183673333333334	11.453335333333332	7.990071333333333	1.413678
3.450962666666667	1.6744386666666666	1.243002	0.4839739999999999	2.3521243333333337	4.216634666666666	1.511255	6.691481	1.9632146666666663	0.2292999999999999	10.388774666666665	0.8818220000000001	0.3791163333333333	0.1589326666666666	0.1310506666666666	0.341943	1.9467513333333333	0.1228273333333333	0.5780536666666667	1.9696226666666663	4.7542453333333325	0.1360963333333333	0.3951146666666666	0.428725	1.5614143333333332	3.3358423333333334	1.162782	3.149555666666666	2.903201	0.159206	3.6459893333333335	1.5997996666666665	0.1192796666666666	3.663707	3.955528	1.839108	1.0171686666666666	1.978579	12.171616666666663	8.257246666666665	1.3631013333333333
3.44316	1.7939763333333332	1.2318703333333332	0.4826566666666667	2.2176476666666667	4.191451333333333	1.517796	6.907536	1.808586333333333	0.2317389999999999	10.707257666666663	0.8095543333333332	0.4236839999999999	0.1503596666666666	0.1467343333333333	0.3651059999999999	1.839031	0.114091	0.5778136666666667	1.8964616666666665	5.081354666666667	0.1340926666666666	0.4492273333333333	0.4331196666666667	1.5807863333333334	3.052715	1.0901733333333332	3.438065	2.813877	0.1652676666666666	3.846092333333333	1.403747	0.1090946666666666	3.783748333333333	4.009719333333333	1.7634470000000002	1.060633	1.9463153333333332	12.861041	8.450795666666666	1.319341333333333
3.457639	1.92682	1.22352	0.4834916666666666	2.0874553333333337	4.149813	1.524191	7.1193566666666666	1.6683503333333334	0.2340299999999999	10.946858666666666	0.7389803333333334	0.4671206666666666	0.143321	0.165207	0.3927723333333334	1.736724	0.1080243333333333	0.5751459999999999	1.804126333333333	5.393668999999999	0.1349713333333333	0.510238	0.4397433333333332	1.609246666666667	2.772955	1.0311936666666666	3.730106	2.713367333333333	0.1752243333333333	3.996299333333333	1.2337526666666667	0.1010559999999999	3.900931333333333	4.072704333333333	1.6992066666666663	1.098055	1.9285416666666668	13.505785333333332	8.571784666666666	1.2801836666666668
3.497631	2.080623	1.2188326666666665	0.484159	1.961448333333333	4.095729333333334	1.5311513333333333	7.324955000000001	1.5428106666666668	0.2361743333333333	11.109038333333334	0.6715513333333333	0.5073943333333333	0.1378163333333333	0.1870576666666666	0.4251033333333333	1.6432166666666663	0.103965	0.5701903333333334	1.6950363333333331	5.691543333333333	0.1381569999999999	0.5754826666666666	0.4463593333333333	1.6420003333333333	2.504353	0.9850843333333332	4.019674999999999	2.604437	0.1901173333333333	4.103405	1.0995476666666668	0.0945126666666666	4.014939	4.146107	1.6602036666666664	1.1296033333333333	1.9322803333333332	14.088624333333334	8.62236	1.2445766666666669
3.5593816666666664	2.264213	1.2177703333333332	0.483291	1.839779	4.031112666666667	1.538688	7.523912333333334	1.4308123333333334	0.2382609999999999	11.193946999999998	0.608868	0.542983	0.13372	0.2129543333333333	0.4627416666666666	1.5614116666666666	0.1013853333333333	0.5631863333333332	1.5746536666666666	5.972296666666666	0.1431516666666666	0.6417476666666666	0.4512806666666666	1.6770076666666665	2.2522086666666667	0.949856	4.300775	2.4899016666666665	0.2110263333333333	4.177982666666666	1.0062043333333333	0.089168	4.126905333333333	4.229644333333334	1.646799333333333	1.1555053333333332	1.964447	14.592296	8.604848666666667	1.2126736666666664
3.633672333333333	2.486476	1.219782666666667	0.4806346666666666	1.7227523333333332	3.956169333333333	1.5463589999999998	7.716355666666667	1.3309803333333334	0.2404099999999999	11.199892	0.5523193333333333	0.5728599999999999	0.1308303333333333	0.2436469999999999	0.5068636666666666	1.493023	0.099919	0.554564	1.450664	6.227291333333333	0.1495669999999999	0.7058023333333333	0.4534829999999999	1.7153473333333331	2.0195916666666665	0.9227723333333332	4.567551333333333	2.3725413333333334	0.2389899999999999	4.231264	0.955472	0.0848776666666666	4.237788	4.322260666666667	1.6509156666666664	1.175881	2.031431	15.000861333333331	8.521194000000001	1.185058333333333
3.705376666666666	2.755072666666666	1.2240126666666666	0.4775489999999999	1.610795	3.869278	1.5534059999999998	7.902064666666666	1.242703	0.2427663333333333	11.122461666666666	0.502622	0.5966206666666667	0.1289303333333333	0.2799349999999999	0.5594216666666667	1.4373993333333337	0.0994323333333333	0.5451229999999999	1.3331246666666663	6.437632999999999	0.1571776666666666	0.7648996666666665	0.4528463333333333	1.7620503333333328	1.806702	0.9005743333333333	4.814492333333333	2.255040666666666	0.274918	4.272564666666666	0.9458173333333332	0.0815009999999999	4.346675666666666	4.422964666666667	1.658629666666667	1.190548	2.138274	15.301668	8.372385999999999	1.1622156666666663
3.759425	3.0749696666666666	1.2295593333333334	0.4758626666666667	1.50429	3.768851333333333	1.5592009999999998	8.082029	1.1655896666666663	0.2454329999999999	10.95688	0.4598453333333333	0.6142443333333333	0.127937	0.3226333333333332	0.62286	1.392554	0.0998916666666666	0.536115	1.2329420000000002	6.584779666666667	0.1659556666666666	0.8167629999999999	0.449606	1.8211046666666668	1.6121933333333331	0.8804473333333332	5.036775333333333	2.1398786666666667	0.3195823333333333	4.308282999999999	0.9740006666666664	0.0788316666666666	4.4528023333333335	4.531107	1.6578209999999998	1.1990213333333333	2.2881703333333334	15.485391333333334	8.159180666666668	1.1444053333333333
3.786923333333333	3.445593	1.23571	0.4768613333333332	1.4034443333333333	3.6551196666666663	1.563719	8.260472333333333	1.0988506666666664	0.2484269999999999	10.700480333333331	0.4232066666666665	0.6259823333333333	0.128102	0.3724256666666666	0.7000123333333332	1.3557033333333333	0.101265	0.5294563333333333	1.1606453333333333	6.661909333333332	0.1762116666666666	0.8597923333333333	0.4439889999999999	1.890138	1.433801	0.8611103333333332	5.230923333333333	2.029133333333333	0.3734983333333333	4.339692666666666	1.0357736666666666	0.0765446666666666	4.557739999999999	4.6465700000000005	1.6459076666666663	1.2004129999999995	2.481030333333333	15.54768933333333	7.882825333333333	1.1315646666666666
3.785229333333333	3.8609079999999993	1.2420073333333337	0.4808176666666666	1.308347666666667	3.5296966666666663	1.567503	8.442806333333333	1.0413333333333332	0.2516793333333333	10.353944666666669	0.3916186666666666	0.632189	0.129788	0.4296956666666666	0.793682	1.3241726666666669	0.1035493333333333	0.5270916666666666	1.124855333333333	6.673035666666667	0.1886786666666666	0.8930083333333333	0.4365846666666667	1.963333	1.2692816666666664	0.84251	5.394666999999999	1.9243926666666664	0.4367696666666666	4.363593333333333	1.1264973333333332	0.0744169999999999	4.664655333333333	4.768712333333333	1.6260579999999996	1.193663	2.7138719999999994	15.488903	7.545449333333332	1.1237733333333333
3.760108333333333	4.307171666666666	1.248373	0.4862499999999999	1.219021666666667	3.3955086666666667	1.5717506666666663	8.63326	0.991425	0.2550526666666666	9.923898333333334	0.3641126666666666	0.6331816666666665	0.133288	0.4941269999999998	0.90612	1.296266666666667	0.1068339999999999	0.5303253333333333	1.1299746666666666	6.635234666666666	0.2047816666666666	0.9163053333333332	0.4289086666666666	2.033378	1.117237	0.8258376666666666	5.527255	1.826474	0.508721	4.3711633333333335	1.2414096666666667	0.072603	4.777588	4.895151333333333	1.6047883333333333	1.177725666666667	2.979973	15.315901333333333	7.150871666666666	1.121813333333333
3.7212673333333326	4.765917666666667	1.2547196666666665	0.4910273333333333	1.1355003333333331	3.255775666666666	1.5775613333333331	8.830320999999998	0.947507	0.2583926666666666	9.421434	0.3399879999999999	0.6292583333333334	0.13873	0.5648666666666666	1.038515	1.2712123333333332	0.1113793333333333	0.5396643333333333	1.1768243333333333	6.567924333333333	0.2263043333333333	0.930186	0.4231463333333333	2.0933329999999994	0.9770093333333332	0.8124173333333333	5.628610333333333	1.735647	0.588051	4.351115666666667	1.3752969999999998	0.0715213333333333	4.897569666666667	5.022918	1.58664	1.1518483333333334	3.2706333333333326	15.03976	6.704696666666665	1.127161
3.679308333333333	5.215121333333332	1.2605386666666667	0.493263	1.057918	3.1132323333333334	1.5851163333333331	9.02057	0.9083686666666666	0.2616303333333333	8.862582	0.31901	0.6206813333333332	0.1459663333333333	0.6404179999999999	1.1899386666666667	1.249369333333333	0.1177726666666666	0.554375	1.2618503333333333	6.482895999999999	0.255186	0.935746	0.4220443333333333	2.1384916666666665	0.8488060000000001	0.8026499999999999	5.69877	1.651646333333333	0.6727346666666666	4.292002666666667	1.5219843333333334	0.071832	5.017928	5.149607666666666	1.5687076666666666	1.116003	3.5760386666666664	14.675195666666664	6.215337666666666	1.1422176666666668
3.642100333333333	5.633405333333333	1.265038	0.4916016666666666	0.986487333333333	2.9707796666666666	1.5938783333333333	9.188352666666669	0.8734063333333333	0.264749	8.266551666666667	0.301153	0.6076206666666667	0.1548116666666666	0.7191209999999999	1.357373	1.231417	0.1267426666666666	0.5729963333333333	1.3788456666666666	6.381843	0.293186	0.934144	0.427889	2.166972	0.7331596666666665	0.7962113333333334	5.737681333333334	1.573963	0.760424	4.185124333333333	1.674863	0.0741489999999999	5.130026	5.274469	1.545378333333333	1.0707706666666663	3.886271333333332	14.237578333333332	5.694093999999999	1.1698233333333332
3.610544	6.004464666666667	1.2671906666666668	0.485633	0.921498	2.8322736666666666	1.602573333333333	9.325496	0.8429376666666666	0.2678246666666666	7.655506666666667	0.2864383333333333	0.5900546666666666	0.1652976666666666	0.7995396666666665	1.5349363333333337	1.2176976666666668	0.139038	0.5936133333333333	1.5195413333333332	6.251510999999999	0.3415136666666666	0.9261113333333332	0.4412553333333333	2.181434666666666	0.6305293333333333	0.792033	5.745078666666667	1.5020263333333332	0.8487046666666667	4.028655333333333	1.8274253333333328	0.078746	5.228995	5.399967333333334	1.5124876666666665	1.0175083333333332	4.192211333333333	13.740351666666667	5.156448666666667	1.2129896666666669
3.5821753333333337	6.317432666666666	1.2659989999999997	0.475543	0.8631549999999998	2.7023243333333333	1.6099249999999998	9.434515	0.8175629999999999	0.270949	7.052953333333333	0.2750046666666667	0.5677976666666666	0.1777346666666666	0.8807493333333333	1.715558333333333	1.2083806666666663	0.1553066666666666	0.6147009999999999	1.6753153333333333	6.076924	0.401057	0.9119043333333332	0.4611133333333332	2.187597	0.5410753333333334	0.7889833333333334	5.720997333333334	1.4353123333333333	0.935284	3.827595333333333	1.9741586666666668	0.0854936666666666	5.316871666666666	5.5296786666666655	1.468839	0.9581076666666666	4.486228666666666	13.194252666666666	4.620028999999999	1.2749183333333334
3.553796333333333	6.569266666666666	1.2607533333333332	0.462015	0.8113773333333332	2.5861186666666667	1.615346	9.534755333333331	0.7975926666666666	0.2741936666666666	6.4827216666666665	0.2672263333333333	0.5405023333333333	0.1928539999999999	0.9628013333333332	1.8922586666666668	1.2036596666666666	0.1759886666666666	0.6360823333333333	1.8386543333333327	5.854614666666667	0.4724996666666666	0.8911036666666665	0.4844313333333332	2.1935656666666663	0.4643599999999999	0.7865013333333333	5.666470333333333	1.3734596666666667	1.0181896666666663	3.5962966666666665	2.111903	0.0937273333333333	5.407677333333333	5.666435000000001	1.4183276666666669	0.8949849999999999	4.763515666666666	12.605749333333332	4.103298333333333	1.359095
3.523705333333333	6.761891333333333	1.2510873333333332	0.4460203333333333	0.7658456666666665	2.487594333333333	1.6189429999999998	9.64997233333333	0.783116	0.277594	5.967475666666665	0.2635726666666667	0.507945	0.2115133333333332	1.0464713333333333	2.0593106666666667	1.2040763333333333	0.2014856666666666	0.6585256666666666	2.0032783333333333	5.594135	0.5564496666666666	0.8630313333333333	0.5078573333333333	2.205078666666666	0.3995536666666666	0.784925	5.583506666666667	1.3162106666666666	1.095631	3.3535613333333334	2.239392666666667	0.1027196666666666	5.519109333333334	5.8112200000000005	1.366626333333333	0.8306560000000001	5.021602333333333	11.979317	3.6232246666666663	1.468878
3.494079	6.901314666666666	1.2371356666666666	0.4287753333333334	0.7259576666666666	2.4070956666666667	1.621676	9.796890333333332	0.7740336666666667	0.2811366666666666	5.526662	0.264424	0.4703779999999999	0.2344816666666666	1.1333086666666663	2.213850666666666	1.2108516666666669	0.2323489999999999	0.6836019999999999	2.164695	5.323155333333334	0.6534756666666666	0.8270649999999997	0.5292796666666666	2.220004333333333	0.3454909999999999	0.7860436666666666	5.475451333333333	1.263408	1.1659516666666665	3.1194006666666665	2.3575613333333334	0.1121976666666666	5.664945333333333	5.961601	1.318578	0.7673556666666665	5.260821	11.319008333333333	3.192343	1.6069019999999998
3.46854	6.994451	1.2192426666666667	0.4116613333333333	0.6910379999999999	2.3427416666666665	1.624809333333333	9.980574999999998	0.7702946666666666	0.284805	5.176163666666666	0.2698453333333333	0.4285309999999999	0.2624959999999999	1.2252786666666666	2.355226666666667	1.224787	0.2692836666666667	0.7128326666666667	2.319627	5.073183666666666	0.763763	0.7828229999999998	0.547865	2.2319936666666664	0.3008503333333333	0.7920226666666667	5.346481333333333	1.2149336666666668	1.227704	2.911515	2.4685013333333337	0.122361	5.850357	6.114029333333335	1.2782753333333332	0.7069106666666667	5.483072666666666	10.629601666666668	2.8189826666666664	1.7745813333333331
3.4499823333333333	7.046461999999999	1.197736	0.396251	0.6604829999999999	2.2910863333333333	1.6294286666666664	10.186615666666668	0.7721493333333334	0.2886376666666666	4.926239666666667	0.279184	0.3837886666666666	0.2963719999999999	1.3245749999999998	2.485166666666667	1.2448953333333332	0.313222	0.7468103333333334	2.4659976666666665	4.866663999999999	0.8865693333333333	0.7304583333333332	0.5644876666666666	2.2331173333333334	0.264231	0.8043996666666666	5.201490333333333	1.170697333333333	1.2798433333333332	2.740952666666667	2.5749676666666668	0.1340916666666666	6.064741333333333	6.265820333333334	1.2488776666666666	0.650457	5.691245333333334	9.917952666666666	2.5058746666666663	1.9710416666666664
3.4389673333333333	7.060395	1.172711	0.3842576666666666	0.6338296666666667	2.2489076666666667	1.6362296666666667	10.394028	0.780124	0.2926993333333333	4.781707	0.291357	0.3379423333333333	0.3369993333333332	1.4331239999999998	2.606245	1.2686309999999998	0.3651156666666666	0.7851886666666666	2.602412	4.715830666666667	1.0201876666666667	0.6707563333333332	0.5809693333333333	2.218111333333333	0.2342356666666666	0.82382	5.045877666666666	1.1305746666666667	1.3216116666666666	2.612318333333333	2.679680333333333	0.1486043333333333	6.291152666666666	6.415754	1.2312413333333334	0.598585	5.888163	9.192986666666666	2.2524796666666664	2.193546333333333
3.431283	7.036041666666666	1.1437673333333331	0.3774733333333333	0.6108229999999999	2.214838666666666	1.645171333333333	10.585994	0.7950173333333334	0.2970676666666667	4.739850666666667	0.305011	0.2930879999999999	0.3853713333333333	1.5519336666666663	2.72076	1.291612	0.4257333333333333	0.8263453333333334	2.7280433333333334	4.618807666666667	1.161541333333333	0.6054879999999998	0.5996496666666666	2.1892339999999995	0.2095193333333333	0.8494703333333333	4.885657333333333	1.0943746666666665	1.352542666666667	2.521491333333333	2.7847223333333333	0.1672796666666666	6.513739666666667	6.565013999999999	1.2218923333333334	0.551271	6.075422	8.466465333333334	2.0558326666666664	2.437121666666666
3.4193303333333334	6.970759666666666	1.110318666666667	0.3769556666666666	0.5912856666666667	2.188098	1.6558603333333333	10.753167666666666	0.8171203333333332	0.3018116666666666	4.794283666666666	0.3192543333333333	0.2511849999999999	0.442287	1.6808656666666666	2.8302186666666667	1.309116	0.4952313333333333	0.86801	2.842674333333333	4.567693333333333	1.3066943333333334	0.5370016666666666	0.6224333333333333	2.152447333333333	0.1889053333333333	0.8796746666666666	4.727539333333333	1.061788	1.372279	2.4595036666666665	2.891720666666666	0.1914133333333333	6.721933666666667	6.715636666666667	1.2175383333333334	0.508242	6.252380333333333	7.751582666666667	1.9115646666666664	2.6955056666666666
3.392995333333333	6.859221333333332	1.0718963333333331	0.3819063333333333	0.5749686666666666	2.1673596666666666	1.667765	10.898553666666666	0.845305	0.306967	4.937144	0.3345546666666666	0.2135709999999999	0.5079633333333333	1.817887	2.9345766666666666	1.317546	0.5725079999999999	0.9076433333333332	2.947101	4.554971	1.4510553333333331	0.4680369999999999	0.6496900000000001	2.1145836666666664	0.1715246666666666	0.9121736666666664	4.579247666666666	1.0323136666666666	1.380469333333333	2.41438	3.001850333333333	0.2220503333333333	6.915779333333333	6.869258666666666	1.2197109999999998	0.4692286666666666	6.414196666666666	7.062058333333332	1.8141	2.96145
3.347353333333333	6.694877666666666	1.028441333333333	0.3902716666666666	0.5614633333333333	2.150866333333333	1.6803533333333331	11.029349666666665	0.8779533333333333	0.3125196666666666	5.160181	0.3523226666666666	0.1810119999999999	0.5819226666666666	1.959366333333333	3.032329	1.315478	0.6554073333333333	0.9428803333333332	3.043202	4.581562666666666	1.5899450000000002	0.4012723333333333	0.680636	2.080054333333333	0.156746	0.944975	4.448437	1.0053	1.3768060000000002	2.3739103333333333	3.115851	0.2602956666666666	7.100178666666666	7.0267073333333325	1.2329863333333333	0.4340196666666666	6.552873	6.410813666666667	1.757105666666667	3.227141666666667
3.292137333333333	6.4710453333333335	0.9807906666666666	0.3989549999999999	0.5500563333333333	2.1367146666666668	1.693196666666667	11.150374333333332	0.913854	0.318384	5.454989	0.3747736666666666	0.153563	0.6626363333333333	2.0997483333333333	3.120000666666666	1.3054366666666666	0.7406036666666667	0.9720173333333332	3.134657333333333	4.666879333333333	1.7192139999999998	0.3388853333333333	0.7133746666666667	2.047312333333333	0.144153	0.9772666666666666	4.341402333333333	0.9799426666666666	1.3611346666666666	2.328132333333333	3.2337636666666665	0.307789	7.280791	7.1872376666666655	1.2635176666666663	0.4024976666666666	6.657209333333333	5.808272999999999	1.7336536666666666	3.4843113333333333
3.2444913333333334	6.183117333333332	0.9306233333333332	0.404931	0.5400346666666667	2.1242856666666663	1.7061116666666665	11.263096333333332	0.9527256666666666	0.3244966666666666	5.810985666666666	0.4041006666666666	0.130898	0.747965	2.232755333333333	3.192838333333333	1.2919979999999998	0.8244033333333334	0.993892	3.227796333333333	4.835185999999999	1.835856333333333	0.2826333333333333	0.7461323333333333	2.0137466666666666	0.1334163333333333	1.0091903333333334	4.262119	0.9554433333333334	1.333539	2.270010666666667	3.354891333333333	0.36705	7.461378333333333	7.348096	1.3137023333333333	0.3745716666666666	6.715720333333333	5.262235	1.7372486666666664	3.724687333333333
3.2233843333333327	5.831800333333333	0.8807286666666665	0.4064256666666666	0.5309836666666667	2.1162546666666664	1.7193846666666666	11.364068333333332	0.9960803333333332	0.3309346666666666	6.212396666666665	0.4416596666666666	0.112498	0.8353666666666665	2.3523336666666665	3.245047	1.2806263333333332	0.903478	1.0080263333333332	3.333612666666667	5.102457333333334	1.9391203333333331	0.2337653333333333	0.7784643333333334	1.980605333333333	0.1241886666666666	1.0418673333333333	4.210313666666666	0.9311849999999998	1.294549	2.197188	3.4773750000000003	0.4422383333333333	7.640938333333333	7.503426666666666	1.3756276666666665	0.3500956666666666	6.719595	4.7765163333333325	1.7631073333333334	3.9405226666666655
3.241414	5.423251	0.8343053333333332	0.4032079999999999	0.5228160000000001	2.117320333333333	1.7334926666666666	11.447334	1.0463963333333333	0.3378579999999999	6.640340666666666	0.4881736666666666	0.097811	0.9222343333333334	2.4533273333333336	3.2709316666666663	1.276604333333333	0.9752573333333332	1.014629	3.466368	5.470279666666666	2.0298896666666666	0.1931129999999999	0.810715	1.953751333333333	0.1161583333333333	1.0763753333333332	4.182664666666667	0.9067833333333332	1.244998	2.110238	3.598412333333333	0.5386276666666666	7.815520666666666	7.647025666666666	1.4360343333333334	0.3288776666666666	6.663867999999999	4.351375	1.8081926666666668	4.125249
3.294764333333333	4.971412333333333	0.7944546666666665	0.3973926666666666	0.5158883333333334	2.1335246666666667	1.7488843333333333	11.506363666666664	1.106607	0.3454839999999999	7.074019333333333	0.54375	0.0863933333333333	1.0061983333333333	2.532513	3.2662070000000005	1.2838766666666666	1.0386376666666666	1.0149476666666666	3.643301	5.915762	2.110685333333333	0.1609616666666666	0.843638	1.945299	0.1091036666666666	1.112734	4.172816999999999	0.8822303333333332	1.186044	2.012114	3.714059	0.6624749999999999	7.979372333333333	7.775059999999999	1.4801293333333332	0.3106663333333333	6.550075333333334	3.982326	1.871938	4.274671666666666
3.370524333333333	4.495022666666666	0.7639236666666666	0.3919993333333333	0.5107673333333334	2.1698376666666666	1.7658740000000002	11.538989999999998	1.1789403333333333	0.3539953333333333	7.493931999999999	0.608605	0.0778226666666666	1.0852596666666667	2.588391	3.228662	1.3041796666666663	1.093535666666667	1.0109163333333333	3.881576666666666	6.407935333333333	2.1845186666666665	0.1371073333333333	0.8777256666666667	1.966199333333333	0.1028926666666666	1.150244	4.173463333333333	0.8577743333333332	1.1190926666666663	1.9066076666666667	3.819845333333333	0.8197226666666666	8.129083	7.886107666666666	1.4982653333333336	0.2952563333333333	6.383921999999999	3.661976333333333	1.9551183333333333	4.386566
3.451378333333333	4.0164193333333325	0.7448029999999999	0.3898456666666667	0.5080373333333332	2.2274626666666664	1.7845179999999998	11.553307333333333	1.2635883333333335	0.3634506666666667	7.885420999999999	0.683783	0.0716526666666666	1.1580713333333332	2.6216603333333333	3.1597726666666666	1.33535	1.1408803333333333	1.005167	4.194592666666667	6.921577	2.253966333333333	0.1207023333333333	0.9125016666666668	2.018172	0.0974826666666666	1.1876343333333332	4.177961333333333	0.833901	1.0458816666666666	1.797292	3.911243	1.014446	8.268058666666667	7.981911	1.49415	0.2825776666666666	6.174691	3.3806396666666667	2.059328333333333	4.4610520000000005
3.523680333333333	3.5573716666666666	0.7388319999999999	0.3931846666666666	0.5080296666666666	2.304971333333333	1.8048493333333333	11.558782666666666	1.3595203333333332	0.3738153333333333	8.237037999999998	0.7709599999999999	0.067431	1.2238003333333332	2.634196666666667	3.064103	1.3732836666666668	1.182068	1.0008196666666669	4.587763333333333	7.441389333333332	2.320672666666667	0.1106163333333333	0.9472306666666668	2.095321333333333	0.0928539999999999	1.2236359999999995	4.180948666666667	0.8112263333333334	0.968451	1.6871213333333333	3.984604	1.247748	8.400651333333332	8.065441333333332	1.4786953333333337	0.2726753333333333	5.933144666666666	3.1284116666666666	2.186222666666666	4.499363333333333
3.586056333333333	3.1347206666666665	0.7475743333333335	0.4031496666666667	0.5104493333333333	2.3986313333333333	1.8270826666666664	11.557166333333331	1.4649586666666663	0.3849683333333333	8.539997333333334	0.8723966666666665	0.0647606666666666	1.2822183333333332	2.6285133333333333	2.9499026666666666	1.41325	1.218682	1.001529	5.050832	7.968240333333333	2.3845093333333334	0.1056746666666666	0.9816013333333332	2.1834996666666666	0.0889323333333333	1.2575256666666663	4.1793206666666665	0.790449	0.8892539999999999	1.577905	4.0384096666666665	1.5154093333333332	8.526116	8.139445	1.4659920000000002	0.2656843333333333	5.670221333333333	2.897086333333333	2.337013	4.503070666666667
3.6432276666666654	2.760232333333333	0.7722596666666666	0.4197863333333332	0.5147326666666667	2.504095	1.851506	11.541448	1.578328	0.396796	8.786401	0.9903736666666664	0.0633386666666666	1.333543333333333	2.607127	2.826521	1.451439666666667	1.252304	1.010854	5.562024	8.507693999999999	2.443876	0.1048486666666666	1.01614	2.266957333333333	0.0856136666666666	1.2890593333333331	4.171228666666667	0.7722576666666667	0.810886	1.4710383333333332	4.072519333333333	1.8090403333333331	8.638164666666666	8.205661000000001	1.467596	0.2617159999999999	5.395841333333333	2.6807449999999995	2.5131216666666667	4.473230666666667
3.701335333333333	2.438494	0.81345	0.4416223333333333	0.5203026666666667	2.617888333333333	1.87836	11.492969	1.699056	0.4092866666666667	8.968241	1.126659	0.063055	1.378496333333333	2.571936333333333	2.702258	1.4866046666666666	1.2843856666666666	1.0316083333333332	6.087779666666666	9.059759	2.495426333333333	0.1074626666666666	1.052836	2.334445333333333	0.0827593333333333	1.318479	4.155630666666666	0.7572233333333331	0.7358756666666668	1.368061	4.087922666666667	2.115609666666667	8.723398666666666	8.263917333333334	1.486557	0.2607166666666666	5.117336333333332	2.477103	2.7170533333333333	4.409470333333333
3.762874333333333	2.1692543333333334	0.8708406666666666	0.4664149999999999	0.5268376666666666	2.738449	1.9077493333333333	11.394410333333331	1.826112	0.4224736666666666	9.078677999999998	1.2827289999999998	0.0638726666666666	1.4180226666666669	2.52414	2.5834243333333333	1.5182836666666666	1.3162733333333334	1.0656366666666668	6.590360666666665	9.614837666666666	2.5349326666666663	0.1129756666666666	1.094036	2.3812836666666666	0.080288	1.3456506666666668	4.132081666666666	0.7457393333333333	0.6664573333333333	1.2707756666666663	4.086041	2.420103	8.769672666666667	8.313783666666666	1.5217366666666667	0.2625599999999999	4.839421333333332	2.285849333333333	2.95236	4.310841
3.8212096666666655	1.947656	0.9427323333333332	0.4916066666666666	0.534573	2.867821	1.9395416666666667	11.243718333333334	1.956211	0.4364189999999999	9.113998666666664	1.4599193333333331	0.0657673333333333	1.453114	2.463826	2.4727786666666667	1.5452663333333334	1.3492786666666663	1.1133496666666665	7.034018666666666	10.147986	2.5578633333333327	0.1208293333333333	1.1414453333333334	2.4133576666666663	0.078245	1.3690806666666666	4.100909999999999	0.7378733333333333	0.6042423333333333	1.1813806666666664	4.068300333333333	2.7074746666666663	8.775252333333333	8.356137333333333	1.5706669999999998	0.2671046666666666	4.563115666666667	2.1077626666666665	3.22391	4.176581
3.867758666666667	1.766811	1.0264086666666667	0.5150776666666667	0.5440320000000001	3.009787333333333	1.9736593333333328	11.052408999999995	2.0841036666666666	0.4511496666666666	9.072725999999998	1.6594499999999996	0.068685	1.4846603333333332	2.390356	2.3707276666666663	1.565665333333333	1.3849743333333335	1.174733	7.391574666666667	10.635275666666669	2.56041	0.130494	1.196133	2.440558	0.0767149999999999	1.3866696666666665	4.063022666666667	0.7334723333333333	0.5503283333333333	1.1023123333333331	4.036022333333333	2.964803333333333	8.747853333333332	8.392554333333333	1.6301653333333337	0.2742989999999999	4.287103333333333	1.9438526666666665	3.5365163333333336	4.006818666666667
3.898779333333333	1.6192893333333327	1.118136	0.5360376666666666	0.5558209999999999	3.168685	2.010365	10.847516999999998	2.2023303333333333	0.4666289999999999	8.955612333333331	1.8823923333333328	0.0725356666666666	1.5132583333333334	2.3024173333333326	2.2756673333333333	1.5770756666666668	1.425662333333333	1.250298	7.654165	11.070926	2.5408703333333333	0.1415573333333333	1.25834	2.471637	0.0757043333333333	1.3963726666666667	4.019998999999999	0.7321706666666666	0.5052136666666667	1.0361076666666666	3.990326333333333	3.184300333333333	8.706322	8.424733333333334	1.6961019999999998	0.2842949999999999	4.008174333333334	1.794715	3.89347	3.803616666666667
3.9150936666666665	1.4979833333333332	1.2136876666666667	0.5549103333333333	0.5704416666666667	3.3485223333333334	2.049917	10.656804	2.303584333333333	0.4828023333333333	8.764845999999999	2.129551333333333	0.077183	1.5393069999999998	2.1986866666666667	2.185424	1.578205	1.474311666666667	1.3412933333333334	7.825479333333333	11.46296	2.4996203333333327	0.1536696666666666	1.327732	2.512191666666666	0.0751739999999999	1.3971759999999998	3.973868333333333	0.733594	0.4691143333333333	0.984976	3.9322003333333337	3.362215	8.670522333333333	8.453311	1.763189	0.2974153333333333	3.722777666666666	1.660430333333333	4.296189	3.5705733333333334
3.923173333333333	1.3969316666666665	1.3086803333333334	0.57358	0.5880486666666667	3.552364	2.0921716666666668	10.494044666666664	2.3832413333333333	0.4996776666666666	8.504012999999999	2.4012130000000003	0.0824606666666666	1.5630096666666664	2.0784606666666665	2.098368	1.571121	1.5347616666666666	1.450111	7.920662666666667	11.832627666666664	2.4399303333333333	0.1665269999999999	1.4033859999999998	2.5622496666666663	0.0750313333333333	1.3903493333333332	3.927085666666666	0.7375236666666667	0.4421373333333334	0.9501553333333334	3.8624426666666665	3.499370666666666	8.651423666666666	8.476392666666666	1.8243326666666664	0.3141566666666666	3.4284266666666667	1.5402963333333335	4.743112999999999	3.313062
3.933322333333333	1.3113333333333332	1.3989066666666663	0.5942759999999999	0.608588	3.783985	2.1365726666666665	10.358662666666664	2.439752	0.517321	8.177580333333333	2.696937333333333	0.088223	1.584555	1.9419753333333327	2.0133443333333334	1.5609046666666664	1.6112816666666665	1.579219666666667	7.958614	12.202818333333331	2.3667346666666664	0.1798546666666666	1.4841626666666667	2.621058333333333	0.0752016666666666	1.3782113333333332	3.8821463333333335	0.7439063333333333	0.424391	0.931832	3.7812346666666663	3.599012	8.650152333333333	8.490916333333333	1.871886	0.335107	3.124276333333333	1.4331413333333332	5.230403	3.037636
3.9587456666666663	1.23799	1.4808256666666666	0.6185273333333333	0.6318330000000001	4.0497016666666665	2.182061666666667	10.231537666666668	2.476016333333333	0.5359073333333333	7.790822666666668	3.0150233333333327	0.09444	1.604261	1.7910906666666664	1.9297696666666664	1.5561406666666666	1.708247	1.7299973333333334	7.956177	12.586945666666669	2.286134666666667	0.1934413333333333	1.5690313333333332	2.691427	0.0756969999999999	1.363157333333333	3.841243	0.7528889999999999	0.4160269999999999	0.9285776666666666	3.687473	3.665794	8.654361	8.493796333333332	1.8988606666666663	0.3608976666666666	2.8123943333333337	1.337467	5.751618999999999	2.7519973333333336
4.007529666666667	1.1746126666666663	1.5520086666666666	0.6468869999999999	0.6574856666666666	4.355912	2.2278009999999995	10.090834666666666	2.4965436666666663	0.5556386666666666	7.349285666666666	3.3526273333333334	0.1012303333333333	1.622552	1.6290283333333333	1.84763	1.5645736666666663	1.8295336666666664	1.9018136666666663	7.925245333333332	12.985190666666666	2.204504	0.2072936666666666	1.6576853333333332	2.777597	0.076636	1.34683	3.8064776666666655	0.7646633333333333	0.416945	0.937766	3.5794456666666665	3.704275	8.649045000000001	8.483184999999999	1.900194	0.3922386666666667	2.497313333333333	1.2517956666666668	6.298563	2.464506333333333
4.072608	1.1195119999999998	1.6120613333333331	0.678311	0.6851976666666667	4.706191666666666	2.2739656666666663	9.926557	2.5052056666666664	0.5766983333333333	6.858681	3.705419666666666	0.1089739999999999	1.6399666666666664	1.4606256666666664	1.767835333333333	1.588359	1.9775586666666665	2.0904233333333333	7.868286	13.376562333333332	2.1277719999999998	0.2218916666666666	1.7513986666666663	2.882850333333333	0.0782893333333333	1.329117333333333	3.780058666666666	0.7793359999999998	0.426396	0.955493	3.45534	3.717532999999999	8.626235666666666	8.460314666666667	1.8749096666666665	0.4300063333333332	2.186556	1.1750163333333334	6.861280999999999	2.183955333333333
4.137219666666667	1.0712256666666666	1.6617613333333334	0.711113	0.7145676666666668	5.099645333333333	2.321298666666667	9.738308999999996	2.50437	0.5992133333333333	6.326665666666667	4.06805	0.1181853333333333	1.6572283333333333	1.291416333333333	1.6921366666666668	1.6248233333333333	2.152648	2.2898206666666665	7.7811	13.731507666666666	2.060853333333333	0.2380299999999999	1.8522843333333332	3.006587333333333	0.0810506666666666	1.3091819999999998	3.764356666666666	0.7969989999999999	0.4433036666666666	0.9776013333333332	3.3136776666666665	3.7070923333333328	8.584343333333333	8.429326	1.8259423333333331	0.4752913333333333	1.88868	1.106248	7.428858	1.918852
4.1781516666666665	1.0283509999999998	1.7026256666666666	0.7435866666666666	0.745077	5.527739333333333	2.370776	9.535657	2.4936739999999995	0.6232056666666667	5.765506333333334	4.434215999999999	0.12945	1.675412	1.1269653333333334	1.6233943333333332	1.6657053333333334	2.351436	2.4935016666666665	7.652913	14.022222666666666	2.006665	0.2567633333333333	1.962755	3.140009	0.0854266666666666	1.2862763333333334	3.761958333333333	0.8178246666666666	0.4665073333333333	1.000589333333333	3.1539373333333334	3.672263333333333	8.529143333333334	8.398123	1.7614843333333332	0.5295423333333332	1.6117113333333333	1.0447956666666665	7.989807999999998	1.6764593333333335
4.178985333333332	0.989791	1.736079666666667	0.7742793333333333	0.7762813333333334	5.978670666666666	2.4229336666666668	9.332596333333331	2.471346666666666	0.6486416666666667	5.190306333333333	4.797238666666666	0.143311	1.6959449999999998	0.9723713333333336	1.5646346666666666	1.7008843333333332	2.567655333333333	2.695696333333333	7.469639666666666	14.232957	1.9663376666666668	0.2791656666666666	2.084687333333333	3.269732333333333	0.0920076666666666	1.2602606666666665	3.775192333333333	0.8421813333333332	0.4951139999999999	1.021958	2.976821666666667	3.610592333333333	8.469781666666666	8.375333333333334	1.6923046666666666	0.5944543333333333	1.3620883333333331	0.9899573333333332	8.533090999999999	1.46216
4.145363666666666	0.9551686666666666	1.7626469999999996	0.8022023333333332	0.8079733333333333	6.440626	2.4770676666666662	9.143838	2.435015	0.6754596666666667	4.618053	5.150536	0.160163	1.7207393333333334	0.8315559999999999	1.5181626666666663	1.7214929999999995	2.791746333333333	2.892786	7.215662	14.373435666666666	1.9387056666666664	0.3061176666666666	2.218379	3.380152666666666	0.101428	1.2321983333333333	3.805476	0.8708253333333332	0.5289213333333334	1.0408803333333334	2.785088333333333	3.5176376666666664	8.416034333333334	8.367572333333333	1.630059333333333	0.6719609999999998	1.143074	0.9408916666666666	9.049229333333331	1.278008
4.095302333333334	0.9245576666666666	1.782025	0.8265773333333333	0.840014	6.904012999999999	2.531702666666667	8.980227333333332	2.3824719999999995	0.7036266666666666	4.064620999999999	5.487974666666666	0.1802933333333333	1.751871	0.707226	1.485142	1.7220959999999998	3.0127326666666665	3.082921	6.876468	14.462868999999998	1.9211956666666663	0.3384329999999999	2.3629	3.4588403333333333	0.1143546666666666	1.203431	3.8531363333333335	0.904765	0.5681413333333334	1.0575836666666667	2.5831249999999994	3.388469333333333	8.374886333333333	8.379066666666667	1.5853916666666663	0.7640443333333333	0.9556053333333332	0.8967123333333331	9.52973	1.1237700000000002
4.052638666666667	0.8983723333333331	1.7929293333333334	0.8465959999999999	0.872139	7.363961333333333	2.584903333333333	8.843042999999998	2.3124679999999995	0.7331986666666666	3.541449333333333	5.8044753333333325	0.2039306666666666	1.7913450000000002	0.6002983333333333	1.4648346666666665	1.7040019999999998	3.2196086666666663	3.2662313333333333	6.442281333333334	14.516645	1.910176	0.3770276666666666	2.516091333333333	3.502849333333333	0.131427	1.1747206666666667	3.9167803333333326	0.9452413333333332	0.6132356666666666	1.0731196666666667	2.377173333333333	3.2191693333333333	8.346339333333333	8.410527	1.5654576666666669	0.8725613333333333	0.7982499999999999	0.8566176666666665	9.966836	0.9970223333333332
4.034985666666667	0.8770329999999998	1.7938353333333332	0.8612683333333333	0.9039756666666666	7.816824333333332	2.6353356666666667	8.727856666666666	2.224907999999999	0.7643070000000001	3.056730666666667	6.095944666666667	0.2314693333333333	1.8410566666666668	0.510529	1.4553396666666667	1.6724453333333331	3.403267333333333	3.443309	5.911900666666667	14.540649999999998	1.902040333333333	0.4232786666666666	2.676026333333333	3.514974333333333	0.1532536666666666	1.1464556666666668	3.993836333333333	0.9937056666666666	0.664555	1.088709	2.174259	3.008517666666666	8.326542	8.460252666666666	1.572358	0.9990326666666666	0.6684153333333333	0.8200213333333332	10.353226666666666	0.8943566666666667
4.040197	0.860671	1.7836183333333333	0.8693013333333334	0.9350143333333332	8.25696	2.6835016666666665	8.626687	2.1214949999999995	0.7971806666666666	2.615482	6.359662333333333	0.2637846666666666	1.9027733333333328	0.4365903333333333	1.4539596666666668	1.6350493333333331	3.5591456666666668	3.6139056666666662	5.300324666666668	14.52366	1.8942896666666664	0.4795596666666666	2.842508	3.501991999999999	0.1803146666666666	1.118823	4.080596333333332	1.051926	0.7219819999999999	1.1051916666666666	1.9813873333333327	2.760856333333333	8.3098	8.524370333333334	1.5997046666666666	1.144259666666667	0.5629566666666665	0.7867516666666666	10.682005333333333	0.812075
4.054450666666667	0.849167	1.7614886666666667	0.8700116666666666	0.964711	8.676533333333332	2.730712	8.533163666666665	2.0048986666666666	0.8321113333333333	2.2213966666666667	6.593622666666667	0.3020919999999999	1.9782776666666664	0.3766256666666666	1.4579776666666668	1.598437	3.686063666666666	3.7767626666666665	4.634137333333333	14.448560333333331	1.885492	0.5487766666666667	3.016508	3.472062666666666	0.2128916666666666	1.0923803333333333	4.172901333333332	1.1220663333333332	0.7852486666666667	1.1230103333333332	1.8044533333333328	2.484962666666666	8.292012666666666	8.598846666666667	1.6372623333333332	1.3080713333333334	0.4784196666666667	0.7567816666666666	10.946992	0.7467876666666666
4.057434	0.8421726666666665	1.7270496666666668	0.8644866666666666	0.992584	9.064983666666668	2.778288333333333	8.447671	1.8783793333333327	0.8694580000000001	1.877754	6.796232666666667	0.3479706666666666	2.069514333333333	0.328506	1.4653956666666668	1.5649176666666669	3.7863293333333328	3.9291366666666665	3.9513643333333337	14.302147333333332	1.8756536666666663	0.6340616666666666	3.199937666666667	3.433135333333333	0.250834	1.0687133333333332	4.266555666666666	1.206962	0.8542433333333334	1.142069	1.6467173333333336	2.1946349999999994	8.274246666666667	8.68138	1.674311	1.4886389999999998	0.4110836666666667	0.7300043333333333	11.143455	0.6960366666666666
4.035402333333333	0.8395736666666666	1.680384	0.8549996666666666	1.0183056666666668	9.412301333333332	2.827031	8.372848666666666	1.7455719999999997	0.9096356666666666	1.5861296666666664	6.965850333333333	0.4032946666666666	2.178443	0.2902116666666666	1.4746803333333331	1.535662	3.86378	4.067337666666667	3.293724	14.081279666666664	1.865688	0.7382233333333332	3.395048333333333	3.392831333333333	0.2935973333333333	1.049717	4.357512999999999	1.3100646666666664	0.9292343333333332	1.1619883333333334	1.5093423333333331	1.9055916666666664	8.259341000000001	8.771053666666667	1.7025733333333333	1.6826869999999998	0.3572983333333333	0.7062313333333333	11.268535666666669	0.658077
3.995503	0.8420216666666666	1.6224243333333332	0.8446986666666666	1.0418413333333332	9.712483999999998	2.876577666666667	8.309515	1.610518	0.953121	1.3441966666666667	7.100437666666666	0.4703656666666667	2.306775666666667	0.2601986666666667	1.4846773333333332	1.513653333333333	3.9224916666666663	4.186871	2.700127	13.801347666666665	1.857300333333333	0.8630163333333334	3.603982333333333	3.3582769999999997	0.340078	1.0368996666666666	4.442036999999999	1.435525333333333	1.011183	1.1822023333333334	1.3910916666666666	1.633107333333333	8.248918666666667	8.868490666666666	1.719842333333333	1.885118333333333	0.3138896666666667	0.6851796666666666	11.322381333333333	0.6319079999999999
3.953603	0.850351	1.5549713333333337	0.8361729999999999	1.063167	9.962063666666667	2.9258506666666664	8.255622666666666	1.4773409999999998	1.0004443333333333	1.147044	7.197855	0.5520286666666667	2.4553103333333333	0.2372293333333333	1.4942723333333332	1.5034903333333332	3.965695	4.282904666666666	2.200201333333333	13.482337666666664	1.852450333333333	1.0088986666666666	3.8285463333333327	3.335748	0.3889636666666666	1.0308686666666669	4.516601666666666	1.5869973333333331	1.101201	1.201974	1.2893383333333333	1.3898759999999997	8.242687	8.975319333333333	1.7284419999999998	2.089721	0.2782353333333333	0.6665656666666667	11.306552333333332	0.616907
3.924257333333333	0.865071	1.4811436666666666	0.8297973333333333	1.0820096666666663	10.159313333333332	2.9733186666666667	8.204814666666666	1.3498963333333331	1.0521653333333332	0.987623	7.256169666666666	0.6521226666666666	2.6228363333333333	0.2202936666666666	1.502175	1.5111713333333332	3.994525	4.350607	1.804361	13.136183333333332	1.853005	1.174203	4.069913666666666	3.329617	0.4389713333333332	1.030522	4.577846666666667	1.7661003333333332	1.200019333333333	1.2203223333333333	1.20044	1.182952	8.237470666666667	9.093990666666668	1.735226	2.289472	0.2485913333333333	0.6501889999999999	11.223024666666664	0.6126149999999999
3.9151636666666665	0.8865149999999999	1.4050550000000002	0.8242796666666666	1.0979759999999998	10.302351333333332	3.017861666666666	8.150897333333333	1.2311963333333331	1.108851	0.8588086666666666	7.273468666666666	0.7756986666666666	2.80655	0.2084793333333333	1.507291333333333	1.5405486666666666	4.0092073333333325	4.385785333333333	1.509823	12.766173333333333	1.8607656666666663	1.3556406666666665	4.329335	3.341098	0.4890529999999999	1.0336616666666667	4.622513333333333	1.9721426666666664	1.307866	1.2363833333333332	1.1205686666666663	1.0152206666666668	8.230091666666667	9.225949666666668	1.7478843333333334	2.4774846666666663	0.2238316666666666	0.6359826666666667	11.074071	0.6184499999999999
3.920374	0.9150766666666666	1.3319089999999998	0.8167106666666666	1.1106919999999998	10.387305333333332	3.059749666666667	8.092806	1.122492	1.17102	0.7552196666666666	7.247722666666666	0.9297046666666666	3.0018526666666667	0.2008963333333333	1.5092483333333333	1.5887133333333334	4.009956333333333	4.385872333333333	1.3016603333333332	12.364824333333331	1.8775076666666664	1.5481026666666664	4.608754333333334	3.3656333333333333	0.538679	1.0372903333333334	4.647438333333333	2.2008756666666667	1.424159	1.2498589999999998	1.046399	0.8852026666666666	8.220554333333332	9.369480333333332	1.771831	2.6480426666666665	0.2034833333333333	0.624067	10.862531	0.6333889999999999
3.929137333333333	0.9518936666666666	1.2670923333333333	0.8041133333333333	1.1199096666666666	10.408490666666664	3.100021	8.035960999999999	1.0238653333333334	1.239126	0.6724066666666666	7.177075333333333	1.121818	3.2033473333333333	0.1967299999999999	1.508187	1.6470963333333333	3.997577	4.350213333333333	1.1604179999999995	11.925286	1.9048836666666664	1.7454566666666669	4.909885333333333	3.395448333333333	0.5879246666666667	1.0387093333333337	4.6496586666666655	2.445415333333333	1.547803	1.261289	0.9752543333333332	0.7890550000000001	8.213395666666667	9.520919666666668	1.810911	2.796696333333333	0.1873596666666666	0.6145856666666667	10.592568333333332	0.6562556666666667
3.9333196666666654	0.999844	1.215288	0.7849583333333332	1.1256966666666666	10.35829	3.1400433333333333	7.995322333333332	0.9344396666666666	1.3135303333333337	0.6063216666666666	7.060384	1.359303333333333	3.4055816666666665	0.1953383333333333	1.504716333333333	1.7009516666666666	3.9741896666666663	4.281254333333333	1.0674773333333334	11.452899666666664	1.9442126666666664	1.940928333333333	5.232758666666666	3.421005	0.6377986666666667	1.036744	4.626639666666667	2.696178	1.677285666666667	1.272614333333333	0.9054513333333332	0.721398	8.220225	9.675476333333334	1.867802333333333	2.920870333333333	0.1753306666666666	0.6074653333333333	10.271085333333334	0.6859649999999999
3.9301	1.0628603333333335	1.1797736666666667	0.7591543333333334	1.1284466666666666	10.230336333333332	3.180600333333333	7.986257666666665	0.8534456666666667	1.394777	0.5534563333333332	6.897893333333332	1.6468433333333332	3.604348666666667	0.1963753333333333	1.4991546666666664	1.736336	3.942697999999999	4.184338666666666	1.0080113333333331	10.961792999999998	1.9960796666666665	2.1281163333333333	5.574021333333333	3.433976	0.6900593333333332	1.0315056666666669	4.576445	2.9432779999999994	1.8112696666666663	1.2865116666666665	0.835834	0.6764346666666666	8.253196333333333	9.829816666666668	1.9448876666666663	3.0193183333333327	0.1669446666666666	0.6022056666666666	9.907500666666667	0.7218336666666666
3.925784333333333	1.14545	1.1612386666666668	0.7284856666666667	1.1290136666666666	10.023513333333334	3.2208406666666667	8.015266333333333	0.7812283333333332	1.4839593333333334	0.5113013333333334	6.692578666666666	1.9832433333333328	3.7984476666666662	0.2000083333333333	1.4907396666666664	1.7475363333333331	3.9066486666666655	4.068664333333333	0.9749193333333332	10.473774333333331	2.059733	2.3022636666666667	5.924067333333333	3.4307036666666666	0.7472996666666667	1.0245506666666666	4.498195333333333	3.178801	1.9491696666666665	1.3059286666666663	0.7655566666666667	0.6487493333333332	8.318337	9.985183333333334	2.044642	3.092128333333333	0.161016	0.5974866666666666	9.514382333333334	0.7640153333333333
3.9300793333333335	1.2508636666666666	1.15897	0.6953706666666667	1.1283366666666663	9.742332666666666	3.259012333333333	8.080136999999999	0.7185786666666667	1.582552	0.4779513333333333	6.449692666666667	2.362617	3.988665	0.2066493333333333	1.4782363333333333	1.7366579999999998	3.870564666666666	3.9451906666666665	0.9654673333333332	10.011014	2.1342796666666666	2.460853666666667	6.271449333333333	3.412619333333333	0.8124196666666665	1.017644	4.392094999999999	3.3971506666666667	2.090713666666667	1.3332456666666666	0.6942436666666667	0.6336476666666666	8.415094	10.14583	2.1676523333333333	3.139895	0.156142	0.59178	9.105091333333332	0.8132469999999998
3.9509596666666655	1.3786079999999998	1.171603333333333	0.6619466666666668	1.1270903333333333	9.399207666666667	3.292973	8.167437999999999	0.6661289999999999	1.692378	0.4519013333333333	6.177158666666665	2.773757	4.177398666666667	0.21675	1.460507	1.7155476666666667	3.8407626666666657	3.8251853333333337	0.9796913333333332	9.588797333333332	2.219924	2.605201	6.606884666666667	3.3882600000000003	0.888187	1.011676	4.259918333333332	3.5962336666666666	2.2354996666666667	1.3692076666666664	0.6224266666666666	0.6277873333333333	8.533830666666667	10.318293666666667	2.309698	3.1631456666666664	0.1512349999999999	0.583872	8.691609	0.8707720000000001
3.989330333333333	1.5244456666666666	1.19817	0.6300616666666666	1.1255073333333332	9.008947	3.320970666666667	8.259036666666667	0.623906	1.815203	0.4315163333333333	5.883669333333333	3.202749	4.366941000000001	0.2306199999999999	1.4371273333333334	1.698561	3.824724333333333	3.718728333333333	1.01883	9.213548	2.3180346666666667	2.739459666666667	6.925433666666667	3.3679856666666663	0.976833	1.0069906666666666	4.1046993333333335	3.776447	2.3825643333333333	1.4131793333333331	0.551522	0.6291113333333332	8.661304333333334	10.508132666666665	2.4630276666666666	3.16215	0.1457333333333333	0.5731346666666667	8.283601666666668	0.9378833333333334
4.031788333333333	1.6790969999999998	1.2392726666666665	0.6012453333333333	1.1230963333333333	8.584234666666665	3.342554333333333	8.337064333333334	0.5907436666666667	1.9523486666666665	0.4145436666666667	5.577080999999999	3.634321333333333	4.557725333333333	0.2482039999999999	1.409244333333333	1.6963549999999998	3.830772	3.632821	1.0847746666666669	8.878411	2.431467	2.8707893333333327	7.229948333333333	3.359382333333333	1.079373	1.0036373333333333	3.9309466666666655	3.9406893333333337	2.529749	1.4630513333333337	0.4841573333333333	0.6373323333333333	8.785020999999999	10.716309	2.6164936666666665	3.136671666666667	0.1399996666666666	0.5599093333333334	7.886783666666666	1.0154923333333332
4.060551666666666	1.831711	1.2968083333333331	0.5767306666666666	1.1191239999999998	8.134866333333333	3.3582616666666665	8.388942666666667	0.5650966666666666	2.1046753333333337	0.3987509999999999	5.263786333333333	4.053062	4.748075666666666	0.2692989999999999	1.3788733333333334	1.7151746666666663	3.8663913333333326	3.5719846666666664	1.180559666666667	8.574294666666667	2.562748333333333	3.00735	7.527224333333334	3.367284333333333	1.195412	1.0018416666666667	3.744175	4.092946333333334	2.67429	1.5172036666666668	0.4234553333333333	0.6531503333333333	8.897517666666666	10.939832666666666	2.7586343333333336	3.086232333333333	0.1347983333333333	0.5450179999999999	7.505288666666665	1.1041303333333334
4.062332666666666	1.972808333333333	1.3742063333333334	0.5572969999999999	1.113063666666667	7.666448666666668	3.369612	8.414367	0.54575	2.2724896666666665	0.382669	4.947621	4.444483333333333	4.933249333333333	0.2937393333333333	1.3484546666666668	1.754902	3.936028666666666	3.537956666666667	1.3116623333333333	8.300373333333333	2.712039333333333	3.1568196666666664	7.825394666666666	3.3932146666666667	1.3223263333333333	1.0025083333333331	3.5507966666666664	4.237384333333333	2.813226	1.5766916666666666	0.3724816666666666	0.6779213333333334	9.002406666666667	11.171289666666668	2.880894333333333	3.010265333333334	0.130933	0.5293926666666666	7.143386333333332	1.2038289999999998
4.031294666666666	2.0955756666666665	1.475862	0.543161	1.1048723333333332	7.183227666666667	3.378054333333333	8.422400333333332	0.5320326666666666	2.45612	0.365731	4.630842666666666	4.795861333333333	5.107134666666667	0.3215843333333333	1.320078333333333	1.8120446666666667	4.040489666666666	3.531559	1.4864783333333331	8.06484	2.8770826666666665	3.3258316666666667	8.130951333333334	3.438197	1.4558866666666666	1.0067873333333337	3.3572846666666667	4.377874	2.944048	1.6446733333333334	0.3335426666666667	0.713112	9.111345666666669	11.403162666666669	2.979743	2.9084136666666662	0.1289539999999999	0.5137416666666667	6.805670666666666	1.31447
3.974323333333333	2.198069	1.607194	0.533619	1.095431	6.690572333333333	3.383974	8.431803666666667	0.5240623333333333	2.6565786666666664	0.3486986666666667	4.314499666666666	5.097950999999999	5.263435333333333	0.3534033333333333	1.2946596666666668	1.8813296666666668	4.174937333333333	3.5540766666666666	1.7181156666666664	7.888266666666667	3.052418333333333	3.519068666666666	8.445491	3.504881333333333	1.5902459999999998	1.015624	3.169319	4.517408333333333	3.0654753333333327	1.7264633333333332	0.307246	0.759964	9.243686333333333	11.632045	3.060462	2.7809073333333334	0.1288563333333333	0.498167	6.4969833333333336	1.4361019999999998
3.906326333333333	2.2818656666666666	1.775351	0.5273343333333333	1.0861586666666665	6.196192666666666	3.3871693333333326	8.462709	0.5215266666666666	2.875712	0.3327703333333333	3.999429	5.345152333333333	5.3966493333333325	0.3901489999999999	1.272567	1.9576276666666663	4.3315563333333325	3.607447	2.0231466666666664	7.796262	3.231672	3.739129	8.768264	3.59464	1.719101	1.0289393333333332	2.991681333333333	4.658020333333333	3.1771769999999995	1.8275813333333333	0.2932596666666666	0.8199173333333332	9.419536666666666	11.857664666666668	3.1316896666666665	2.6288406666666666	0.1304366666666666	0.4825283333333334	6.220986666666666	1.5693313333333334
3.8479766666666655	2.352021333333333	1.990837	0.5224086666666666	1.0787583333333333	5.711824999999999	3.3872339999999994	8.528814333333333	0.5223123333333333	3.1166003333333334	0.3188673333333333	3.6870849999999993	5.537200333333333	5.5031843333333335	0.4331493333333333	1.254095	2.037449333333333	4.501040333333333	3.6943626666666662	2.421252	7.813535666666667	3.409593333333333	3.985376333333333	9.097891	3.703652	1.836716333333333	1.0445173333333333	2.827787	4.800175	3.279742	1.951672	0.2907443333333333	0.895258	9.652913666666668	12.082859666666666	3.20105	2.4548196666666664	0.1336069999999999	0.4667286666666667	5.978056	1.715990333333333
3.815973666666667	2.414305	2.2670866666666667	0.5169523333333333	1.0745019999999998	5.249142333333333	3.38393	8.635563666666666	0.5234796666666666	3.382263	0.3076726666666666	3.379738666666666	5.676974333333334	5.580333666666667	0.4836919999999999	1.239748	2.116994	4.674366666666667	3.816815	2.9292333333333334	7.956809000000001	3.583041333333333	4.253832666666667	9.433070666666667	3.823413	1.9387843333333328	1.0593836666666665	2.680134	4.942805666666667	3.373651	2.098715666666666	0.2988796666666666	0.9892236666666666	9.949486666666663	12.311662666666669	3.2727943333333336	2.262785333333333	0.1383983333333333	0.450806	5.765130666666666	1.879288
3.8120036666666666	2.4729736666666664	2.6209796666666665	0.5096620000000001	1.0733603333333332	4.815565999999999	3.377606	8.775585	0.522148	3.674511666666666	0.2996086666666667	3.080843	5.769493	5.625698	0.5426156666666666	1.2304993333333332	2.190036	4.844477999999999	3.974176	3.553326	8.224848666666666	3.752656333333333	4.535662333333333	9.772740666666667	3.9400056666666665	2.023846333333333	1.071064	2.550308333333333	5.082845666666667	3.458245	2.2619346666666664	0.317355	1.1064556666666665	10.301201666666666	12.547927333333332	3.344714666666667	2.058363666666667	0.1449573333333333	0.4350116666666667	5.574416333333333	2.0645156666666664
3.827484	2.531630666666666	3.069380333333333	0.4999026666666666	1.074577	4.415116333333334	3.368864333333333	8.934508	0.5168686666666665	3.9951163333333337	0.2947556666666667	2.7940069999999992	5.819288	5.637702666666666	0.6106813333333332	1.227304	2.249589	5.005933333333333	4.163164333333333	4.288283333333333	8.604043666666666	3.9212793333333336	4.819010666666666	10.114068	4.0405	2.092528	1.078407	2.439262666666667	5.217604999999999	3.5323926666666665	2.431121	0.3463413333333333	1.251916	10.691592	12.794116333333331	3.4118003333333333	1.8481246666666664	0.153255	0.4194846666666667	5.396932999999999	2.278248333333333
3.8453276666666665	2.5940986666666666	3.6251706666666665	0.488022	1.0770023333333332	4.048189666666667	3.3583186666666665	9.094589333333332	0.5094823333333334	4.347298	0.292576	2.5219856666666667	5.827738	5.616722999999999	0.6889663333333332	1.230589333333333	2.2897716666666668	5.155146	4.376721666666667	5.111838333333333	9.069851333333334	4.0933373333333325	5.089860333333333	10.449748666666666	4.119785333333334	2.147603333333333	1.0828263333333332	2.347196	5.347495666666666	3.595086	2.5948710000000004	0.386671	1.4298666666666664	11.098397333333333	13.049796	3.469034	1.639163	0.1627403333333333	0.4039053333333333	5.225663999999999	2.528052
3.849388333333333	2.6649829999999994	4.294404	0.4749209999999999	1.0795953333333332	3.713214	3.346273333333333	9.242489333333332	0.5036599999999999	4.736366	0.2920376666666666	2.2668413333333333	5.793686666666667	5.565258333333333	0.7791969999999999	1.240489	2.308199	5.289598333333332	4.6053006666666665	5.990450999999999	9.596986333333334	4.274475000000001	5.335198666666667	10.770775333333331	4.179132333333333	2.1928286666666668	1.087082	2.2735346666666665	5.476908666666667	3.6459923333333335	2.743373333333333	0.4396506666666667	1.6431189999999998	11.503538666666667	13.313742666666666	3.513131	1.4381839999999997	0.1726226666666666	0.3877203333333333	5.056128333333334	2.821755
3.833794666666666	2.7504513333333334	5.070321	0.4618356666666666	1.081892	3.4075286666666664	3.3323686666666665	9.378207333333334	0.503968	5.171009	0.2915623333333333	2.029897	5.7132413333333325	5.489003333333334	0.8843343333333332	1.257026	2.3097069999999995	5.407643	4.8370706666666665	6.880566	10.168619	4.4719370000000005	5.546735666666667	11.068914333333334	4.226552	2.232205	1.0945326666666668	2.216508333333333	5.616606666666667	3.686225666666666	2.871755666666667	0.5071709999999999	1.891724	11.904078666666669	13.585757999999998	3.5445056666666668	1.2504093333333337	0.1821003333333333	0.3703643333333333	4.887628666666666	3.166864333333333
3.800344	2.8576066666666664	5.934850666666666	0.4500593333333333	1.0837593333333333	3.1295133333333336	3.316009	9.508788666666664	0.5140833333333333	5.660426333333334	0.2895966666666666	1.8123486666666664	5.581499	5.395582	1.0083536666666668	1.28056	2.303425333333333	5.5085343333333325	5.0593813333333335	7.7366226666666655	10.773418333333332	4.694219	5.721184333333333	11.339002	4.270806333333333	2.268999333333333	1.108104	2.173642	5.781522333333333	3.717901	2.9797276666666668	0.59168	2.173420333333333	12.305431	13.866239666666669	3.564478333333333	1.079644	0.1905653333333333	0.3515083333333332	4.720930666666666	3.5702583333333333
3.758063333333333	2.994128666666666	6.855542999999999	0.440638	1.0852086666666665	2.880943666666667	3.2967786666666665	9.644252666666668	0.534682	6.211288	0.2851889999999999	1.6157353333333333	5.393986666666666	5.293925	1.156447	1.312409	2.3012109999999995	5.593055333333333	5.259889333333334	8.518169	11.403901	4.951330333333333	5.862406	11.582482333333337	4.316101000000001	2.304488333333333	1.129195333333333	2.141938333333333	5.989896000000001	3.7440323333333336	3.072945666666667	0.6965729999999999	2.4832686666666666	12.716893666666667	14.155716333333334	3.572745666666666	0.927756	0.197898	0.3314343333333333	4.556544	4.0376080000000005
3.717142	3.1673006666666668	7.793011333333332	0.4339893333333333	1.0861889999999998	2.665336	3.2747706666666665	9.793625	0.5639136666666666	6.825326	0.2780573333333333	1.4417779999999998	5.148536333333333	5.191975	1.334682666666667	1.3550313333333333	2.313524333333333	5.6640473333333325	5.427826666666667	9.192779333333334	12.052426333333331	5.254250333333333	5.977910333333333	11.806342666666666	4.364278333333333	2.338095	1.1579546666666665	2.118401333333333	6.258723333333334	3.76769	3.160013666666667	0.82651	2.8154776666666663	13.145746666666668	14.453854333333332	3.5674136666666665	0.7952786666666666	0.2044636666666666	0.3109506666666667	4.394256	4.573295333333333
3.683583666666667	3.382964333333333	8.705609666666666	0.4292939999999999	1.086391	2.486408	3.2510696666666665	9.961137999999998	0.5970983333333333	7.494937666666665	0.268844	1.2921123333333333	4.848116999999999	5.094057333333334	1.5500486666666664	1.412589	2.344653333333333	5.727827999999999	5.55599	9.742274666666669	12.707440000000002	5.614527999999999	6.0767783333333325	12.023773	4.416450333333333	2.3668310000000004	1.193201	2.1004979999999995	6.598517333333334	3.791277333333333	3.2507516666666665	0.9882656666666666	3.164918333333333	13.591088333333335	14.758106666666666	3.544881	0.681418	0.2112743333333333	0.291481	4.2326923333333335	5.179569666666667
3.659222	3.646259	9.554921666666669	0.4252616666666666	1.0855616666666663	2.3442873333333334	3.227202666666667	10.147208	0.6295776666666666	8.205559	0.2585453333333333	1.1677003333333331	4.499744666666667	5.001853333333332	1.8100793333333332	1.4897140000000002	2.391981	5.793036999999999	5.640648666666667	10.160691666666668	13.353905	6.041485333333333	6.167087333333334	12.24757933333333	4.473398333333333	2.3864286666666663	1.233512333333333	2.086143333333333	7.012974999999999	3.8169296666666654	3.3545986666666665	1.189192	3.5276523333333327	14.045663666666668	15.063882666666666	3.502591	0.5847179999999998	0.2193973333333333	0.2743853333333332	4.0704433333333325	5.855677
3.640834	3.9622453333333336	10.312384	0.4207703333333333	1.0838543333333333	2.2306106666666667	3.204747	10.348222666666668	0.6594613333333332	8.935250666666667	0.2480743333333333	1.067945666666667	4.114983666666666	4.914535666666667	2.122666	1.590449	2.4431986666666665	5.870356	5.682846333333334	10.457293333333334	13.973121	6.5382256666666665	6.253138333333333	12.483241666666666	4.535444666666667	2.3919826666666664	1.2781853333333333	2.073825333333333	7.495859666666667	3.8469646666666666	3.478985	1.4357433333333334	3.901884333333333	14.495781333333332	15.364086	3.442197666666667	0.5033920000000001	0.2293599999999999	0.2602596666666666	3.907261666666666	6.595556333333333
3.625169	4.336811999999999	10.959209666666666	0.41527	1.081702333333333	2.1336129999999995	3.1851163333333328	10.559641999999998	0.6869156666666666	9.658227	0.2382333333333333	0.99142	3.707642	4.830933333333332	2.495403	1.7182026666666668	2.484461666666667	5.970996999999999	5.686251333333334	10.649029666666667	14.548395666666664	7.101588333333333	6.335923333333334	12.728429333333333	4.601917	2.379013333333333	1.3269456666666664	2.0624196666666665	8.033790666666667	3.884506	3.628871	1.7319216666666666	4.287378666666666	14.927070666666664	15.651106333333331	3.368046	0.4355823333333333	0.24107	0.248934	3.7439403333333328	7.388820666666667
3.6136366666666655	4.777550333333333	11.49014	0.4093286666666666	1.079753	2.0424136666666666	3.169312	10.77829	0.7139716666666666	10.346622666666669	0.2297053333333333	0.9363006666666668	3.2925729999999995	4.751420666666666	2.934465666666666	1.8758083333333333	2.5081276666666663	6.105455999999999	5.656087	10.756242333333333	15.071299666666668	7.719667333333334	6.412540333333332	12.970236	4.670379666666666	2.344745333333333	1.3797503333333332	2.051197	8.605933333333333	3.934418	3.8050923333333335	2.076505666666667	4.685544	15.329446999999998	15.918783333333332	3.2865606666666665	0.3795526666666666	0.25356	0.2392856666666666	3.5824829999999994	8.220024
3.609265	5.290662	11.907988333333332	0.4039256666666666	1.0786133333333332	1.9502246666666667	3.157922666666667	11.000240666666668	0.7431853333333334	10.972857666666666	0.2233313333333333	0.9011106666666666	2.884834666666667	4.677623999999999	3.442426	2.0678506666666667	2.512812	6.283127333333332	5.597392	10.797423	15.537354	8.375628333333333	6.479254333333333	13.193151666666664	4.738910000000001	2.288467666666666	1.4364909999999995	2.0397549999999995	9.187961333333334	4.002712666666667	4.004265666666667	2.4624503333333334	5.098536333333334	15.693940333333334	16.163378666666667	3.204834	0.3337233333333333	0.2657553333333333	0.2300816666666666	3.424921333333333	9.071546333333334
3.613922666666667	5.876856666666666	12.221609666666666	0.3998693333333333	1.0785833333333332	1.8587133333333328	3.150940333333333	11.218227333333331	0.7764603333333333	11.512168333333332	0.2204013333333333	0.8854013333333334	2.4989773333333325	4.612339333333333	4.014253666666667	2.3036996666666667	2.5052043333333334	6.511210666666667	5.513431000000001	10.783632666666666	15.942908666666666	9.049366333333332	6.534113666666666	13.385974333333335	4.8087203333333335	2.212779	1.4966376666666663	2.0280796666666667	9.754394666666666	4.0963856666666665	4.216980333333334	2.8740263333333327	5.528518666666668	16.009718333333332	16.385333666666668	3.129538333333333	0.2967663333333333	0.277182	0.2207756666666666	3.272235333333333	9.925381666666668
3.628411666666667	6.530462666666666	12.441508	0.3975286666666666	1.079837333333333	1.7740636666666665	3.147863666666666	11.423837333333331	0.8144836666666666	11.944183	0.2222186666666666	0.888715	2.1478316666666672	4.558000333333333	4.638105333333334	2.5956183333333334	2.4946066666666664	6.793078999999999	5.406195666666666	10.718993	16.28368733333333	9.719459666666664	6.5766003333333325	13.541689	4.883778	2.1227273333333336	1.5587406666666666	2.016157	10.280899	4.222693	4.431092333333333	3.291113	5.975617333333333	16.265531666666664	16.586648333333333	3.065796	0.2674359999999999	0.2878626666666667	0.2113636666666666	3.1249910000000005	10.763304
3.652235333333333	7.235895333333333	12.576438	0.3964853333333333	1.0825436666666666	1.7042886666666668	3.147579	11.609626666666667	0.8558723333333333	12.256594666666668	0.2295866666666666	0.909439	1.8403786666666664	4.514904333333333	5.293257	2.9575636666666667	2.4884949999999995	7.124681666666666	5.276586666666667	10.598542	16.553638333333335	10.364206333333334	6.6077433333333335	13.65818666666667	4.971101333333333	2.025933666666667	1.619674	2.003572	10.747011333333331	4.388581666666666	4.634215666666666	3.691938	6.434919333333333	16.451659666666668	16.768794	3.015438666666667	0.2444626666666666	0.2983053333333333	0.2023549999999999	2.9839203333333333	11.566655
3.6828790000000007	7.970259333333333	12.631816999999998	0.3961173333333333	1.0868006666666663	1.6543843333333332	3.1486589999999994	11.770882666666663	0.8993613333333333	12.444476333333334	0.2427413333333333	0.9449383333333332	1.581489666666667	4.481011	5.953646666666666	3.4016036666666665	2.490413	7.495237	5.125405666666666	10.411822666666668	16.746328666666667	10.962098	6.630251666666666	13.734084333333332	5.077055666666666	1.931015333333333	1.676041	1.989553	11.136695	4.6003403333333335	4.817323333333333	4.056349666666667	6.89703	16.561601333333332	16.931668000000002	2.9779193333333334	0.2265703333333333	0.3089983333333332	0.1942346666666666	2.850041	12.316220333333334
3.714348	8.703153333333333	12.606916333333333	0.396171	1.0925176666666665	1.6207813333333334	3.149515333333333	11.908270333333332	0.9460646666666668	12.512743666666664	0.261065	0.99145	1.369973333333333	4.451002666666667	6.589406666666667	3.933378333333333	2.497043333333333	7.885306666666667	4.954519	10.144421	16.856545	11.492734	6.649870333333333	13.765185333333331	5.203396666666667	1.8463516666666664	1.7256076666666669	1.972945	11.440877	4.863072333333333	4.979880333333334	4.369721333333333	7.3471703333333345	16.595138	17.072134666666667	2.9503723333333327	0.2125503333333333	0.3199336666666666	0.1869453333333333	2.724809333333333	12.992111666666666
3.7399073333333335	9.402465	12.496358333333331	0.3970293333333333	1.0995373333333331	1.595989	3.1486366666666665	12.025384999999998	0.9990906666666666	12.471993666666666	0.2834583333333333	1.0453586666666663	1.201063	4.418811333333333	7.172388	4.551841333333334	2.5031266666666667	8.271944666666666	4.7683143333333335	9.783217333333331	16.882121666666666	11.940084666666667	6.677359666666666	13.746621666666666	5.3483443333333325	1.7787689999999998	1.7678319999999998	1.952759666666667	11.656017999999998	5.181283333333333	5.129766333333333	4.623024333333333	7.769838666666667	16.556445333333333	17.185129666666665	2.9296583333333333	0.2013613333333333	0.3309216666666666	0.1801376666666666	2.609782	13.575636666666668
3.754870333333333	10.039474666666669	12.289957	0.4001166666666666	1.107763	1.5720613333333333	3.1448563333333333	12.127221333333331	1.0635686666666666	12.336676999999998	0.3085426666666666	1.104544	1.067492	4.379859333333333	7.682336333333334	5.246191666666666	2.505886666666667	8.632591999999999	4.576311333333333	9.322471333333333	16.826928	12.297890666666666	6.732589666666668	13.675554666666663	5.506632	1.7316129999999998	1.804911666666667	1.928817	11.785034666666666	5.559141333333333	5.286218333333333	4.815110333333332	8.153524	16.453923333333332	17.264201666666665	2.914067333333333	0.1923363333333333	0.3419269999999999	0.1733936666666666	2.5063006666666667	14.051906
3.7584153333333337	10.590264666666666	11.976855666666667	0.406682	1.1173673333333332	1.5426399999999998	3.1374699999999995	12.217639999999998	1.1442966666666663	12.120936	0.3352353333333333	1.1681739999999998	0.962108	4.331192333333333	8.106446666666667	5.998458666666667	2.505744333333333	8.948665333333333	4.392048	8.765609	16.698495333333334	12.567838333333334	6.840778666666665	13.553960999999996	5.672383	1.7055096666666665	1.840297	1.90172	11.833851999999998	5.99986	5.472589666666666	4.949136666666666	8.493059333333333	16.297094666666666	17.303615999999998	2.902322333333333	0.1850893333333333	0.3533633333333333	0.16663	2.4155226666666665	14.409945333333331
3.756386	11.039051666666666	11.549759333333332	0.4164879999999999	1.1291113333333331	1.505373	3.1265270000000003	12.296592333333331	1.2431696666666665	11.834445666666666	0.3634123333333333	1.236883	0.8802099999999998	4.272039666666667	8.441697666666666	6.782888666666667	2.507836666666666	9.210382	4.233466666666666	8.130800666666667	16.506908666666668	12.760629333333332	7.030172	13.392948666666667	5.841701333333333	1.6980546666666665	1.877546333333333	1.873116	11.809265333333332	6.504443666666666	5.710285333333334	5.030911666666666	8.794305333333334	16.09405233333333	17.300811333333332	2.892650333333333	0.1795673333333333	0.3665126666666666	0.1605773333333333	2.338404666666667	14.644338666666666
3.755554333333333	11.377130333333334	11.007972666666667	0.4281609999999999	1.1441926666666666	1.4616716666666665	3.112512	12.361563	1.3595253333333333	11.481649666666666	0.3935343333333333	1.311616	0.8185166666666666	4.202590666666667	8.691054333333334	7.569118333333334	2.518607333333333	9.413849333333332	4.119697333333333	7.446524999999999	16.26218533333333	12.889673666666669	7.325034333333333	13.206588	6.012986999999999	1.7053116666666666	1.919023	1.8450993333333332	11.716572666666668	7.071131333333334	6.013624666666667	5.066894333333332	9.069799666666666	15.850093666666666	17.256293333333332	2.883499	0.1758436666666666	0.382861	0.1561843333333333	2.275908333333333	14.752787666666666
3.757954	11.604736999999998	10.363402999999998	0.4392353333333333	1.1642009999999998	1.4177443333333333	3.0961663333333336	12.408192666666666	1.4896606666666667	11.059348333333332	0.4264703333333333	1.392649	0.774465	4.123145	8.862143666666665	8.323538666666666	2.542928666666666	9.560284333333332	4.067994	6.751328999999999	15.971776666666669	12.965856999999996	7.736534333333333	13.006527000000002	6.187907666666666	1.7225959999999998	1.9642063333333333	1.819847	11.556906666666666	7.693508	6.381905	5.062768	9.336801666666666	15.565587	17.174841999999998	2.8746716666666665	0.1740023333333333	0.4034803333333333	0.154051	2.229194666666667	14.735106333333333
3.76062	11.726149333333332	9.638965666666667	0.4471303333333333	1.1905536666666667	1.380892	3.078110333333333	12.431825666666668	1.6291356666666663	10.561590333333331	0.4631243333333333	1.4797773333333333	0.7456263333333333	4.0334856666666665	8.963379666666667	9.014366	2.583483333333333	9.652488000000002	4.090203666666667	6.087103666666667	15.640835333333332	12.995182	8.261784666666665	12.799661333333331	6.369234	1.7454716666666663	2.0109556666666664	1.7994363333333332	11.328516333333331	8.360855	6.802090999999999	5.022749999999999	9.612044333333332	15.238822333333331	17.06466533333333	2.868781	0.1740603333333333	0.4289076666666667	0.1542273333333333	2.199436	14.592476666666668
3.7542006666666654	11.746646666666663	8.871327666666668	0.4501626666666666	1.2238496666666665	1.3561033333333332	3.058423666666666	12.428887	1.7747593333333334	9.983772	0.5040709999999999	1.5723819999999995	0.7293163333333333	3.932227	9.000679333333334	9.617666	2.639524	9.692270666666666	4.186991666666666	5.493814666666666	15.271920666666666	12.975067666666666	8.877592666666665	12.584729333333334	6.559024333333333	1.7707240000000002	2.0562383333333334	1.785697	11.027268666666666	9.056726	7.246875666666666	4.948347000000001	9.906461	14.868424666666666	16.937545666666665	2.8733413333333333	0.175916	0.4589046666666666	0.1558883333333333	2.1876013333333333	14.327600666666664
3.7296086666666666	11.670926666666666	8.102958666666666	0.4480676666666666	1.2639943333333332	1.344759	3.0367109999999995	12.39769	1.925196333333333	9.325359333333337	0.5492736666666667	1.6695316666666664	0.723183	3.817858	8.977538333333333	10.118131666666669	2.707660333333333	9.680140000000002	4.350497	5.005644333333333	14.867956999999995	12.899192	9.550601	12.358195333333336	6.757551999999999	1.7961926666666663	2.097474333333333	1.7801779999999998	10.649586666666666	9.761748	7.683530666666666	4.838550999999999	10.22510933333333	14.456262666666666	16.803100333333333	2.8954173333333326	0.1793703333333333	0.4931223333333333	0.1579393333333333	2.194335	13.944569
3.685024333333333	11.501766333333332	7.376350666666666	0.4429976666666666	1.310065	1.3424456666666666	3.012032	12.340054	2.081921	8.594108	0.5976403333333332	1.7699393333333335	0.7259510000000001	3.689811666666667	8.894317	10.513129666666666	2.782003333333333	9.614651999999998	4.563663666666667	4.644684666666667	14.435585	12.761098666666664	10.243381666666666	12.119522	6.961875999999998	1.820957333333333	2.1338403333333336	1.784023	10.195737666666666	10.455242333333334	8.080635333333333	4.689095333333333	10.565015	14.011587666666664	16.662204000000003	2.935716	0.1841623333333333	0.5317346666666666	0.159553	2.2196856666666664	13.449475
3.626069	11.240794333333334	6.728347666666667	0.438003	1.3606243333333332	1.3436223333333333	2.983298	12.261019666666666	2.246464	7.804076	0.6478786666666667	1.872197	0.737285	3.5483299999999995	8.749522333333333	10.807322333333332	2.8582536666666662	9.492869	4.805121999999999	4.4214063333333335	13.986242999999998	12.556833666666666	10.920533666666664	11.872379333333331	7.168583666666666	1.8448316666666664	2.165162	1.7979596666666664	9.670101666666664	11.117231333333333	8.412804999999999	4.494442666666665	10.918683	13.549044333333333	16.509895666666665	2.9886846666666664	0.1900059999999999	0.5755753333333333	0.1602746666666666	2.263199	12.850231
3.56788	10.888962333333332	6.182272	0.4357853333333333	1.4138093333333333	1.3459236666666667	2.94965	12.169890333333331	2.417660666666667	6.976225333333332	0.6993786666666666	1.9750523333333327	0.7579690000000001	3.39457	8.540273	11.010215	2.938189	9.310219666666663	5.052353999999999	4.330283	13.538894	12.28853	11.555110666666664	11.627145333333331	7.376336666666666	1.868142	2.1909533333333333	1.822155	9.083107666666669	11.730617666666664	8.667589333333332	4.249449666666666	11.275899666666668	13.088533333333332	16.336672333333333	3.040792333333333	0.19668	0.6265016666666666	0.1602313333333333	2.32381	12.157347333333334
3.5258026666666664	10.447618	5.748825	0.4379	1.467715	1.3497523333333332	2.910673	12.078476333333333	2.5926516666666664	6.135321333333334	0.752671	2.078052	0.7896699999999999	3.229880333333333	8.263789	11.131746666666666	3.025665333333333	9.061765333333334	5.286121666666666	4.355808	13.115893	11.964797333333332	12.129024333333334	11.39826833333333	7.584877	1.8913753333333327	2.2104353333333333	1.8564323333333328	8.449269666666664	12.281277333333334	8.84317333333333	3.951169333333333	11.627532333333331	12.650824666666669	16.134014333333333	3.0770403333333336	0.2040363333333333	0.6872016666666666	0.1599233333333333	2.400364333333333	11.38403633333333
3.506095	9.919795999999998	5.4219963333333325	0.443689	1.520725	1.3584256666666663	2.866773666666666	12.000195999999995	2.76757	5.308600666666666	0.8102166666666667	2.182433666666667	0.8350606666666666	3.055273333333333	7.919051	11.178382333333332	3.122973333333333	8.743389333333331	5.496019333333333	4.474235666666667	12.739889	11.603731333333332	12.636714999999995	11.202975666666664	7.793990999999998	1.9148523333333327	2.2225886666666668	1.9003490000000005	7.787048666666666	12.75931	8.950442666666666	3.6017806666666665	11.969562333333332	12.253578666666666	15.900290333333334	3.087153333333333	0.212112	0.7613706666666666	0.1601326666666666	2.492052333333333	10.547453
3.5074816666666666	9.310681	5.186246666666667	0.4515633333333333	1.5714913333333331	1.374955333333333	2.818782	11.947241333333334	2.9395193333333327	4.523340333333333	0.8749583333333333	2.289929666666666	0.8975156666666667	2.871910666666666	7.508699333333332	11.152403666666668	3.2290443333333334	8.352747333333333	5.678351	4.658863666666667	12.430519333333336	11.2291	13.078989333333334	11.056914333333332	8.001475333333332	1.9386276666666664	2.2268146666666664	1.9530313333333331	7.116583333333333	13.157579333333333	9.007832999999998	3.2090719999999995	12.302145666666668	11.910752666666664	15.640783999999998	3.067739333333333	0.2209809999999999	0.8535186666666666	0.1614926666666666	2.598322333333333	9.666692333333335
3.520605333333333	8.629154666666668	5.0196570000000005	0.4600083333333333	1.6189973333333332	1.398827	2.7677283333333333	11.926845666666663	3.108729	3.8043596666666657	0.9490466666666666	2.4016403333333334	0.9811633333333332	2.681785666666667	7.042533333333332	11.049816666666668	3.336914666666666	7.891242333333333	5.836448333333333	4.883515999999999	12.199704333333331	10.868875	13.459602666666663	10.969387666666666	8.200553333333334	1.9622293333333336	2.223821666666667	2.0128773333333334	6.458257333333332	13.471457	9.039637333333332	2.7891336666666664	12.630039000000002	11.630365666666664	15.369718666666666	3.026432333333333	0.2307133333333333	0.969052	0.164027	2.7187910000000004	8.761618999999998
3.534472	7.888235	4.899281333333334	0.4681763333333333	1.6624746666666663	1.4270703333333332	2.7146353333333333	11.939079666666665	3.2765823333333333	3.171895333333333	1.0338493333333334	2.517444	1.0912583333333334	2.487783	6.5363723333333335	10.863379000000002	3.437902	7.365381333333334	5.976602	5.123154333333333	12.051141666666666	10.552127333333331	13.782598	10.94555133333333	8.382987666666667	1.984751	2.2158306666666663	2.077968333333333	5.831062999999999	13.697783333333334	9.071837999999998	2.362173	12.959641	11.413984333333334	15.102448	2.9746779999999995	0.2413783333333333	1.1132216666666666	0.1674253333333333	2.85296	7.852094
3.542177	7.107378666666666	4.805670666666666	0.4765959999999999	1.7014446666666667	1.4549403333333333	2.660369	11.972094999999998	3.4438216666666666	2.6373146666666667	1.1298763333333333	2.6350056666666664	1.2350596666666664	2.2940976666666666	6.013280666666666	10.584577666666668	3.5255296666666665	6.790504666666665	6.105300666666667	5.354720666666666	11.976681666666666	10.306496	14.050233333333336	10.987232	8.541981666666667	2.0047536666666668	2.2072056666666664	2.1464643333333333	5.250422333333333	13.834594666666666	9.128941666666666	1.949847333333333	13.296553333333334	11.253530666666666	14.848122666666663	2.921924	0.253146	1.289892	0.171232	2.99985	6.9574283333333335
3.542215666666666	6.310683333333333	4.723983333333333	0.4862579999999999	1.7357176666666665	1.479515666666667	2.605751	12.009405999999998	3.609329	2.2036783333333334	1.2379053333333332	2.750873	1.4214789999999995	2.105698	5.500032666666667	10.207150333333333	3.597740333333333	6.188843333333334	6.2270476666666665	5.557305333333333	11.962918333333334	10.156416333333333	14.262441666666666	11.095018333333332	8.673985666666667	2.020648	2.202647	2.2170053333333333	4.727864666666666	13.880828333333334	9.23224633333333	1.5720986666666663	13.643349333333331	11.136258666666668	14.610494	2.87459	0.2663016666666666	1.501058	0.1751133333333333	3.158091333333333	6.096593333333334
3.5412263333333334	5.526793999999999	4.646646	0.4977776666666667	1.7655196666666666	1.5037996666666664	2.551654333333333	12.035735999999998	3.768388	1.862969	1.360261	2.861106	1.6612006666666668	1.9280453333333327	5.024800666666667	9.731589	3.660297	5.590144333333333	6.341557	5.71364	11.995584333333332	10.119643666666668	14.41531533333333	11.269239666666666	8.781428	2.0309993333333334	2.2053683333333334	2.289308333333333	4.269076666666666	13.836441	9.396738999999998	1.243369333333333	13.996097333333331	11.048115	14.387370666666667	2.8342983333333334	0.2813613333333333	1.7457273333333332	0.1791216666666666	3.325851333333333	5.288077333333332
3.548453333333333	4.784679333333333	4.570022	0.5107996666666667	1.7913163333333335	1.5332983333333332	2.4989296666666667	12.041065333333332	3.914746	1.601499	1.50064	2.961651333333333	1.9648116666666664	1.7660806666666669	4.6124453333333335	9.165096666666669	3.720945333333333	5.025715666666667	6.444697666666666	5.811377666666667	12.061734333333332	10.205675	14.501372999999996	11.507929666666666	8.869077333333333	2.0346486666666665	2.216654	2.363536333333333	3.875350666666666	13.701857666666667	9.630801666666663	0.972404	14.345598666666667	10.978015333333332	14.175482666666667	2.7992776666666668	0.2988686666666666	2.021745666666667	0.1834823333333333	3.5010603333333323	4.548019
3.570708	4.109394666666667	4.492697333333333	0.5232146666666666	1.8137	1.5732653333333335	2.448259	12.026272333333331	4.042303666666667	1.4029216666666664	1.664386666666667	3.0486156666666666	2.340513	1.622981	4.278356666666666	8.524332	3.784084	4.522825666666667	6.527903666666666	5.846650666666667	12.151701	10.410410333333331	14.508478333333333	11.803461333333336	8.941177	2.0308846666666667	2.234754333333333	2.439899	3.5431696666666666	13.477672000000002	9.933017	0.7598713333333333	14.676429333333331	10.92301233333333	13.974759	2.764534333333333	0.319261	2.3273073333333336	0.1884023333333333	3.681476333333333	3.887085333333333
3.608596	3.5207566666666663	4.413516666666666	0.5327943333333334	1.8330966666666664	1.627251	2.400043	11.999279666666666	4.147085999999999	1.251145	1.857352333333333	3.1188140000000004	2.792137333333333	1.500357	4.029434666666667	7.832701333333333	3.8494216666666663	4.101501666666667	6.580096	5.821722666666667	12.256807333333333	10.719509	14.423002666666664	12.143405333333332	9.000203333333333	2.019244666666667	2.2564426666666666	2.518521	3.266303666666667	13.164884333333331	10.294759666666666	0.60206	14.969390333333331	10.886144666666668	13.788018	2.72528	0.3428303333333333	2.662345	0.1939303333333333	3.864448333333333	3.3106216666666666
3.6513006666666663	3.029765	4.3300513333333335	0.5388643333333333	1.8493703333333331	1.6953056666666666	2.354146	11.973394333333331	4.2298	1.1329883333333333	2.0849496666666663	3.1707116666666666	3.315157333333333	1.397827	3.861704333333333	7.120549333333333	3.9095213333333336	3.7685466666666665	6.588582000000001	5.745132666666668	12.367281333333333	11.107537999999998	14.232833666666666	12.509733666666666	9.045471	1.9993723333333333	2.2780266666666664	2.5994403333333334	3.0367053333333334	12.765522333333331	10.699644333333332	0.4926923333333333	15.202423333333332	10.876039333333331	13.621257333333332	2.6803446666666666	0.3697106666666667	3.030504	0.199778	4.046451333333334	2.816756333333333
3.686581	2.6396323333333336	4.2387776666666666	0.5420503333333333	1.8618313333333332	1.7755573333333334	2.310198	11.960230666666664	4.293333666666666	1.0382626666666668	2.351794	3.204867	3.898034333333333	1.313754	3.764543	6.421220333333333	3.9551076666666662	3.5211943333333333	6.541500666666666	5.628065	12.471942333333333	11.544342666666664	13.930809	12.883072666666664	9.076188333333333	1.9709443333333336	2.2966523333333333	2.683011666666667	2.846168333333333	12.283473333333331	11.126732666666664	0.4249033333333333	15.354122	10.900459	13.480488	2.6315936666666664	0.4000499999999999	3.437792	0.2055923333333333	4.223192666666666	2.3998496666666664
3.710473666666666	2.3435806666666665	4.134993333333333	0.5443866666666666	1.869062	1.8650876666666667	2.2678103333333333	11.962488333333331	4.340969666666667	0.9608976666666666	2.66083	3.225125666666666	4.520696	1.2454263333333333	3.722068333333333	5.7680576666666665	3.979729333333333	3.346977666666666	6.430850666666666	5.481902	12.557835333333331	11.999266666666664	13.520459666666666	13.246440666666668	9.094424333333333	1.9336173333333333	2.311806333333333	2.770465333333333	2.6877896666666663	11.726299	11.551628	0.3926686666666666	15.407574666666664	10.959883333333334	13.368318	2.583902	0.434248	3.891828333333333	0.211205	4.3895143333333335	2.052285
3.725951	2.129741	4.013853666666667	0.5481153333333333	1.869665666666667	1.960849333333333	2.226876	11.97813333333333	4.375512666666666	0.8969756666666666	3.012113	3.23661	5.1584813333333335	1.1898523333333333	3.717318333333333	5.1891300000000005	3.9799316666666655	3.229443333333333	6.254303666666665	5.316008666666666	12.613773333333333	12.444380333333331	13.014997333333334	13.586291	9.103393	1.8872306666666665	2.324638	2.863325	2.555902	11.105210666666666	11.949077333333332	0.3912196666666666	15.351039	11.050641000000002	13.282304	2.5402736666666668	0.4728893333333333	4.398567	0.216723	4.5406673333333325	1.7655833333333333
3.743149	1.983928333333333	3.871362	0.554588	1.863018	2.0604496666666665	2.187936	12.003347333333332	4.398435333333333	0.843773	3.400225	3.244175	5.784286333333333	1.1443806666666665	3.735632	4.699621333333334	3.956211666666667	3.151866333333333	6.019316666666666	5.134884	12.634878999999998	12.858320666666664	12.440026666666666	13.894483333333334	9.105611	1.8320766666666668	2.3377126666666665	2.96296	2.4464329999999994	10.436551	12.295190333333334	0.4178036666666667	15.180862333333332	11.167112333333332	13.212042333333333	2.496671666666667	0.516788	4.958498333333333	0.222669	4.673811333333333	1.5308563333333334
3.772636333333333	1.8928676666666664	3.704645	0.5641096666666666	1.849311666666667	2.162481	2.151821	12.035723333333332	4.410527999999999	0.799281	3.815473666666666	3.2519263333333326	6.3728196666666665	1.1067999999999998	3.7647266666666654	4.3035473333333325	3.911068	3.0990796666666665	5.739768999999999	4.939239333333332	12.622622333333332	13.224135	11.826187666666666	14.164746666666668	9.100162333333332	1.7689956666666666	2.353117	3.070497666666667	2.3562176666666663	9.739400666666668	12.569098666666669	0.470642	14.900342666666669	11.305165666666666	13.147018	2.447367333333333	0.5668236666666666	5.568961999999999	0.229667	4.787983333333333	1.339004
3.818687333333333	1.8475043333333327	3.512726	0.575502	1.8298236666666667	2.267159	2.119346333333333	12.077273666666663	4.412369666666667	0.7622296666666665	4.243459	3.262614	6.905554	1.0755549999999998	3.7954953333333328	3.991237333333333	3.8478996666666663	3.0596196666666664	5.435036	4.72568	12.586415	13.528888999999998	11.203892333333332	14.390011333333334	9.078969	1.6996406666666666	2.370435	3.1867986666666663	2.282766	9.034265333333334	12.756239333333331	0.5482233333333333	14.521534666666666	11.465641333333334	13.084670666666666	2.390279333333333	0.623843	6.225395666666666	0.23815	4.884769	1.1809353333333334
3.8782513333333326	1.842656333333333	3.296656	0.587119	1.8063986666666667	2.3752696666666666	2.0910906666666667	12.130479333333334	4.405441	0.7317836666666666	4.668286666666667	3.278441333333333	7.370603666666667	1.0495583333333331	3.820965	3.7466616666666654	3.7696586666666665	3.025270333333333	5.125780999999999	4.489038	12.534266	13.762347	10.59999	14.562818333333333	9.031374333333332	1.6261493333333332	2.387792	3.312994333333333	2.223915	8.341025333333333	12.849653666666669	0.6486256666666667	14.060994666666666	11.650715	13.029284333333331	2.3284803333333337	0.688622	6.922746333333333	0.2483793333333333	4.967242000000001	1.0487536666666666
3.938027	1.877860333333333	3.060566666666666	0.5976796666666666	1.7810836666666665	2.4872016666666665	2.0670456666666666	12.194135333333334	4.393501	0.7074446666666667	5.075207333333333	3.301498333333333	7.765116999999999	1.028174333333333	3.836216	3.552052	3.677685333333333	2.9918906666666665	4.830245000000001	4.224001333333333	12.462745	13.91696	10.033284666666669	14.675917666666669	8.948277	1.550957	2.4024856666666667	3.451168	2.177736	7.676693	12.85439	0.7686553333333334	13.537246	11.860421	12.992793333333331	2.272999	0.7618033333333333	7.656182999999999	0.2604039999999999	5.0394533333333325	0.937454
3.984292666666666	1.953469	2.8110323333333334	0.6063280000000001	1.755707	2.602030333333333	2.046742333333333	12.26303	4.381707666666667	0.6888236666666666	5.452271666666667	3.3329733333333333	8.091345666666665	1.0108843333333333	3.837295666666666	3.3917536666666668	3.573206666666666	2.9574259999999994	4.562003666666666	3.926872666666666	12.359979666666668	13.985855333333332	9.514998333333333	14.722289666666668	8.825152	1.4764476666666666	2.4120876666666664	3.603821	2.1424716666666663	7.054984999999999	12.781882333333336	0.9037306666666666	12.966718666666663	12.091662	12.988638333333332	2.2366183333333334	0.8437566666666667	8.419356666666665	0.2740713333333333	5.104962	0.8438
4.012582666666667	2.067094333333333	2.5574166666666662	0.6127969999999999	1.7313596666666666	2.7161103333333334	2.029200333333333	12.326643666666666	4.375948	0.6755029999999999	5.792929999999999	3.3718133333333333	8.354862666666666	0.9970329999999998	3.820699333333333	3.256262333333333	3.459049666666666	2.9208963333333333	4.325947666666666	3.597975666666667	12.206314666666668	13.961423	9.046254333333334	14.695321666666665	8.666729333333333	1.4045623333333332	2.415537	3.7734579999999993	2.116601	6.484582	12.646700666666668	1.0472453333333334	12.35901	12.336578	13.026156	2.2278243333333334	0.9342906666666666	9.201897999999998	0.2889643333333333	5.165271	0.7658159999999998
4.025757333333333	2.2136163333333334	2.3103739999999995	0.6173286666666667	1.7087296666666667	2.8242666666666665	2.0135956666666663	12.374074	4.380443	0.6670649999999998	6.094380333333333	3.415136333333333	8.561569666666667	0.9859083333333334	3.783238666666666	3.139663333333333	3.339831	2.881609333333333	4.121203333333333	3.2413069999999995	11.982367666666663	13.836819666666663	8.622754666666667	14.589344999999998	8.483975333333333	1.3366463333333334	2.412849	3.9620249999999992	2.0986286666666665	5.97045	12.461784	1.191897	11.718079333333334	12.586895333333333	13.108808666666668	2.247681333333333	1.0326983333333333	9.990642333333334	0.304703	5.220605666666667	0.7016069999999999
4.033861	2.384367333333333	2.080787	0.6208266666666666	1.6882289999999998	2.9205723333333333	1.999933333333333	12.399162666666667	4.394881333333333	0.6631696666666667	6.357424	3.458091	8.715163	0.976843	3.722206	3.038353	3.222525	2.8386606666666663	3.9417036666666654	2.8656880000000005	11.677347666666666	13.608256666666666	8.237097666666667	14.40075933333333	8.292846333333333	1.2730499999999998	2.405027333333333	4.170197666666667	2.0869326666666663	5.513557333333334	12.233234	1.3307663333333333	11.041683666666666	12.838359999999998	13.230827	2.284593	1.1375813333333331	10.770125666666669	0.321255	5.2703283333333335	0.6484213333333333
4.047449333333333	2.568745333333333	1.8783326666666669	0.6247206666666666	1.670186333333333	3.00061	1.988767333333333	12.402034666666664	4.417485666666666	0.6635843333333333	6.584975	3.4961259999999994	8.816974	0.9693123333333332	3.635510333333333	2.9497213333333336	3.113086	2.790684	3.779143333333333	2.4830293333333326	11.291245	13.276061333333333	7.881242999999999	14.128156	8.105927333333334	1.2134243333333334	2.392548	4.397756333333334	2.079786	5.112318999999999	11.960506999999998	1.4579336666666665	10.32682	13.091234333333334	13.383696999999998	2.323183333333333	1.2471953333333332	11.525875666666666	0.3389013333333334	5.313947	0.6035119999999999
4.071075	2.755062333333333	1.709445	0.6310036666666666	1.6548896666666666	3.064119	1.9810043333333331	12.392428999999998	4.447737999999999	0.6682633333333332	6.78156	3.5273866666666667	8.865016333333331	0.9631053333333331	3.522165	2.871465333333333	3.012624333333333	2.7354176666666667	3.6247926666666666	2.107807666666667	10.840111333333333	12.847485666666666	7.548298333333332	13.773469666666664	7.923182333333333	1.1567069999999997	2.3736976666666667	4.643612333333333	2.0754116666666667	4.762847333333333	11.634223999999998	1.5694213333333331	9.575068666666668	13.351960666666669	13.561576333333331	2.351866333333333	1.3596416666666666	12.24809533333333	0.3582883333333333	5.352153333333334	0.5650899999999999
4.102696333333333	2.932192	1.5770853333333332	0.6415516666666666	1.6425533333333333	3.112878666666666	1.9773286666666663	12.381918999999998	4.487438333333333	0.6772713333333332	6.951969	3.552274333333333	8.854966333333333	0.958325	3.382341333333333	2.8008	2.9183693333333336	2.669781	3.471461	1.754496	10.343787666666667	12.334744666666666	7.232493999999999	13.34106	7.737435666666666	1.101454	2.3457959999999995	4.905812999999999	2.0722473333333333	4.459993333333333	11.240999333333331	1.6628143333333332	8.794177	13.627581666666666	13.761112333333331	2.3634546666666667	1.4730503333333331	12.930659	0.380111	5.386841	0.5320856666666667
4.130998	3.091382333333333	1.4792026666666669	0.6573519999999999	1.6332096666666664	3.1491236666666667	1.97756	12.376840666666668	4.542196	0.6907456666666666	7.100074333333334	3.5736966666666667	8.780287666666666	0.9555286666666668	3.217963	2.733558666666667	2.823544666666667	2.5896569999999994	3.3158976666666664	1.434945666666667	9.815040333333332	11.754968666666668	6.929427333333333	12.837997666666665	7.538026333333333	1.045994	2.3062663333333333	5.181119333333332	2.069341	4.197835333333333	10.766608666666665	1.7374936666666667	8.001656333333333	13.920505666666664	13.981661666666666	2.356877666666666	1.5857376666666667	13.571191666666666	0.4048596666666666	5.421588333333332	0.5040683333333333
4.141190333333333	3.2260956666666667	1.4114813333333331	0.678322	1.6270216666666668	3.1741836666666665	1.981139	12.378945333333332	4.618333	0.7088663333333333	7.228749	3.595251333333333	8.634201	0.9554653333333332	3.0323119999999992	2.664656	2.720919666666667	2.4907563333333327	3.158022333333333	1.1576746666666666	9.260449	11.126485666666667	6.63522	12.273345999999998	7.316801999999999	0.9889036666666666	2.2539596666666664	5.465040666666667	2.0662176666666663	3.9705496666666655	10.198473	1.7939103333333333	7.219298333333333	14.23009	14.223185666666668	2.3348016666666664	1.696171333333333	14.167332	0.4329703333333333	5.461076666666665	0.4805673333333333
4.120285333333333	3.332763	1.3692066666666665	0.7028043333333334	1.624638	3.1870513333333337	1.987502	12.385295333333332	4.719684999999999	0.7318453333333332	7.339398999999999	3.619771666666666	8.411814	0.9589046666666664	2.830247	2.5883156666666665	2.6064546666666666	2.369575	3.001331	0.9258143333333334	8.680463999999999	10.465838	6.345998	11.658535666666666	7.074642	0.929571	2.190865	5.751403999999999	2.062944666666666	3.773338	9.528791	1.833333	6.469191666666666	14.553798	14.484612333333333	2.302841	1.8029693333333332	14.713168333333332	0.4650136666666666	5.511005666666666	0.4604276666666666
4.065083666666666	3.4101153333333327	1.348615	0.7288203333333333	1.6272713333333333	3.186143	1.9964063333333333	12.39412	4.845737333333332	0.7599546666666666	7.432397666666666	3.6491956666666665	8.111919333333333	0.9664613333333332	2.6176029999999995	2.4990786666666667	2.481186333333333	2.224538	2.851436666666667	0.7386229999999999	8.078206	9.788017333333334	6.058309666666667	11.006767666666663	6.818172666666666	0.868181	2.12032	6.033316333333333	2.0598563333333333	3.602519333333333	8.756086666666665	1.8573643333333332	5.7704966666666655	14.891023	14.764488666666663	2.2674226666666666	1.9048639999999997	15.200216	0.5018086666666666	5.5776303333333335	0.4423249999999999
3.993068333333333	3.459522333333333	1.3484076666666664	0.7552353333333333	1.6369516666666666	3.1709206666666665	2.008302	12.410604333333332	4.988410666666667	0.7935763333333332	7.507072	3.6841806666666663	7.740412999999999	0.9783836666666668	2.4010073333333333	2.3930203333333333	2.354624333333333	2.057989	2.715473333333333	0.5913653333333333	7.468878999999999	9.106324999999998	5.769860333333333	10.33321933333333	6.558044000000001	0.8059936666666667	2.045609	6.303896333333332	2.0573973333333333	3.4560406666666665	7.889692666666667	1.8675886666666663	5.135329	15.246925666666666	15.061661666666668	2.234114	2.000693	15.617691	0.5446153333333333	5.667521666666667	0.4252499999999999
3.929361000000001	3.4836476666666663	1.3689463333333334	0.7819813333333333	1.656223666666667	3.14195	2.0239176666666667	12.441603999999998	5.136885	0.8331843333333333	7.562467333333333	3.724213333333333	7.308748333333333	0.9945653333333332	2.187097333333333	2.268039666666667	2.238233333333333	1.875383	2.600597333333333	0.4775849999999999	6.874056333333334	8.432885333333333	5.479569333333332	9.653587	6.302806666666666	0.7447663333333333	1.9691213333333333	6.556725	2.0558626666666666	3.332516333333333	6.948625000000001	1.8651156666666664	4.570202333333333	15.625804333333331	15.375006666666666	2.206797333333333	2.0893286666666664	15.954086666666669	0.5948496666666666	5.786757666666667	0.4085773333333333
3.895533333333333	3.485647666666666	1.412103	0.8105899999999999	1.6880299999999997	3.101112	2.043885333333333	12.490135666666664	5.281531666666667	0.8793456666666666	7.5980816666666655	3.7672816666666655	6.834619666666667	1.0144406666666663	1.981743	2.124991666666667	2.139541	1.685644	2.5125616666666666	0.390494	6.317021333333333	7.778622999999999	5.188150333333334	8.982768666666665	6.05239	0.6863843333333334	1.8913106666666668	6.786504999999998	2.0551276666666665	3.230585	5.964593666666667	1.84991	4.075469	16.023418999999997	15.702884999999998	2.1862123333333336	2.1695963333333337	16.198558	0.653863	5.939918666666666	0.3922563333333333
3.903471666666667	3.468223	1.480596	0.843233	1.7354616666666665	3.050081	2.0685073333333333	12.552799	5.4153823333333335	0.9326093333333332	7.614837	3.8108566666666666	6.338544	1.037179	1.7899806666666669	1.967388333333333	2.0617053333333333	1.4987723333333332	2.455937333333333	0.3238136666666667	5.814748	7.154021	4.897773333333333	8.333671666666666	5.801513999999999	0.6324573333333332	1.8116616666666665	6.989010666666665	2.054829333333333	3.148652666666666	4.977079666666666	1.8210643333333327	3.6495543333333336	16.426911999999998	16.041540666666666	2.1706293333333333	2.2402386666666665	16.342522	0.7229723333333332	6.130284666666666	0.3767733333333333
3.9464886666666654	3.432532	1.577835	0.8820509999999999	1.8015926666666664	2.988706	2.0974046666666664	12.615243333333334	5.536127	0.993362	7.616746666666666	3.85264	5.841618333333333	1.061775666666667	1.6156266666666668	1.8022123333333333	2.0019866666666664	1.3238979999999998	2.433856	0.2726273333333333	5.367451	6.5695310000000005	4.612336666666666	7.715252999999999	5.5421603333333325	0.5838616666666666	1.729392	7.161488666666666	2.0544953333333336	3.08469	4.031413000000001	1.7767636666666666	3.2920976666666664	16.812018	16.382783	2.155825	2.2998226666666666	16.382109	0.803523	6.3595326666666665	0.363288
4.008019333333333	3.378400666666667	1.7077743333333333	0.9290143333333332	1.8895316666666664	2.9156176666666664	2.1299433333333333	12.658448	5.642884666666666	1.061826	7.610925333333333	3.890305	5.362869666666666	1.08717	1.4615870000000002	1.638077	1.9553586666666667	1.1682936666666666	2.448357	0.2331753333333333	4.962762999999999	6.034939333333333	4.336678666666667	7.133489999999998	5.270911333333333	0.540875	1.6446409999999998	7.301739666666666	2.0536126666666665	3.0365316666666664	3.1719853333333337	1.7151686666666668	3.003475	17.150815666666666	16.71673266666667	2.138643	2.346813	16.316157999999998	0.8971536666666666	6.628195333333332	0.352942
4.067236666666666	3.3039779999999994	1.874935	0.9858423333333332	2.002498666666667	2.828593333333333	2.165511	12.664032666666666	5.733553333333333	1.1379663333333334	7.608776666666666	3.9211656666666665	4.915858666666666	1.112339	1.3297516666666669	1.4840356666666668	1.917243	1.0357353333333332	2.500134	0.2030476666666666	4.576329666666667	5.558284	4.076120333333333	6.591169666666666	4.997376999999999	0.5031106666666667	1.559839	7.407501666666666	2.051680333333333	3.002169	2.434543333333333	1.635289	2.7841746666666665	17.418634666666666	17.034138	2.120874	2.379598333333333	16.145300333333335	1.0061833333333332	6.9354890000000005	0.3461329999999999
4.108433666666667	3.2063136666666665	2.083050333333333	1.0542536666666666	2.143786	2.726348	2.203453333333333	12.621497666666668	5.804892333333333	1.2215236666666665	7.623569333333332	3.942136666666667	4.509172	1.1363706666666666	1.22115	1.3481773333333331	1.8848896666666664	0.927376	2.5887806666666666	0.1805253333333333	4.187099	5.145905333333333	3.8355703333333335	6.089269333333333	4.735419666666667	0.4698736666666666	1.4781863333333332	7.476269999999999	2.048134	2.979526666666666	1.841835333333333	1.5371746666666668	2.633958	17.599780333333335	17.327588	2.10732	2.396712	15.870841	1.1336156666666666	7.278891333333334	0.3424756666666666
4.131270333333333	3.081577333333333	2.333192333333333	1.1362206666666663	2.316667333333333	2.6106100000000003	2.2429406666666662	12.537920666666665	5.852547333333333	1.3119666666666665	7.668527333333333	3.949752333333333	4.144978666666667	1.158575	1.1357026666666667	1.2359033333333334	1.8590086666666663	0.8415896666666667	2.7124946666666663	0.164242	3.793421	4.801849666666666	3.6184096666666665	5.627564	4.495326	0.44037	1.4022880000000002	7.505247333333333	2.042278	2.966257	1.3940519999999996	1.4225426666666665	2.5507409999999995	17.696163000000002	17.593157333333334	2.104409	2.397117666666667	15.494533333333331	1.283494666666667	7.653051999999999	0.3405673333333333
4.142216666666666	2.926799	2.623095	1.2338096666666667	2.523919	2.484799	2.2831386666666664	12.428838666666664	5.872304999999999	1.4087566666666664	7.754121	3.9414246666666655	3.821724333333333	1.1784843333333332	1.072541	1.1500266666666668	1.8409213333333332	0.775596	2.868767333333333	0.1530376666666666	3.4064726666666667	4.529097999999999	3.4264559999999995	5.205941666666667	4.281382666666667	0.4137319999999999	1.3338016666666668	7.492157333333334	2.033476	2.9598439999999995	1.076908	1.294653	2.530842333333333	17.718380333333336	17.828143666666666	2.116138	2.3804063333333336	15.020943	1.461344	8.051559666666666	0.3389066666666667
4.148085666666666	2.742029	2.9451269999999994	1.3490226666666667	2.766976	2.3533066666666667	2.3233636666666664	12.311832	5.861535999999999	1.5116013333333331	7.884345333333334	3.917225666666667	3.535189	1.195933	1.0300223333333334	1.0899279999999998	1.829818	0.7264736666666667	3.054777333333333	0.1459619999999999	3.0474693333333334	4.330258333333333	3.2592349999999994	4.825588999999999	4.088048666666667	0.388991	1.2728463333333333	7.4363926666666655	2.021414333333333	2.957788666666666	0.864068	1.158794	2.5686443333333333	17.679849666666666	18.029257	2.1393146666666665	2.3472416666666667	14.461147	1.675118	8.468431666666667	0.3368026666666666
4.1539090000000005	2.530291	3.288118666666666	1.4834783333333332	3.045291666666667	2.221013	2.363010333333333	12.201161	5.819623333333333	1.6204063333333334	8.058487666666666	3.879571666666666	3.280361333333333	1.2109246666666664	1.006222	1.0531876666666666	1.822876	0.6914683333333332	3.268195999999999	0.1422753333333333	2.7392756666666664	4.207485	3.114535666666667	4.487930666666666	3.9058829999999993	0.3652676666666666	1.2190156666666667	7.338827666666666	2.0062076666666666	2.958041666666666	0.7261113333333333	1.021146	2.6576790000000003	17.591761999999996	18.192392666666667	2.1672656666666663	2.2990326666666663	13.830427666666669	1.933582333333333	8.898845666666666	0.3343966666666667
4.160963333333333	2.2986053333333336	3.637801333333333	1.6380253333333334	3.354705666666667	2.093117	2.401467	12.101715333333336	5.749005666666666	1.735237666666667	8.271128666666666	3.833757	3.0526926666666667	1.223558666666667	0.99932	1.0364806666666666	1.815246333333333	0.668209	3.508132	0.1415466666666666	2.4987233333333334	4.161939333333333	2.988224	4.193523000000001	3.726765666666666	0.3419929999999999	1.172189	7.202228333333333	1.988685	2.9596919999999995	0.6376036666666667	0.8879509999999999	2.791316	17.457931666666664	18.31250233333333	2.1925820000000003	2.2379146666666667	13.147329666666666	2.244763333333333	9.340194333333333	0.3328963333333333
4.168608666666667	2.0560066666666663	3.978998	1.813437	3.6874833333333337	1.9746286666666668	2.4379956666666667	12.010895333333332	5.652472666666666	1.8560423333333331	8.514600333333334	3.78588	2.847971	1.2338569999999998	1.007648	1.0363	1.804798333333333	0.6546509999999999	3.7748906666666655	0.1435193333333333	2.332446666666667	4.193148000000001	2.875433333333333	3.9417696666666666	3.550418	0.3189206666666667	1.1328816666666666	7.030282333333334	1.970093	2.9624989999999998	0.5787713333333333	0.7646806666666667	2.9631336666666668	17.276737	18.385615666666663	2.209811333333333	2.166309333333334	12.429964333333334	2.6144333333333334	9.790533333333334	0.3337033333333333
4.175416666666667	1.812351	4.297562999999999	2.0111863333333333	4.030981333333333	1.869721666666667	2.47161	11.917976333333332	5.530641	1.9823163333333331	8.780296666666665	3.7411263333333338	2.662211666666667	1.241601	1.0298396666666667	1.0495923333333332	1.797780333333333	0.6491426666666666	4.070198	0.1480559999999999	2.2295233333333333	4.297627333333333	2.771561	3.730406	3.3932116666666667	0.2962363333333334	1.1026886666666669	6.827115666666666	1.951976666666667	2.9667446666666666	0.5387586666666667	0.654909	3.1674103333333337	17.041379666666664	18.411362333333333	2.218503	2.0866393333333333	11.692400666666666	3.043559333333333	10.247393	0.3375876666666666
4.179948333333334	1.577045	4.582360666666666	2.233799	4.370616333333333	1.7812723333333331	2.501449	11.810353666666666	5.382386	2.113488333333333	9.059435333333331	3.703286333333333	2.491767666666666	1.2466173333333332	1.0648879999999998	1.0741996666666664	1.804778	0.6505179999999998	4.396976666666666	0.1551176666666666	2.172403333333333	4.469940666666667	2.6737786666666663	3.557268333333333	3.277871333333333	0.274399	1.0834446666666666	6.597076333333334	1.935817	2.973061333333333	0.5112753333333333	0.5606220000000001	3.4000366666666664	16.744404333333332	18.391962666666664	2.220869	2.0011693333333334	10.945810000000002	3.5289326666666665	10.708116	0.3446206666666667
4.181428666666666	1.3576806666666663	4.828469999999999	2.4856333333333334	4.692179333333333	1.7098493333333336	2.5272339999999995	11.678998666666663	5.205074333333334	2.2492666666666663	9.343504	3.6738956666666662	2.333585	1.24908	1.1124329999999998	1.1097056666666667	1.8376416666666664	0.6583793333333333	4.759569	0.1648126666666666	2.1456186666666666	4.702828666666666	2.5832173333333333	3.422056333333334	3.224573333333333	0.2540706666666666	1.0763366666666665	6.344791333333333	1.922682	2.982501666666667	0.4922546666666666	0.4818913333333333	3.659983	16.381937999999998	18.331979	2.2202813333333333	1.9118206666666664	10.198836	4.06188	11.17036	0.3539316666666666
4.180193333333333	1.1602806666666667	5.035288	2.7724476666666664	4.983565333333333	1.654356	2.549230333333333	11.519821333333333	4.997123333333334	2.3896866666666665	9.623755333333332	3.653247	2.1849639999999995	1.2494759999999998	1.1725653333333337	1.1566413333333332	1.905147	0.6728366666666665	5.162603666666666	0.1774126666666666	2.1395643333333334	4.987428333333334	2.5036286666666663	3.3252756666666663	3.244035	0.2359296666666666	1.0812826666666666	6.075487999999999	1.913242	2.996401	0.4790256666666666	0.4177626666666667	3.947567	15.954369	18.235747666666665	2.219666333333333	1.8202513333333332	9.459947666666668	4.629565333333333	11.632450666666667	0.3644996666666666
4.178163333333333	0.9887809999999998	5.206309999999998	3.101476666666666	5.237260666666667	1.611964333333333	2.568364	11.336280666666664	4.761034666666667	2.5351916666666665	9.890696333333334	3.6408673333333335	2.043473333333333	1.2486203333333332	1.2458353333333334	1.2161363333333333	2.0073856666666665	0.694417	5.6098073333333325	0.1934499999999999	2.155379	5.312582000000001	2.440943333333333	3.2672836666666667	3.327745	0.2204929999999999	1.095911	5.795570666666666	1.9076676666666663	3.016356	0.4704509999999999	0.3666316666666666	4.262966333333333	15.468232333333331	18.104818	2.220012333333333	1.7278493333333331	8.739377	5.214271333333333	12.093842	0.375862
4.175259666666667	0.8449786666666665	5.346405333333333	3.480245666666666	5.449446	1.578865	2.585596333333333	11.133853666666669	4.502358	2.686243	10.13498	3.635772	1.907154333333333	1.2473653333333332	1.332825333333333	1.2895353333333333	2.136715	0.7237426666666666	6.1028753333333325	0.2135769999999999	2.198138333333333	5.665323333333333	2.401382	3.247444	3.456953999999999	0.2081256666666666	1.117214	5.511798666666666	1.9057063333333333	3.043617666666666	0.4657766666666666	0.3264893333333333	4.604366333333333	14.931691999999998	17.93868333333333	2.2214426666666665	1.6358206666666666	8.047138666666665	5.795232666666666	12.553452333333333	0.387964
4.165246333333332	0.727482	5.4598320000000005	3.915394333333333	5.620542333333334	1.5505926666666667	2.6013216666666663	10.915573333333333	4.229624666666667	2.842929333333333	10.34852	3.6364453333333335	1.77506	1.2463053333333334	1.4338073333333334	1.3782886666666667	2.276223	0.7612649999999999	6.639503	0.238514	2.271355	6.030707	2.3897586666666664	3.2631266666666665	3.608293333333333	0.1989873333333333	1.1429906666666665	5.230565	1.906664	3.0783946666666666	0.4637423333333333	0.2949286666666667	4.965270333333333	14.351115333333333	17.734895333333334	2.2239226666666667	1.5452209999999995	7.390782666666666	6.349168333333333	13.007802666666668	0.4010963333333333
4.140141666666668	0.6331226666666666	5.549334999999999	4.411675666666666	5.7529786666666665	1.5229496666666664	2.615391333333333	10.684090333333334	3.951714999999999	3.005224	10.524504	3.641355666666667	1.6479373333333331	1.2459733333333334	1.5490076666666668	1.4843286666666666	2.408262	0.8074703333333333	7.214529	0.2691216666666666	2.3755446666666664	6.393955333333333	2.409536	3.3115426666666665	3.7615716666666654	0.1931526666666667	1.1720656666666665	4.957525333333334	1.9097956666666664	3.1202886666666663	0.463041	0.2694949999999999	5.335345333333333	13.733966999999998	17.490473333333334	2.226578	1.4570866666666666	6.776218	6.853200666666666	13.452199333333333	0.4157163333333333
4.09462	0.5576376666666666	5.614853666666667	4.969924333333333	5.849916666666666	1.4931133333333333	2.626996	10.444300333333333	3.675416	3.1732219999999995	10.657922333333332	3.6494813333333336	1.5296579999999995	1.2470336666666666	1.6789543333333332	1.6106816666666666	2.522721333333333	0.8630939999999999	7.819928999999999	0.30659	2.506463333333333	6.742708333333333	2.462403666666666	3.391579	3.908211	0.1906666666666666	1.2047003333333333	4.6969666666666665	1.9147463333333328	3.1686146666666666	0.4628886666666666	0.2480386666666666	5.699857000000001	13.092802333333331	17.203422333333332	2.22676	1.372556	6.208119999999999	7.288145666666666	13.881616666666666	0.4323209999999999
4.028621666666666	0.4969883333333333	5.654521666666667	5.5863526666666665	5.914465	1.4601306666666665	2.6351363333333326	10.204416333333333	3.405267333333333	3.3473939999999995	10.744926333333334	3.6602936666666666	1.4265009999999998	1.2504633333333333	1.8246673333333328	1.7609013333333334	2.617049333333333	0.9291883333333334	8.446301666666665	0.3524973333333333	2.659476666666667	7.067038333333333	2.548916	3.503248333333333	4.048743	0.1915366666666666	1.2414063333333332	4.452073666666666	1.921646	3.223058	0.463273	0.2288916666666666	6.042588333333333	12.445000999999998	16.875861666666665	2.222198333333333	1.29286	5.691275333333333	7.640403666666667	14.291780666666666	0.451219
3.951541666666666	0.4485973333333333	5.665017666666666	6.249713666666667	5.948987333333333	1.4260726666666668	2.6390376666666664	9.977813333333334	3.14281	3.5288856666666666	10.782805333333336	3.673939666666666	1.3472866666666663	1.257812	1.9880406666666663	1.9386666666666663	2.6983623333333333	1.0072543333333333	9.083571666666666	0.409035	2.833984666666667	7.360321666666666	2.6684936666666665	3.647308333333333	4.193041	0.195686	1.281856	4.224748333333333	1.931425333333333	3.2844456666666666	0.4653996666666666	0.2112313333333333	6.348145333333333	11.813788333333331	16.518594	2.213307666666667	1.2193333333333334	5.2318083333333325	7.906087666666666	14.680313999999996	0.472234
3.876501333333333	0.4107763333333333	5.642496666666666	6.943130999999999	5.954729666666667	1.3941796666666666	2.638282	9.777824333333331	2.8891146666666665	3.718994333333333	10.76993	3.691170000000001	1.3013683333333332	1.270806	2.1714423333333333	2.1473416666666667	2.776417333333333	1.099091	9.72102	0.4786116666666666	3.0337766666666663	7.617813666666667	2.819499	3.823747333333333	4.35148	0.2030316666666666	1.325205	4.0161446666666665	1.945511	3.354162333333333	0.4708096666666667	0.1947376666666666	6.603217666666666	11.221807333333334	16.146309666666667	2.2017679999999995	1.15332	4.836395333333333	8.087895333333334	15.045299	0.4950599999999999
3.815549	0.382388	5.583405666666667	7.643534333333333	5.931027	1.3674016666666666	2.633112666666667	9.611853333333332	2.6469603333333334	3.918572	10.70632666666667	3.713564333333333	1.2968216666666663	1.2909366666666666	2.3774706666666665	2.3894426666666666	2.8576693333333334	1.2067446666666666	10.346857	0.563491	3.268155	7.836184333333334	2.9987439999999994	4.0300856666666665	4.526909333333333	0.2135643333333333	1.3703473333333334	3.8268373333333336	1.965738	3.433701666666667	0.4805383333333333	0.1794906666666666	6.798672333333332	10.683927999999998	15.773832333333331	2.189235666666667	1.0960826666666668	4.5116033333333325	8.194634666666666	15.383957	0.5195593333333333
3.775304	0.3622756666666666	5.485681	8.325008666666665	5.876110000000001	1.3474836666666663	2.6244806666666665	9.478629333333332	2.4197163333333336	4.1276503333333325	10.593531666666664	3.7434033333333336	1.3400279999999998	1.3189939999999998	2.608647	2.666954	2.9446759999999994	1.3325723333333332	10.948271	0.6652986666666666	3.5443746666666667	8.013634333333334	3.202310333333333	4.262879	4.718697333333333	0.2273603333333333	1.4166390000000002	3.656995	1.9939766666666665	3.5240236666666664	0.4947386666666666	0.165792	6.929673666666666	10.205209	15.41251933333333	2.175395	1.048813	4.263847999999999	8.237676666666665	15.693136333333332	0.5458989999999999
3.751163333333333	0.3488293333333332	5.350737333333333	8.961047333333333	5.787576333333333	1.3337693333333334	2.614372333333333	9.362697333333331	2.210092	4.344729999999999	10.435221666666669	3.783801	1.4345176666666666	1.354397	2.867189333333333	2.981211333333333	3.0345893333333334	1.4793586666666665	11.511278666666664	0.784222	3.8591603333333335	8.150740333333333	3.4259223333333337	4.518896999999999	4.926183666666666	0.244662	1.464697333333333	3.5062996666666666	2.0318416666666668	3.624803	0.5120926666666666	0.1541453333333333	6.997515	9.775638666666667	15.065545666666663	2.155568	1.0126096666666666	4.099055	8.228523333333332	15.969917666666666	0.5747289999999999
3.7340196666666654	0.3407823333333333	5.183473333333333	9.528027666666668	5.663566333333334	1.324563	2.6050446666666662	9.243923333333331	2.0193326666666667	4.567643666666666	10.237108666666664	3.837979	1.580896	1.3961873333333332	3.155862	3.331710333333333	3.122831333333333	1.6498023333333331	12.023041999999998	0.919092	4.2017793333333335	8.249113333333334	3.664722333333333	4.794995999999999	5.150577666666667	0.265918	1.515494	3.373876666666667	2.0809373333333334	3.735295	0.5312983333333333	0.1450846666666666	7.006810999999999	9.379656666666666	14.730433666666665	2.124005	0.98852	4.0205063333333335	8.175816	16.21314633333333	0.606877
3.715589	0.3381913333333333	4.993767333333333	10.009798	5.504219	1.3181756666666666	2.598367333333333	9.105717333333333	1.8459243333333333	4.794065666666667	10.007644999999998	3.9085803333333327	1.7754456666666665	1.4439196666666665	3.479057333333333	3.7139473333333326	3.2060700000000004	1.845888	12.474781666666669	1.0668673333333334	4.554773333333333	8.310417333333334	3.912672	5.087799666666666	5.396838999999999	0.2919246666666666	1.5694143333333332	3.2579906666666667	2.14312	3.855084666666667	0.5525586666666666	0.1390669999999999	6.964077333333334	9.003832666666666	14.399766666666665	2.0771563333333334	0.9775343333333332	4.025357	8.081501333333332	16.425489	0.6430586666666667
3.6908466666666655	0.342012	4.794526666666666	10.396544333333331	5.311887	1.3136436666666669	2.5956003333333326	8.939349333333332	1.6872133333333337	5.021666999999999	9.756242333333333	3.997767	2.0114943333333333	1.4978543333333332	3.842376666666666	4.120265	3.2830196666666662	2.068871333333333	12.861275	1.2231919999999998	4.899127333333333	8.335673666666667	4.1630563333333335	5.393171666666667	5.6695926666666665	0.3235766666666666	1.6254416666666665	3.1564216666666667	2.220332	3.98417	0.5773106666666666	0.1364133333333333	6.876259666666666	8.640914666666667	14.066554999999996	2.015209333333333	0.9807043333333332	4.105645	7.943769333333333	16.611363333333333	0.6836623333333333
3.661131	0.3539136666666667	4.601020333333333	10.686111333333336	5.092329333333333	1.3115106666666667	2.5970056666666665	8.750602666666666	1.5406246666666663	5.248057333333334	9.491831	4.107231666666666	2.279549333333333	1.5592903333333332	4.252522333333333	4.539515999999999	3.3554483333333334	2.318986333333333	13.181612	1.3823596666666664	5.219041333333334	8.324535	4.408770333333333	5.705488333333333	5.968494999999999	0.3616439999999999	1.679983	3.0666916666666664	2.3143816666666663	4.123105	0.6082623333333332	0.1372566666666666	6.7496920000000005	8.29544	13.729421	1.944678	0.9992406666666664	4.247371666666666	7.758863666666666	16.77526866666667	0.7284423333333333
3.631068	0.3755016666666666	4.428783666666666	10.880787666666668	4.8541523333333325	1.3122446666666667	2.602324333333333	8.553069333333333	1.4046376666666665	5.470473999999999	9.222254333333334	4.238975333333333	2.5691596666666667	1.629792	4.7160546666666665	4.9598526666666665	3.424494666666666	2.5960926666666664	13.436659	1.5380666666666667	5.50625	8.276592333333333	4.643311333333333	6.018931666666667	6.287524	0.4065523333333333	1.7289153333333331	2.986424	2.426509333333333	4.272532666666666	0.6483243333333333	0.1416416666666666	6.590216666666667	7.977806666666667	13.390489999999998	1.873825	1.034547	4.434063	7.524222333333334	16.920537666666664	0.7769476666666666
3.606759	0.4075626666666667	4.291553666666666	10.986021	4.609399666666667	1.3146336666666665	2.611056333333333	8.364153	1.2799246666666668	5.685225	8.953472	4.396237333333333	2.8702986666666668	1.710492	5.237826999999999	5.371292666666666	3.486936	2.9001813333333333	13.627357	1.6839296666666668	5.7668143333333335	8.192737333333334	4.861935333333333	6.328694333333334	6.612534999999999	0.4580296666666666	1.7695553333333334	2.9137763333333333	2.556687333333333	4.432741	0.6996456666666666	0.1496406666666666	6.403115000000001	7.700278	13.054251333333331	1.8086836666666664	1.0882729999999998	4.649203	7.242019333333333	17.047767333333333	0.8289293333333333
3.5945503333333333	0.4503976666666667	4.19947	11.007775666666666	4.371437	1.316571	2.622732333333333	8.199570333333334	1.168119	5.887922666666666	8.691233333333333	4.583482666666666	3.173992333333333	1.8021183333333333	5.819578333333333	5.767277333333333	3.538332	3.23182	13.754169333333332	1.814350666666667	6.013267999999999	8.074946	5.061108000000001	6.630313	6.927039999999999	0.5151679999999998	1.8009039999999998	2.8474276666666665	2.703877666666667	4.603466999999999	0.7637849999999999	0.1613753333333333	6.192848	7.472959	12.725696999999998	1.7525589999999998	1.1621709999999998	4.877519	6.918722000000001	17.156426333333332	0.884698
3.6000136666666664	0.503991	4.155766	10.950351333333332	4.153247666666666	1.315702	2.6371303333333334	8.067430333333332	1.0706983333333333	6.073416666666667	8.442616666666668	4.8066510000000005	3.473238666666666	1.9049296666666669	6.457011666666666	6.147325	3.5762589999999994	3.592637333333333	13.816625333333333	1.9256963333333328	6.258604333333333	7.926514999999999	5.238301666666667	6.918994	7.217171666666666	0.5762419999999999	1.824404	2.7868033333333333	2.865882666666667	4.783503	0.8417479999999999	0.1770603333333333	5.962425	7.299073	12.408857	1.7048283333333334	1.257944	5.106421	6.566307999999999	17.245916	0.9456776666666666
3.626565	0.5680130000000001	4.158366333333333	10.816484666666666	3.965715666666666	1.3103199999999997	2.653997333333333	7.968012333333333	0.987852	6.236420333333333	8.215389333333334	5.071124999999999	3.7621253333333327	2.0190866666666665	7.140606999999999	6.514277666666666	3.6020023333333326	3.984013333333333	13.814278666666665	2.016059	6.510313333333333	7.752070666666666	5.391109666666667	7.189222	7.472796333333332	0.6390443333333332	1.8424893333333328	2.7315853333333333	3.039889	4.97082	0.9347576666666666	0.1968729999999999	5.714023333333332	7.174945999999999	12.106572	1.6628489999999998	1.3772946666666668	5.324862	6.1998283333333335	17.315428	1.0139843333333332
3.6732776666666656	0.6415843333333333	4.199440666666666	10.60696	3.814994	1.3005426666666666	2.672763	7.890989666666667	0.9169469999999998	6.372032999999999	8.017267333333333	5.379275666666667	4.035437999999999	2.144936	7.854137	6.872777000000001	3.623246333333333	4.405496	13.747736333333334	2.085686	6.762835	7.558335666666666	5.516507666666667	7.434288666666667	7.689957	0.701017	1.8575166666666667	2.6813926666666665	3.2226893333333333	5.162315	1.045113	0.2208156666666666	5.449478999999999	7.087733	11.819845666666666	1.6229753333333334	1.5219116666666666	5.522926666666667	5.836437999999999	17.363430666666666	1.0922143333333334
3.736799333333333	0.7229896666666666	4.268954333333333	10.321468	3.7029706666666673	1.2881966666666664	2.6928063333333325	7.822876	0.8545356666666667	6.475999666666666	7.854383666666667	5.730036	4.288509333333333	2.282655	8.577021333333333	7.2279616666666655	3.649396666666666	4.854533	13.618659	2.1360243333333333	7.0027246666666665	7.354166666666666	5.611367	7.647810333333333	7.870212666666666	0.7595653333333332	1.870781333333333	2.635614	3.410892333333333	5.353945666666665	1.1762226666666666	0.248776	5.1720646666666665	7.022593333333333	11.548284	1.5812606666666664	1.693369	5.692495666666667	5.494126333333332	17.387633666666666	1.182756
3.812402	0.8090453333333333	4.357349666666666	9.959044	3.626100333333333	1.277207	2.7137366666666667	7.753083666666667	0.798071	6.545145	7.729027666666667	6.117030333333332	4.5174156666666665	2.431813	9.284867666666669	7.584523333333332	3.6873116666666665	5.325336999999999	13.430179	2.169277	7.211508333333334	7.1513893333333325	5.672988666666667	7.825456666666667	8.022343333333334	0.8123493333333333	1.8813043333333328	2.593235	3.6010006666666667	5.540473333333334	1.3331913333333332	0.2805773333333333	4.888934666666667	6.969001	11.290044666666663	1.5341826666666667	1.8928583333333333	5.828848	5.19087	17.384757	1.28698
3.895283333333333	0.8957683333333333	4.457785333333333	9.519379666666666	3.578534666666666	1.271381	2.735513333333333	7.674100333333333	0.7462873333333334	6.577143333333333	7.640442	6.529798	4.718602	2.591489666666667	9.953164	7.946339666666665	3.739912333333333	5.809751666666665	13.186697666666666	2.187647333333333	7.373718	6.962478666666666	5.699022333333334	7.964468666666667	8.159332333333333	0.8574989999999999	1.886887	2.552843333333333	3.789746	5.716164999999999	1.523203	0.3160553333333333	4.610708	6.920335000000001	11.043486333333332	1.481153	2.120913	5.929941	4.942797666666667	17.352211666666665	1.4049336666666663
3.981577333333333	0.9787929999999998	4.569171333333333	9.004585333333331	3.5542169999999995	1.272107333333333	2.758666	7.582240333333333	0.6998786666666666	6.570603666666667	7.584527666666666	6.953579	4.888724333333333	2.7602516666666665	10.560868333333334	8.315692	3.803670666666666	6.297128666666667	12.89432	2.1926650000000003	7.48567	6.798304333333333	5.687501	8.063772	8.296719333333332	0.8940203333333333	1.88492	2.512608	3.974497	5.8752923333333325	1.7566366666666666	0.3551136666666666	4.352205	6.874374	10.808633999999998	1.427748	2.376639	5.996675	4.761236666666666	17.290022666666665	1.534657
4.067501999999999	1.0541833333333333	4.693561	8.420353666666665	3.5477643333333333	1.2785243333333334	2.7839986666666663	7.475515333333333	0.660592	6.524937333333332	7.556355333333332	7.373788666666665	5.024598666666666	2.936501333333333	11.091188	8.693122333333333	3.872317333333333	6.775854666666666	12.560738333333331	2.185341333333333	7.551712333333333	6.6666696666666665	5.636869333333333	8.123426666666667	8.447246999999999	0.92163	1.8738326666666665	2.4708803333333336	4.153189	6.012514	2.0443686666666667	0.3975303333333332	4.129437333333333	6.830237333333334	10.585156333333334	1.3799336666666664	2.6570403333333337	6.030923666666667	4.651082000000001	17.199905333333334	1.674001
4.148396333333333	1.1193776666666668	4.834532333333333	7.778683999999999	3.555373	1.28706	2.8123586666666665	7.352473666666666	0.6306026666666666	6.4405676666666665	7.552048333333333	7.780537666666666	5.1233130000000005	3.118702	11.533980666666668	9.076284	3.939591333333333	7.234428666666666	12.195854333333331	2.166178333333333	7.582484666666666	6.569696	5.546293666666667	8.144721	8.614507333333334	0.9408623333333332	1.854808	2.426968	4.324414	6.123376999999999	2.394883	0.4426923333333333	3.956902666666666	6.7861113333333325	10.370095333333332	1.338192	2.955446	6.034034000000001	4.606507333333333	17.084786666666666	1.8224176666666665
4.218440333333334	1.1730066666666663	4.994720999999999	7.096255333333333	3.574356666666666	1.2936949999999996	2.844388	7.213057999999999	0.6112639999999999	6.318741999999999	7.567721	8.167982333333333	5.18219	3.3051496666666664	11.884171	9.459399666666666	4.001220333333333	7.662145333333331	11.810956666666666	2.135564333333333	7.585880666666665	6.505710666666666	5.415976	8.130020666666667	8.795637666666666	0.952609	1.8297636666666663	2.3809696666666667	4.486960333333333	6.204225666666666	2.811835333333333	0.4896553333333333	3.845961	6.739831	10.159074333333333	1.298685	3.263257666666666	6.006602333333333	4.61488	16.947368666666666	1.9807683333333328
4.270484333333334	1.2151336666666668	5.172989333333333	6.394674666666666	3.603110666666667	1.2961200000000002	2.88018	7.060545333333333	0.6016013333333333	6.161677	7.598071999999999	8.534950333333333	5.198911666666667	3.4936493333333334	12.142333666666667	9.831060666666666	4.057266333333334	8.050079333333333	11.418596333333335	2.0942096666666665	7.558084333333332	6.469491666666666	5.247942666666666	8.083041999999999	8.982023666666667	0.957786	1.7995746666666663	2.333940333333333	4.639412999999999	6.252486333333333	3.2894596666666667	0.5370823333333333	3.8018166666666655	6.690071666666666	9.947389666666666	1.2535926666666668	3.571041	5.948043999999999	4.658002	16.788683	2.151504
4.300354	1.2466823333333334	5.364170333333333	5.697508	3.6405053333333335	1.2943869999999995	2.9192939999999994	6.902479333333333	0.5995826666666667	5.972356	7.636128333333333	8.881970333333332	5.171309999999999	3.68174	12.312339333333334	10.175398333333334	4.109749666666667	8.391142333333331	11.032384	2.0437806666666667	7.493648999999999	6.453451666666666	5.045384666666667	8.007314333333333	9.164948999999998	0.957093	1.7640506666666664	2.287285666666667	4.780121666666666	6.266769666666667	3.813692666666667	0.583533	3.823713333333333	6.639616333333333	9.732600666666666	1.1969936666666663	3.8703846666666655	5.856791333333334	4.7162136666666665	16.608719666666666	2.337267
4.312469999999999	1.26923	5.557352999999999	5.028087666666667	3.685615	1.292293	2.9605476666666664	6.7528733333333335	0.6031033333333333	5.754612	7.672412666666666	9.209141333333331	5.097447999999999	3.8669166666666666	12.400489666666664	10.471830333333331	4.161008000000001	8.680970333333333	10.667381333333331	1.987968	7.395944333333333	6.447713	4.8125860000000005	7.904795	9.340858	0.9506783333333332	1.7218543333333334	2.242374333333333	4.9071126666666665	6.247491	4.360157	0.6277289999999999	3.9027146666666663	6.599919666666667	9.517966333333332	1.1313406666666666	4.156245333333334	5.730199666666666	4.771754	16.406768333333332	2.5395736666666666
4.316799	1.284604	5.73908	4.407276666666666	3.738035333333333	1.2952956666666664	3.002386	6.626141	0.6111153333333333	5.512672333333333	7.696305333333333	9.515514	4.976587	4.047267333333333	12.413561333333334	10.700804000000002	4.213556333333333	8.917341333333331	10.339593333333331	1.93193	7.277625333333333	6.442240999999999	4.5550440000000005	7.777679333333333	9.509992	0.938345	1.6720373333333332	2.2003673333333333	5.018390666666666	6.196236333333333	4.90049	0.6688286666666666	4.025675666666666	6.584704333333334	9.310352333333334	1.0646973333333334	4.427516333333333	5.566225	4.810651666666667	16.182378333333332	2.7587066666666664
4.327406	1.2945843333333331	5.8955953333333335	3.850219	3.798488	1.3088493333333333	3.043113	6.530527333333334	0.624918	5.250867666666667	7.697102333333333	9.798429	4.810858333333334	4.222380666666666	12.357130333333334	10.850175333333333	4.270197333333334	9.100499999999998	10.065778666666668	1.8822626666666664	7.163479666666666	6.428918666666666	4.2802	7.630635666666667	9.675959	0.9196033333333332	1.6158306666666664	2.1620986666666666	5.112192333333333	6.115569666666667	5.407144333333333	0.7068886666666667	4.177487	6.603547666666668	9.119052333333332	1.009229333333333	4.688931	5.365405666666666	4.825889333333333	15.936316333333334	2.993237333333333
4.356809999999999	1.3006060000000002	6.014850666666667	3.366832333333333	3.8682626666666655	1.3362159999999998	3.081434333333333	6.465401666666667	0.6463566666666666	4.973638333333333	7.665694333333334	10.054896666666666	4.604893000000001	4.393080666666666	12.234883	10.915254	4.333691333333333	9.231748333333332	9.861877	1.845581	7.080764666666666	6.402130333333332	3.9967566666666663	7.471107	9.84264	0.8939806666666666	1.5563010000000002	2.1284240000000003	5.186946333333333	6.008223999999999	5.856370999999999	0.7427593333333333	4.343477999999999	6.657032	8.951186	0.974247	4.947092666666666	5.130676333333334	4.814619333333333	15.669994666666666	3.241042666666667
4.409779333333334	1.3033326666666667	6.089090333333334	2.960093333333333	3.948807	1.3755363333333332	3.117147333333333	6.415703333333332	0.6761246666666667	4.6856496666666665	7.596873666666666	10.282828666666664	4.366468333333334	4.561678333333333	12.047238	10.901547333333331	4.406120333333333	9.312494333333332	9.740915666666666	1.8270213333333327	7.049815999999999	6.360165666666667	3.714408333333333	7.310526999999999	10.011333666666664	0.8613006666666666	1.4985013333333332	2.100629333333333	5.241267666666666	5.876415	6.2325886666666666	0.7782963333333331	4.511717	6.729133	8.806455999999999	0.9585273333333332	5.207056666666666	4.868014666666666	4.776978666666666	15.385092666666669	3.4999299999999995
4.483877666666666	1.3029699999999995	6.114598333333333	2.6281106666666663	4.0408436666666665	1.4220513333333331	3.151034666666667	6.361154999999999	0.7138306666666666	4.392140333333334	7.488510666666666	10.480238	4.104715	4.731585666666667	11.792561666666666	10.820015666666666	4.487413	9.343501333333332	9.712034666666664	1.8292186666666663	7.079365999999999	6.30332	3.442445	7.161571666666666	10.181179333333333	0.8218003333333334	1.4470916666666669	2.080229	5.2740496666666665	5.721907666666666	6.527566333333333	0.8159733333333333	4.672532	6.797167999999999	8.680157000000001	0.9555866666666668	5.470599999999999	4.584842333333334	4.713827666666666	15.083405333333332	3.767246666666667
4.567698666666667	1.2993476666666668	6.09299	2.364099	4.143230666666666	1.4693463333333336	3.185049	6.283813666666667	0.7578466666666667	4.099560333333334	7.341794666666667	10.644353333333331	3.828946666666667	4.907355333333333	11.467770000000002	10.684477	4.572899666666666	9.323985	9.777646999999998	1.8503546666666664	7.158336333333333	6.232794999999999	3.1881819999999994	7.035951666666666	10.348856666666666	0.7764143333333333	1.4038336666666666	2.0688633333333333	5.284688666666666	5.545978666666667	6.742596999999999	0.8586999999999999	4.818896	6.839843333333334	8.564985	0.95758	5.73337	4.289101333333333	4.625072666666666	14.766796666666668	4.039141333333333
4.647097666666666	1.2919213333333333	6.028775333333333	2.1592626666666668	4.253291666666667	1.5115793333333332	3.22134	6.171878	0.8064993333333332	3.815711	7.158744999999999	10.771434333333332	3.547625666666667	5.093505333333333	11.070954	10.507294	4.654904666666667	9.252199999999998	9.933478666666664	1.8858403333333331	7.268644666666667	6.149965	2.9572366666666663	6.944384	10.509555999999998	0.7268643333333333	1.3681513333333333	2.068052	5.273133	5.349898666666666	6.884235666666668	0.909111	4.945500666666666	6.842672333333333	8.454953666666666	0.9596683333333332	5.986749	3.988971333333333	4.509962333333333	14.437202	4.310536333333333
4.710423333333334	1.2795896666666666	5.92819	2.0046936666666664	4.366641333333333	1.545818333333333	3.261311666666667	6.02545	0.8591866666666667	3.550406	6.940228333333334	10.856536333333333	3.2672289999999995	5.293236333333333	10.604607333333334	10.294983666666663	4.723247	9.125814666666663	10.165727	1.928993	7.395777666666665	6.055979	2.753219333333333	6.896535333333333	10.657681333333333	0.6760816666666667	1.337069	2.0789893333333334	5.240149333333333	5.1354213333333325	6.962365	0.9687026666666666	5.048798666666666	6.805580666666667	8.349499	0.9648073333333332	6.218219	3.692852333333333	4.367355666666667	14.096700333333333	4.574680333333333
4.750609	1.261281	5.798155	1.892328	4.478286	1.572179	3.305468	5.853325333333333	0.9158516666666664	3.3145829999999994	6.686342333333333	10.895673333333333	2.99316	5.5079243333333325	10.075722333333331	10.050612666666666	4.767538999999999	8.943441999999997	10.454528333333332	1.9728356666666664	7.533332	5.9526173333333325	2.579106	6.9027536666666665	10.790815666666669	0.6278729999999999	1.3074906666666666	2.1028006666666665	5.187059666666667	4.904925333333334	6.987341666666668	1.0376876666666666	5.127121666666667	6.7387950000000005	8.251360333333333	0.9791793333333334	6.415048	3.4093023333333328	4.196891999999999	13.747835333333333	4.824304333333332
4.768563666666666	1.2366716666666668	5.645662999999999	1.8160486666666664	4.583578999999999	1.5947836666666666	3.352964	5.672846666666666	0.9765253333333332	3.119782666666666	6.396815	10.888566333333332	2.7303076666666666	5.735886333333333	9.497751666666668	9.775029666666663	4.779514	8.706614999999998	10.775114333333333	2.011748666666666	7.689374999999999	5.843436666666666	2.4381656666666665	6.975793333333333	10.914488999999998	0.5869216666666667	1.2783356666666668	2.140827333333333	5.115737999999999	4.661878999999999	6.967668333333333	1.1143483333333333	5.181697333333332	6.6621950000000005	8.165476666666667	1.008486	6.567819666666666	3.14689	4.000439333333333	13.394309333333332	5.052611000000001
4.769119333333332	1.207092	5.477208333333333	1.771027333333333	4.678951333333333	1.6181496666666666	3.402311	5.502423	1.040609	2.9770633333333327	6.072108333333333	10.838195666666666	2.483023	5.973400333333333	8.888807666666665	9.467745333333331	4.754853	8.419646	11.102878	2.042073333333333	7.877586333333333	5.733162	2.333393666666667	7.128168333333333	11.035843333333332	0.5580423333333333	1.2498616666666666	2.194646	5.028523999999999	4.411144	6.90959	1.1957019999999998	5.215335	6.595727666666667	8.097164333333332	1.056365	6.670528666666667	2.912869333333333	3.781584333333333	13.042092333333333	5.253701
4.758428333333334	1.1769603333333332	5.297934000000001	1.753605	4.763002999999999	1.6437656666666665	3.451883333333333	5.3548383333333325	1.106061	2.895380333333333	5.714830666666666	10.751643333333332	2.254828333333333	6.214804333333333	8.271658333333333	9.126991666666664	4.696393333333334	8.090556333333334	11.418306666666666	2.063364	8.110154999999999	5.627560333333333	2.266567	7.368909666666665	11.157412333333331	0.5454140000000001	1.223349	2.266184333333333	4.928315	4.159805666666666	6.815663333333334	1.2776626666666666	5.231789333333333	6.550376666666666	8.050625333333333	1.1221599999999998	6.721891	2.711146	3.545743333333333	12.701125	5.423369
4.7418733333333325	1.1518313333333334	5.111348333333333	1.7607456666666663	4.835053	1.671228	3.500660666666666	5.238429333333333	1.1705249999999998	2.879339666666666	5.329460999999999	10.638506666666666	2.0484690000000003	6.453257666666666	7.6694206666666656	8.750096666666666	4.610680666666666	7.729654666666667	11.706417	2.076667333333333	8.394274	5.533568666666666	2.2379306666666667	7.702209	11.276195666666666	0.5517943333333333	1.2004216666666665	2.3575410000000003	4.817924333333333	3.915701333333333	6.684099	1.3559129999999997	5.234903333333333	6.531068333333333	8.028832	1.2013833333333332	6.723766666666666	2.5424366666666662	3.299492333333333	12.381444666666663	5.559134666666666
4.722006666666667	1.136717	4.918328333333334	1.789931	4.894034	1.6989733333333332	3.5491583333333327	5.156921666666666	1.232436	2.924997666666666	4.922747333333334	10.510290333333334	1.865697333333333	6.680915	7.101356666666667	8.333618	4.505761333333333	7.349114999999999	11.957724000000002	2.0833866666666667	8.727197	5.460084333333333	2.245278666666666	8.124168999999998	11.381466	0.5771586666666666	1.1825823333333332	2.470855333333333	4.699387999999999	3.686213333333334	6.506400666666666	1.4266606666666666	5.228054333333334	6.537802666666667	8.033150333333333	1.2850483333333331	6.681089666666666	2.4032649999999998	3.050464	12.089067	5.660938666666668
4.699388000000001	1.1350756666666666	4.718064333333333	1.8393556666666664	4.938480333333334	1.7260373333333334	3.5987986666666667	5.111229999999999	1.2910883333333334	3.021954	4.502475333333333	10.37784	1.7075536666666666	6.889955	6.581910999999998	7.874917666666666	4.388615	6.961884	12.165670333333331	2.08461	9.099431	5.418064	2.2851696666666665	8.625784999999999	11.461657	0.6194563333333333	1.1710603333333334	2.6079220000000003	4.573987333333334	3.477802666666666	6.271284	1.4869046666666668	5.214856999999999	6.568379999999999	8.065022	1.365325	6.6011820000000005	2.288538	2.807078333333333	11.82593	5.729734
4.673211	1.1473373333333332	4.508415	1.9084903333333327	4.966620333333332	1.753809333333333	3.6516486666666665	5.0996500000000005	1.3469153333333332	3.152982666666666	4.076795333333333	10.248579	1.5743549999999995	7.073714	6.117956333333334	7.37434	4.262676666666666	6.581025	12.325550333333332	2.080461333333333	9.495966666666666	5.421361666666666	2.3536386666666664	9.193778666666669	11.511257	0.6746223333333333	1.1666283333333332	2.769651666666667	4.442059	3.295342333333333	5.967952333333333	1.5350026666666667	5.200136333333333	6.619725999999999	8.127501666666666	1.441461	6.494188666666666	2.1934006666666663	2.5785603333333333	11.588583	5.766493
4.645871333333333	1.1722753333333331	4.287765666666666	1.997465	4.977098333333333	1.7847333333333333	3.710176	5.117756333333333	1.400415	3.298394666666666	3.6543936666666665	10.127029666666669	1.4657663333333333	7.22778	5.710911333333333	6.835944999999999	4.130773666666666	6.219395666666665	12.434298666666669	2.0703253333333334	9.904906	5.4846423333333325	2.44696	9.812841	11.531812	0.738039	1.170027	2.9561216666666663	4.303697	3.143149	5.590440999999999	1.5704086666666666	5.189858	6.687966333333332	8.223776666666666	1.516841	6.3713766666666665	2.113624333333333	2.373913333333333	11.372018666666666	5.771749333333332
4.628143666666666	1.2077443333333333	4.057138	2.1067456666666664	4.969908666666666	1.821055	3.777280333333333	5.157146666666667	1.4512286666666667	3.439479333333333	3.244965333333333	10.014343333333333	1.3805913333333333	7.351971	5.356600666666667	6.269886999999999	3.997807666666666	5.889236333333333	12.491298	2.052757333333333	10.326272	5.621451666666665	2.5624870000000004	10.466811	11.534749999999995	0.8058096666666666	1.182324	3.166282333333333	4.159382666666667	3.0258086666666664	5.144109	1.5938606666666666	5.191549	6.767786999999999	8.35545	1.5969396666666666	6.243764333333333	2.0460546666666666	2.20069	11.172752666666664	5.745146666666667
4.631393666666666	1.251402333333333	3.820473	2.2368756666666667	4.945897333333334	1.863084	3.856317333333333	5.208424999999999	1.4989036666666666	3.561554333333333	2.8586063333333334	9.910196333333335	1.3170713333333333	7.448996333333333	5.047997333333333	5.690884333333334	3.8691016666666656	5.601870333333333	12.498130666666666	2.025632	10.762322	5.842949333333333	2.699141	11.140315	11.532480666666666	0.8756139999999999	1.204392	3.39826	4.010131	2.9482886666666666	4.644714333333332	1.6068049999999998	5.213765	6.852027	8.522233	1.685361	6.120579333333334	1.98831	2.064604666666667	10.988916333333332	5.686105666666666
4.659219333333333	1.3011969999999995	3.5858696666666665	2.388489	4.906531666666667	1.906806	3.951331	5.264090333333333	1.5438106666666664	3.6583976666666658	2.5051726666666667	9.813955666666663	1.272975	7.524128	4.776556333333334	5.118406333333333	3.748312333333333	5.366954999999999	12.458996	1.9859856666666664	11.207639666666669	6.155481999999999	2.858578666666667	11.820437333333333	11.529857999999995	0.9480706666666668	1.2361666666666666	3.64927	3.8577796666666666	2.9160163333333333	4.121254666666666	1.6111086666666667	5.265998333333333	6.930748	8.721191000000001	1.779672	6.006794	1.938822	1.9683506666666664	10.820445666666666	5.594499666666666
4.706471333333333	1.3551989999999998	3.3629736666666665	2.5634233333333327	4.852896	1.9461673333333331	4.066737	5.320409	1.5872606666666664	3.729369333333333	2.193032666666667	9.725136333333332	1.2459843333333331	7.583026666666667	4.533118666666666	4.572483999999999	3.635608666666667	5.192852333333333	12.377769333333331	1.9305986666666664	11.647789	6.560161666666667	3.0446720000000003	12.495284333333332	11.525263	1.02515	1.276314333333333	3.915858333333333	3.704387333333333	2.933878333333333	3.607371	1.608565	5.357754	6.994432999999999	8.949733666666665	1.8756266666666663	5.902809	1.8966026666666669	1.9122966666666663	10.666797	5.470849
4.755741	1.411550333333333	3.160859666666666	2.766332333333333	4.784646333333334	1.9748073333333327	4.207082	5.380658666666666	1.6318773333333332	3.778712	1.9270963333333333	9.643763333333332	1.234039	7.629759	4.308467	4.069749333333333	3.524693666666667	5.086160333333334	12.254845666666665	1.856555	12.055833333333334	7.050093666666666	3.263999	13.152757666666666	11.509982999999998	1.1090026666666666	1.3214186666666667	4.193836	3.551757333333333	3.004931333333333	3.134525	1.600344	5.497647333333333	7.037829	9.208692333333332	1.971082	5.802434333333333	1.8612996666666664	1.8941536666666663	10.524588333333332	5.316810333333334
4.786561999999999	1.469192	2.986757	3.003269333333333	4.700794333333333	1.9883396666666664	4.3761486666666665	5.452367999999999	1.6801886666666666	3.812961	1.709197	9.570458	1.2353379999999998	7.666613333333333	4.094214	3.6226313333333335	3.4068183333333333	5.050516666666667	12.087850333333332	1.7622459999999998	12.403864666666664	7.612565666666667	3.525298666666666	13.780050333333332	11.473230999999998	1.2007656666666666	1.3670890000000002	4.478723333333333	3.401593	3.1305483333333326	2.728733	1.5868666666666669	5.693197666666666	7.062071666666665	9.500969333333334	2.067152	5.697085666666666	1.832946333333333	1.910072	10.389541666666666	5.134953333333334
4.783827666666666	1.5289383333333333	2.8440976666666664	3.2806976666666667	4.6004076666666665	1.9871823333333332	4.575714999999999	5.5461253333333325	1.7331446666666668	3.839572	1.5371940000000002	9.506833	1.2484606666666669	7.693132999999999	3.884147	3.2370076666666665	3.2742256666666667	5.083732333333333	11.871410333333332	1.6490096666666665	12.674633666666669	8.228770666666666	3.8398756666666665	14.363012333333334	11.406109333333331	1.2990246666666667	1.4087803333333335	4.7660713333333335	3.255711	3.3097666666666665	2.405376333333333	1.5673466666666669	5.9501306666666665	7.079064666666667	9.830516333333332	2.169884333333333	5.579125	1.8118833333333333	1.9549773333333336	10.258250666666664	4.929038333333333
4.741402999999999	1.5926036666666663	2.733295	3.604463	4.48342	1.9746143333333328	4.805603333333333	5.672567000000001	1.7902236666666669	3.865608	1.406371	9.455805	1.272409	7.706152333333333	3.674101666666666	2.9139623333333327	3.123295	5.177736666666666	11.599016	1.5212959999999998	12.862898333333334	8.877198	4.220046333333333	14.887323333333333	11.301544	1.4002949999999998	1.442895	5.051657666666666	3.116242333333333	3.539089333333333	2.17072	1.5401313333333333	6.2722940000000005	7.105790666666667	10.199730333333331	2.2849576666666667	5.443773	1.7984856666666664	2.02337	10.128364333333334	4.703952333333333
4.668303333333333	1.6624193333333337	2.651365333333333	3.978799333333333	4.351751	1.9557713333333333	5.063012666666666	5.839620999999998	1.849016	3.896273	1.3097653333333334	9.422345	1.3068993333333332	7.698630999999999	3.4627186666666665	2.6495466666666667	2.9588263333333336	5.316023333333333	11.264537333333331	1.3879510000000002	12.980288666666668	9.535817	4.677661	15.339763666666666	11.154826333333332	1.498781	1.4682340000000005	5.331687333333333	2.9859306666666665	3.8110533333333336	2.0197713333333334	1.5027100000000002	6.660543666666666	7.160224666666665	10.606188666666668	2.4118926666666667	5.291869666666666	1.7929426666666668	2.109879333333333	9.998832333333333	4.466100666666666
4.579501333333333	1.740105	2.594214	4.408103333333333	4.208633666666668	1.935861	5.343708333333333	6.052720999999999	1.9060376666666663	3.934149000000001	1.2401053333333332	9.411838333333332	1.352425	7.661493	3.250194666666667	2.4373956666666663	2.78927	5.4770650000000005	10.864451999999998	1.2595816666666664	13.043574	10.184256666666668	5.220879999999999	15.709395333333331	10.964186333333334	1.5881476666666663	1.485531333333333	5.6022696666666665	2.867876333333333	4.115100666666666	1.9420206666666664	1.4525413333333337	7.112307	7.256753000000001	11.043649666666663	2.5438436666666666	5.128171333333333	1.795413	2.2095916666666664	9.868053666666668	4.222104333333333
4.488827666666666	1.825823	2.5583606666666663	4.898392	4.058457	1.9184406666666665	5.642680666666666	6.313964333333333	1.957168	3.977234999999999	1.1915336666666667	9.428447999999998	1.4107513333333332	7.584772333333333	3.0378086666666664	2.270131333333333	2.623088	5.635967	10.401231333333335	1.146486	13.065027666666666	10.806403	5.8489873333333335	15.989523	10.732714666666665	1.6630453333333333	1.4976223333333336	5.858857666666666	2.765438	4.437229666666666	1.924704	1.387893	7.619431	7.400246666666665	11.501775666666669	2.6657563333333334	4.960965333333333	1.8061766666666663	2.3185009999999995	9.731880333333333	3.9775933333333335
4.406202999999999	1.9188506666666665	2.5412566666666665	5.45351	3.906089	1.904755	5.955132333333332	6.621762	1.999051666666667	4.0196526666666665	1.1598706666666667	9.474454	1.485017	7.460094666666666	2.827284666666666	2.140081	2.4667126666666666	5.769855999999999	9.88269	1.0572806666666663	13.051530999999995	11.388884666666668	6.551864999999999	16.175692666666666	10.466235	1.719393	1.5076766666666666	6.096704999999999	2.68245	4.762429666666667	1.955509333333333	1.3082273333333334	8.168674666666666	7.586955	11.969556999999998	2.7625436666666667	4.798880666666666	1.8255596666666667	2.4330483333333333	9.585169	3.737159666666666
4.33416	2.017876	2.541775666666666	6.069766333333333	3.756414	1.8923583333333327	6.277505333333332	6.9686846666666655	2.030698333333333	4.050720999999999	1.143457	9.54892	1.580493666666667	7.283834333333333	2.620499	2.039722333333333	2.3222020000000003	5.864077	9.323414666666668	0.9968413333333334	13.002561	11.920636666666669	7.305668333333333	16.264588333333332	10.172213999999997	1.7550576666666668	1.5175983333333332	6.311334333333333	2.6236809999999995	5.076752666666667	2.024920333333333	1.215026333333333	8.740065999999999	7.802238666666666	12.438206333333332	2.8272106666666668	4.647888999999999	1.85381	2.5498323333333333	9.423100666666665	3.5040526666666665
4.271511666666666	2.120945	2.559576333333333	6.735102	3.613637333333333	1.8777396666666668	6.607188	7.342557666666666	2.052527	4.057150666666667	1.142480333333333	9.649054666666666	1.7040926666666665	7.057052333333332	2.4190986666666663	1.962113	2.189985666666667	5.911576333333333	8.741398	0.9667226666666666	12.914536	12.392053333333331	8.078617000000001	16.253678666666666	9.857700666666668	1.7693096666666668	1.5280143333333334	6.498913333333332	2.594774	5.368436333333333	2.1252793333333333	1.1112273333333336	9.310018	8.027108666666667	12.900142666666667	2.8587546666666666	4.511428666666666	1.890893333333333	2.6653856666666664	9.241516666666666	3.281035
4.2155743333333335	2.225102333333333	2.594741	7.425071000000001	3.480388	1.858595	6.942494333333332	7.725860333333332	2.0657916666666667	4.024517	1.1590966666666669	9.770760333333332	1.8645586666666665	6.7872010000000005	2.2241536666666666	1.901617	2.070854	5.915028333333334	8.156007333333333	0.9642576666666668	12.783774333333334	12.795018666666666	8.833954333333333	16.141501333333334	9.527365333333332	1.7628833333333334	1.537889	6.656863999999999	2.602578666666666	5.629911	2.250283	1.001194	9.853169	8.242944999999999	13.348128333333332	2.8618386666666664	4.389623	1.936163	2.7760043333333333	9.037497333333333	3.0709936666666664
4.163504333333333	2.327293	2.647142	8.108676333333332	3.3585490000000005	1.8342536666666664	7.281536666666666	8.100510666666667	2.0716783333333337	3.941787333333333	1.196683	9.909011	2.0714940000000004	6.485239666666667	2.0365336666666667	1.8538326666666665	1.9652323333333328	5.8820066666666655	7.585157666666666	0.985025	12.607302666666667	13.122764	9.5375	15.928260333333332	9.184484	1.737634333333333	1.54531	6.78332	2.655013333333333	5.857295	2.393049	0.8897409999999999	10.346224333333334	8.433984333333335	13.774713	2.8434249999999994	4.280626333333333	1.9885436666666665	2.877982	8.809582333333333	2.876627
4.113358333333333	2.425288666666667	2.715759333333333	8.752110333333333	3.2497923333333336	1.806526	7.621043	8.452546666666665	2.0703946666666666	3.807325	1.2596306666666666	10.057625666666668	2.334410333333333	6.164204000000001	1.8572736666666667	1.816058333333333	1.8719573333333333	5.822207	7.042096666666667	1.0244676666666666	12.383946333333334	13.370452999999998	10.16623	15.617391666666666	8.831486666666665	1.6967013333333334	1.5479576666666666	6.876844	2.761116	6.051420666666666	2.544128	0.7813530000000001	10.772562	8.590622	14.171925333333332	2.8106413333333333	4.181047333333333	2.046555	2.967913666666667	8.558731666666667	2.6999036666666663
4.065113333333334	2.5181693333333333	2.798841666666667	9.326287333333331	3.155663333333333	1.778363	7.9564476666666675	8.772843333333332	2.06145	3.6272006666666665	1.3525966666666664	10.209201333333333	2.659663333333333	5.837277333333333	1.687611	1.786557	1.788652	5.744557333333333	6.536425333333332	1.0785426666666666	12.116703	13.534945666666667	10.708187333333337	15.21634833333333	8.470156333333334	1.643949	1.5438393333333331	6.935883	2.9286286666666665	6.215809999999999	2.693035	0.6798263333333333	11.121220333333332	8.70853	14.533383666666666	2.769942	4.087049333333333	2.1085656666666663	3.042995999999999	8.288079	2.541625
4.021993	2.6071953333333333	2.893804	9.815970333333333	3.0774336666666664	1.7529179999999998	8.281547999999999	9.059536	2.0437586666666663	3.416349333333333	1.4798429999999998	10.354658666666666	3.045776	5.516	1.5290756666666665	1.7642623333333334	1.711661	5.654302	6.073673333333334	1.1443119999999998	11.816415666666666	13.615286333333332	11.166479	14.739003	8.101406666666666	1.5836556666666664	1.5320883333333333	6.958346	3.160648666666666	6.355716999999999	2.8296056666666667	0.5876513333333333	11.388015	8.789803999999998	14.856952333333334	2.7261963333333328	3.995142333333333	2.1729359999999995	3.1015749999999995	8.003531333333333	2.400597666666666
3.986186333333333	2.694567333333333	2.9976046666666663	10.215819	3.015532666666666	1.7327533333333334	8.589243666666665	9.315001333333331	2.016957666666667	3.193656	1.644786	10.485066333333332	3.4837786666666664	5.209328999999999	1.3830996666666664	1.7482266666666666	1.6370249999999995	5.553301333333332	5.656409999999999	1.219588333333333	11.49544	13.611539666666667	11.552288666666668	14.202873333333333	7.725166333333333	1.5197969999999998	1.5123646666666666	6.942499333333332	3.454529666666666	6.475812	2.944971	0.506263	11.572486333333332	8.839431333333334	15.142176666666668	2.682754	3.902536	2.237829	3.1426576666666666	7.711827666666666	2.274961
3.9541363333333335	2.782531333333333	3.106955333333333	10.530082666666669	2.9685740000000003	1.7189176666666666	8.871912999999997	9.544415666666666	1.982836	2.9785546666666667	1.8491563333333327	10.593645666666664	3.954496	4.921696333333332	1.250578	1.7371910000000002	1.5614309999999998	5.439023333333333	5.283866333333334	1.302811333333333	11.161711	13.524059333333335	11.881012666666669	13.62755	7.340049333333333	1.4551086666666666	1.4844823333333332	6.888181666666666	3.798422	6.577691333333333	3.033034333333333	0.4358276666666666	11.676536333333331	8.863038999999999	15.388023666666664	2.6408893333333334	3.807686	2.3009216666666665	3.165682	7.419001333333333	2.163272333333333
3.919191	2.8732703333333336	3.21878	10.767753	2.933800333333333	1.7116486666666668	9.121918	9.752038666666666	1.944006	2.7869010000000003	2.093192	10.675905333333333	4.432494666666667	4.654555333333334	1.1317799999999998	1.729461666666667	1.4836116666666666	5.306136666666665	4.952671666666666	1.3926783333333332	10.819247999999998	13.352781	12.165888	13.031363999999998	6.945371666666667	1.3907060000000002	1.4484416666666666	6.796921999999999	4.174496333333333	6.659897333333333	3.0901376666666662	0.375751	11.702535666666666	8.865480666666667	15.591153666666663	2.600578666666667	3.709984333333333	2.359481	3.1700459999999997	7.130381	2.064729333333333
3.873689	2.9688483333333333	3.3308106666666664	10.939978333333332	2.9070396666666665	1.7106896666666669	9.332133	9.937342333333332	1.9025673333333333	2.6256863333333333	2.375032666666667	10.730509666666665	4.887844333333334	4.4067153333333335	1.0260563333333332	1.7227296666666665	1.4064959999999995	5.146836666666666	4.6563843333333335	1.4878926666666668	10.468017333333334	13.096847666666664	12.411325666666665	12.427799333333333	6.543594666666666	1.3250896666666665	1.4046706666666664	6.672714666666666	4.56	6.716910666666666	3.115728333333333	0.324816	11.652009666666666	8.849365333333333	15.743582333333334	2.560777	3.609766	2.410400333333333	3.1547746666666665	6.8505036666666665	1.9794283333333331
3.812824	3.0713116666666664	3.441855666666666	11.056639333333331	2.8839756666666667	1.715148	9.496327666666666	10.09613	1.858803	2.495764	2.6904506666666665	10.757251	5.293216999999999	4.175908333333332	0.932341	1.7148076666666665	1.3356559999999995	4.9522233333333325	4.386778666666666	1.5872716666666666	10.109176666666666	12.757540666666666	12.615637333333334	11.827546333333332	6.139944	1.2556746666666665	1.35419	6.5208493333333335	4.932624666666666	6.7414966666666665	3.111001	0.2816303333333333	11.526659999999998	8.815598333333332	15.835668333333333	2.520551	3.507641	2.4509746666666667	3.119095666666666	6.583716000000001	1.907337
3.739410666666666	3.1826513333333333	3.5524386666666663	11.122685666666666	2.861309666666666	1.7229873333333332	9.609978333333334	10.220745666666664	1.809355	2.3922296666666663	3.0315146666666664	10.755487666666664	5.631993	3.959777	0.8494923333333332	1.7044393333333334	1.2782766666666665	4.713416333333333	4.134422333333333	1.6898883333333332	9.750565	12.342375333333331	12.771621333333334	11.23966	5.7428056666666665	1.1799606666666669	1.2990683333333333	6.347289666666667	5.276016	6.726426	3.0783346666666667	0.2449416666666666	11.329536666666666	8.763327333333335	15.858672	2.480061333333333	3.4039596666666667	2.479921333333333	3.0632363333333337	6.334572333333333	1.8471803333333328
3.6609076666666662	3.304156	3.6636436666666654	11.138900333333332	2.836632333333333	1.7314636666666667	9.670029666666666	10.304441333333331	1.7501320000000002	2.307293666666667	3.388069	10.723730666666665	5.896820666666666	3.756434	0.7763836666666666	1.6911536666666669	1.2387126666666668	4.424377333333333	3.890009	1.7948989999999996	9.403455	11.863901666666669	12.869376	10.673128666666669	5.360270333333333	1.0965596666666666	1.2420866666666668	6.157958333333333	5.580025333333333	6.665727	3.020436333333333	0.2136979999999999	11.064335666666665	8.691117	15.806424666666665	2.439247	3.29894	2.4971146666666666	2.988371333333333	6.107168	1.796802
3.587690333333333	3.435512666666667	3.7761096666666663	11.101185333333332	2.808565	1.7373276666666664	9.675292	10.345824333333333	1.6790363333333334	2.231678	3.7483939999999993	10.659084	6.091539333333333	3.565271	0.711977	1.6753526666666667	1.2131286666666663	4.086191333333333	3.645912	1.9013833333333332	9.079795	11.340313666666663	12.897619666666667	10.138013999999998	4.996667666666667	1.006598	1.1866466666666666	5.958103	5.843179999999999	6.556510666666666	2.9398736666666663	0.1871346666666666	10.73484	8.597742666666667	15.677806	2.396340333333333	3.192794666666667	2.503791	2.896969666666666	5.904288666666666	1.7532396666666663
3.527891	3.576006	3.889268333333333	11.003031	2.776334333333333	1.7376470000000002	9.625683	10.345845333333331	1.5963883333333333	2.1562796666666664	4.101026333333333	10.557970666666666	6.226036	3.3877033333333326	0.6553660000000001	1.657761333333333	1.1936093333333333	3.706934999999999	3.397573	2.008353333333333	8.787370666666666	10.791711	12.844804666666668	9.643971999999998	4.653802333333333	0.91324	1.135883	5.75229	6.068806333333334	6.399489666666668	2.839727333333333	0.1646579999999999	10.344655999999995	8.481689	15.474897666666669	2.348353	3.085932666666667	2.5018073333333337	2.792126333333333	5.728487333333333	1.7134136666666666
3.4817776666666664	3.725635000000001	4.000188666666666	10.836827333333332	2.739644	1.7307393333333332	9.522047666666666	10.305294	1.505973	2.073754666666667	4.436615333333333	10.416745	6.313611333333332	3.228719	0.60588	1.6389716666666665	1.1711806666666666	3.3042773333333333	3.146141666666666	2.114756	8.523747333333333	10.237068666666667	12.700054333333332	9.198078666666667	4.331512666666667	0.8218696666666667	1.0916423333333334	5.544201	6.2631853333333325	6.201078666666666	2.7244386666666665	0.1457623333333333	9.897038333333333	8.340496	15.202424333333331	2.291532666666667	2.979238333333333	2.4931503333333334	2.677141	5.583159666666667	1.674815333333333
3.4457703333333334	3.885464	4.104438666666667	10.594473333333331	2.6984919999999994	1.716075	9.366039666666666	10.223270333333332	1.4129453333333333	1.9786966666666663	4.747876	10.233013999999995	6.366574666666667	3.095141	0.5630183333333334	1.6191243333333332	1.139343	2.9008246666666664	2.896408333333333	2.219551333333333	8.281657333333333	9.691936333333333	12.454533666666666	8.802655999999999	4.029407333333333	0.7381936666666666	1.0544363333333333	5.337270999999999	6.432803333333333	5.971739666666667	2.598419333333333	0.1299623333333333	9.395787333333333	8.171484	14.866462333333336	2.22438	2.874119666666666	2.4791739999999995	2.554817666666666	5.472811999999999	1.6363069999999995
3.415281	4.058151333333334	4.196464	10.268055333333333	2.653114	1.6946409999999998	9.160498666666667	10.095474	1.3221326666666668	1.8686293333333333	5.030311333333334	10.007408333333332	6.391916999999999	2.994396333333333	0.5264469999999999	1.5974833333333331	1.098234333333333	2.521205333333333	2.6560569999999992	2.3217856666666665	8.052620333333333	9.165129666666664	12.104212	8.451472333333333	3.7483183333333336	0.6664246666666667	1.0229486666666667	5.135136666666666	6.581984	5.725941	2.464511333333333	0.1167303333333333	8.846639	7.972596666666666	14.474018666666668	2.1513896666666663	2.772678333333333	2.459723666666666	2.4267033333333337	5.403483999999999	1.5993529999999998
3.386353333333333	4.246290666666667	4.270987	9.853414	2.603713999999999	1.6687773333333331	8.909367999999999	9.917085333333334	1.2367103333333334	1.7436409999999998	5.281244000000001	9.742240333333331	6.393433	2.9320753333333327	0.4958339999999999	1.573225	1.0522986666666665	2.1870466666666664	2.432845	2.420417333333333	7.827962666666667	8.662212333333333	11.652518999999998	8.135092	3.489645	0.6090639999999999	0.995218	4.940972	6.712598333333333	5.479186333333334	2.323647	0.105602	8.258576666666666	7.743274999999999	14.033159	2.0795116666666664	2.6769669999999994	2.4341736666666662	2.29403	5.380738000000001	1.5664676666666666
3.357222	4.450614	4.324471666666666	9.355704333333334	2.5501983333333333	1.6424839999999998	8.618087333333333	9.685853333333332	1.1564893333333333	1.6071706666666667	5.499715	9.440822	6.372792333333334	2.908701	0.4707003333333333	1.546185333333333	1.0092436666666664	1.910806	2.231857666666666	2.5141176666666665	7.599816666666666	8.187702999999999	11.116209	7.845153333333332	3.2548570000000003	0.5660719999999999	0.96955	4.756516333333333	6.822917666666667	5.245478333333334	2.173944333333333	0.0962946666666666	7.646475	7.486050333333333	13.553551666666666	2.015157666666666	2.588170333333333	2.402422333333333	2.158621	5.407279333333332	1.539976333333333
3.328165333333333	4.670056	4.354934333333333	8.788887333333333	2.492464	1.6199746666666666	8.292793333333334	9.403749333333332	1.0802486666666666	1.4650043333333336	5.685921333333333	9.107045666666666	6.330894333333333	2.920010333333333	0.4505223333333333	1.5168106666666663	0.9760733333333332	1.696899333333333	2.0548726666666663	2.6013276666666663	7.365491666666666	7.745672999999999	10.520779333333332	7.575833666666667	3.045542333333333	0.5358946666666666	0.9448006666666666	4.582165	6.908788333333333	5.035875333333333	2.012665	0.0886773333333333	7.028897333333333	7.206191666666665	13.044735333333334	1.9618843333333331	2.506576333333333	2.3652929999999994	2.0229786666666665	5.483025333333333	1.5213423333333334
3.302	4.901289333333333	4.362245	8.178553666666666	2.4306576666666664	1.604178333333333	7.939804666666666	9.079879666666663	1.0077196666666666	1.3251573333333333	5.841177999999999	8.745517666666668	6.26861	2.955595333333333	0.4348173333333333	1.486184333333333	0.9551853333333332	1.5398486666666669	1.898673	2.68028	7.133849	7.339608999999999	9.898951333333333	7.325735999999999	2.8636583333333334	0.515849	0.9207546666666666	4.416570333333333	6.963706666666666	4.855940666666666	1.8381346666666665	0.082767	6.427039999999999	6.912275	12.514245333333331	1.9172953333333331	2.4312336666666665	2.3252486666666665	1.8905129999999997	5.604282666666666	1.510312
3.2820443333333333	5.140472666666667	4.346972666666666	7.555478333333332	2.364889666666666	1.5961776666666667	7.565107666666666	8.725186666666666	0.939594	1.1957343333333332	5.966648666666666	8.362347333333332	6.186792999999999	3.0030299999999994	0.423158	1.4552953333333332	0.9466586666666666	1.4293323333333334	1.7581883333333332	2.749232	6.919673999999999	6.971058666666666	9.283018333333333	7.094988666666667	2.7116363333333333	0.5030319999999999	0.8976856666666666	4.257727	6.979499666666666	4.706914	1.6518756666666667	0.078618	5.860607333333332	6.6129723333333335	11.967541999999998	1.8758803333333331	2.3605783333333337	2.2855976666666664	1.7646693333333334	5.766648666666667	1.505821
3.270078333333333	5.384721999999999	4.309574666666665	6.950878666666667	2.294897333333333	1.593937333333333	7.173833666666666	8.347802333333334	0.8776753333333334	1.0827926666666663	6.0619863333333335	7.966588333333333	6.086202666666666	3.051195666666666	0.4151983333333333	1.4242296666666665	0.9498116666666668	1.353147	1.6288936666666662	2.806753333333333	6.739448666666667	6.637382333333334	8.697042333333332	6.882744666666667	2.5924973333333328	0.4950196666666667	0.876038	4.103800666666666	6.946426	4.585133	1.4619209999999996	0.0762066666666666	5.343039666666666	6.313833	11.407312999999998	1.8309666666666664	2.292794	2.250093333333333	1.6480363333333332	5.967513	1.5066229999999998
3.2648716666666666	5.631722333333333	4.250567666666666	6.390355333333334	2.2201396666666664	1.5935926666666664	6.770911666666667	7.952872333333333	0.8239916666666667	0.990097	6.124992	7.568767666666666	5.967878333333333	3.0911766666666662	0.4106193333333333	1.3924339999999995	0.9634796666666668	1.299860333333333	1.5074383333333332	2.8517619999999995	6.603807000000001	6.3329526666666665	8.155902666666666	6.685898666666667	2.508043	0.4899766666666666	0.855914	3.953649333333333	6.855714	4.484222	1.2801676666666666	0.0754716666666666	4.881773333333333	6.017027666666667	10.835285	1.7778376666666666	2.2262453333333334	2.222772333333333	1.5423186666666668	6.2056640000000005	1.511634333333333
3.259929	5.879443666666665	4.1708316666666665	5.885947333333333	2.139862	1.5901203333333331	6.361676666666667	7.541897	0.7799556666666667	0.918022	6.150675	7.179837666666666	5.8337173333333325	3.1178213333333327	0.4090986666666666	1.358793	0.985736	1.261437	1.3924929999999995	2.8837493333333333	6.508412333333333	6.049342	7.661055333333333	6.4972900000000005	2.456384333333333	0.4869266666666667	0.8365256666666666	3.807499	6.702829666666666	4.396136	1.1210919999999998	0.0763213333333333	4.4762656666666665	5.720225666666666	10.253677	1.717306	2.1598926666666665	2.2080586666666666	1.4480256666666669	6.481172666666666	1.5202356666666668
3.248002333333333	6.125962666666667	4.071777666666667	5.440641	2.053705333333333	1.579343333333333	5.951679333333334	7.116460999999999	0.74586	0.8648049999999999	6.132980333333333	6.809614666666667	5.6868783333333335	3.128881333333333	0.410431	1.3223896666666666	1.0134880000000002	1.2325929999999998	1.2840926666666663	2.9027816666666664	6.442144	5.777882666666667	7.206316666666667	6.308804	2.432052333333333	0.4855269999999999	0.8171889999999998	3.6661206666666666	6.4886263333333325	4.313109	0.9990776666666668	0.0786679999999999	4.121547	5.4204186666666665	9.665689666666664	1.6529113333333332	2.093041	2.210819333333333	1.365245	6.794581333333333	1.5318203333333331
3.225545666666666	6.369308333333335	3.955701666666666	5.049473333333334	1.9624833333333331	1.5600776666666665	5.5465013333333335	6.681907666666667	0.7200063333333333	0.8269226666666666	6.066198333333333	6.464843333333333	5.532731666666666	3.125303333333333	0.4147086666666666	1.283354	1.0416306666666666	1.2111653333333332	1.1834836666666666	2.9097786666666665	6.393499333333334	5.512174333333334	6.780677333333333	6.114395333333333	2.4249096666666663	0.4860793333333333	0.798376	3.530169	6.222708333333333	4.2296336666666665	0.9257183333333332	0.082432	3.809895333333333	5.117579999999999	9.076310333333332	1.5890413333333335	2.025198666666667	2.236584333333333	1.294234	7.146173	1.5453813333333335
3.193063333333333	6.606687666666666	3.825518	4.703848	1.8678876666666664	1.5326493333333333	5.151352666666668	6.245785333333332	0.6995493333333332	0.8005913333333333	5.945903	6.149953	5.378190999999999	3.109328	0.4222236666666666	1.2429343333333334	1.0643486666666666	1.196593	1.0921823333333331	2.906268666666666	6.356209000000001	5.248961	6.373765666666666	5.911616	2.423329	0.4890863333333332	0.7814203333333332	3.399909666666667	5.920474999999999	4.142424666666667	0.908648	0.0875259999999999	3.533437333333333	4.814521666666666	8.491988	1.5298996666666664	1.9559596666666663	2.2908326666666663	1.2356469999999995	7.534800333333333	1.559881
3.156505666666666	6.833385	3.684658666666666	4.393808666666667	1.7724326666666663	1.4978836666666664	4.770478333333334	5.816793	0.6810346666666667	0.783012	5.770521666666666	5.867015333333334	5.231525333333333	3.0832023333333334	0.4334506666666666	1.2038563333333334	1.0762503333333333	1.1892033333333332	1.011191333333333	2.8944326666666664	6.335719	4.989932	5.980937999999999	5.704105	2.416822666666667	0.4948963333333333	0.7684033333333333	3.274881333333333	5.602268333333333	4.051150333333333	0.9486543333333332	0.0937906666666666	3.2862726666666666	4.517534666666667	7.920669333333334	1.478357	1.884966666666667	2.378115	1.190760333333333	7.956188333333333	1.5747073333333337
3.123015666666667	7.0433623333333335	3.53637	4.109268999999999	1.678488333333333	1.4567623333333333	4.406907	5.4028393333333335	0.6617163333333334	0.7721153333333333	5.541849666666666	5.617187666666666	5.100248333333334	3.0486123333333333	0.448832	1.168901	1.0731206666666666	1.1896183333333334	0.9410163333333332	2.876833333333333	6.340865999999999	4.738315999999999	5.600904333333334	5.496905	2.396843333333333	0.5036093333333332	0.7612033333333332	3.154259666666667	5.288181666666665	3.956904	1.0407996666666666	0.100908	3.0634153333333334	4.233544333333333	7.369220333333334	1.4339506666666666	1.812045	2.5012046666666667	1.1606523333333332	8.404404666666666	1.5898120000000002
3.097033	7.229486	3.3829596666666664	3.841008	1.5872796666666664	1.4104249999999998	4.0617426666666665	5.008795666666666	0.64109	0.7665013333333333	5.267041	5.401558666666667	4.988750666666666	3.0060143333333333	0.4685893333333333	1.1394926666666667	1.0533686666666666	1.1984273333333333	0.8814893333333332	2.856375333333333	6.376309999999999	4.496040333333333	5.234291	5.292240333333334	2.358468333333333	0.5149266666666666	0.7604256666666667	3.0370863333333333	4.992804666666666	3.861292	1.1731363333333331	0.1082306666666666	2.860007	3.9674706666666655	6.840521666666667	1.389787	1.7374040000000002	2.659507	1.1452559999999998	8.87279	1.6059976666666669
3.0797746666666668	7.384837333333333	3.2264266666666663	3.5816483333333338	1.4992439999999998	1.361258	3.7350753333333335	4.636144333333332	0.6199003333333333	0.7652046666666666	4.956940666666666	5.220285333333333	4.898890333333333	2.954860666666667	0.4928266666666667	1.115974	1.0193806666666665	1.216152	0.8318736666666666	2.836266	6.441007333333333	4.263524333333333	4.881757666666667	5.089710333333333	2.301242333333333	0.5284046666666666	0.7654716666666666	2.922271	4.724894666666667	3.765842333333333	1.3299173333333334	0.1150063333333333	2.6715850000000003	3.721198	6.335420333333333	1.337212	1.6614516666666663	2.8501173333333334	1.1437896666666667	9.35528	1.6239993333333331
3.0679226666666666	7.504166333333333	3.0690093333333333	3.327455333333334	1.4141850000000002	1.3143693333333335	3.426519666666666	4.281621666666666	0.599523	0.7676963333333333	4.625849999999999	5.071214666666666	4.829755666666667	2.893436666666666	0.5216243333333334	1.097575	0.980262	1.2432353333333332	0.7907103333333333	2.8201603333333334	6.525769	4.039215666666666	4.542461333333333	4.885916333333333	2.231807	0.5436686666666666	0.7742196666666666	2.80853	4.484988333333333	3.6715176666666665	1.493291	0.1205553333333333	2.4947316666666666	3.4917273333333334	5.854171666666667	1.270217	1.5846556666666665	3.0679063333333327	1.1549476666666665	9.847837666666669	1.643553333333333
3.0574820000000003	7.584023666666666	2.9135776666666664	3.077534	1.3320066666666666	1.275510666666667	3.135943	3.9412626666666655	0.5809273333333334	0.7737696666666667	4.288786	4.950577666666666	4.779039666666666	2.8194456666666667	0.555137	1.0832076666666666	0.9471486666666666	1.2802033333333334	0.7562053333333333	2.812156	6.622293999999999	3.82106	4.214744	4.6769126666666665	2.1600296666666665	0.5604239999999999	0.7841436666666666	2.694594333333333	4.269128999999999	3.578867333333333	1.6466286666666667	0.1244323333333333	2.3273316666666664	3.274395333333333	5.397954	1.187804	1.5074593333333333	3.306509666666667	1.177425333333333	10.348041333333333	1.663619
3.047231333333333	7.623475333333332	2.7641496666666665	2.8341226666666666	1.2533923333333332	1.249005333333333	2.8641956666666664	3.614207	0.5636356666666666	0.7835646666666666	3.959011	4.8531993333333325	4.743869666666667	2.7303706666666665	0.5936870000000001	1.0721416666666668	0.9290166666666668	1.3278816666666666	0.7264869999999999	2.8168903333333333	6.732222666666667	3.607893	3.896856	4.460599333333333	2.096236333333333	0.5785179999999999	0.793295	2.579471666666666	4.070683333333333	3.487997333333333	1.7782473333333333	0.1266479999999999	2.169417	3.065595	4.9704266666666665	1.0977446666666666	1.4301896666666665	3.5586766666666665	1.2104133333333331	10.854974333333333	1.6824053333333333
3.0375586666666665	7.622107666666666	2.625236	2.6004886666666667	1.1791893333333334	1.236878	2.6126656666666666	3.3023236666666667	0.5464263333333333	0.7972466666666665	3.646844	4.773874666666667	4.721765333333332	2.623914333333333	0.6374389999999999	1.0643456666666666	0.9307333333333332	1.3874613333333332	0.699896	2.838671666666667	6.861417333333333	3.4004486666666667	3.588621333333333	4.238365666666666	2.048423	0.5977996666666666	0.8004996666666666	2.462558666666667	3.8826843333333327	3.3983233333333334	1.8809546666666663	0.1275193333333333	2.0227036666666667	2.863520333333333	4.575714	1.010867	1.3530946666666666	3.816910333333333	1.253779	11.366477333333332	1.6979313333333337
3.0296633333333327	7.578410333333333	2.501235666666666	2.379342333333333	1.1098066666666666	1.237229333333333	2.3829246666666664	3.010546	0.5279813333333333	0.814696	3.357387333333333	4.708722333333332	4.711507666666666	2.498618666666666	0.68601	1.060964	0.949863	1.460608	0.6753379999999999	2.880397	7.014996	3.202866	3.293608666666666	4.017604	2.018982333333333	0.6180463333333333	0.80579	2.3439336666666666	3.699708999999999	3.308041666666666	1.9533133333333328	0.1275933333333333	1.890723	2.6695269999999995	4.216263666666666	0.9362643333333333	1.276355333333333	4.073920666666666	1.308395	11.875968666666664	1.7084823333333334
3.025202	7.490599666666666	2.3957376666666663	2.172395333333333	1.04527	1.246131	2.175961333333333	2.7445566666666665	0.5081396666666667	0.8355596666666666	3.092323	4.655007	4.711294	2.3544586666666665	0.7386506666666666	1.063145	0.98009	1.5485956666666665	0.6521406666666666	2.943448333333333	7.194751999999999	3.019911	3.016766666666667	3.806447333333333	2.007602	0.6389436666666666	0.8095753333333333	2.2241730000000004	3.517894	3.214747333333333	1.997404	0.1273886666666666	1.7771676666666667	2.4874306666666666	3.891693	0.879242	1.200174	4.322690333333333	1.375119	12.374332333333331	1.7125076666666663
3.02625	7.357762333333333	2.310484666666667	1.979749	0.9851883333333332	1.2589259999999998	1.991192	2.5088326666666667	0.4894443333333333	0.859246	2.850245666666666	4.611434	4.716498	2.194154	0.7943326666666666	1.0708426666666666	1.0133403333333333	1.6512153333333333	0.6300746666666666	3.0269893333333333	7.395891000000001	2.8543546666666666	2.762488	3.608599	2.0130790000000003	0.6601053333333333	0.8120766666666668	2.1044146666666665	3.33542	3.115899333333333	2.018150333333333	0.1271103333333333	1.6843	2.323614	3.596809	0.8384999999999999	1.124862	4.556640666666667	1.4537046666666666	12.851204666666664	1.7085726666666663
3.034890333333333	7.181032666666666	2.245877	1.8007743333333333	0.9290893333333332	1.2725756666666663	1.826873	2.306309	0.4749923333333333	0.8852063333333332	2.6280136666666665	4.577947333333333	4.719683999999999	2.023039333333333	0.8520553333333333	1.0830826666666666	1.0427996666666666	1.7668613333333334	0.6091933333333333	3.128678	7.61055	2.7069996666666665	2.5340236666666667	3.4236663333333333	2.032964333333333	0.681109	0.8137659999999999	1.9861776666666664	3.1516913333333334	3.0095856666666663	2.0214056666666664	0.1267136666666666	1.6131216666666668	2.1838116666666663	3.325010666666667	0.8109863333333334	1.0508579999999998	4.769746	1.5429266666666668	13.297825	1.695592
3.0525763333333327	6.965564333333334	2.200969333333333	1.6347896666666668	0.8767093333333333	1.2883336666666665	1.6801446666666666	2.137521	0.466364	0.9132533333333334	2.421207	4.55617	4.709682333333333	1.849870333333333	0.9111673333333332	1.098064	1.066055	1.8921266666666663	0.5898136666666666	3.2447263333333334	7.829980666666667	2.576294	2.3326796666666665	3.2466106666666663	2.062307666666667	0.7015663333333333	0.8160243333333334	1.871399	2.9670426666666665	2.895531333333333	2.0126093333333333	0.1258803333333333	1.5631989999999996	2.069627333333333	3.0713213333333327	0.7961463333333333	0.9787766666666664	4.956972333333334	1.6404439999999998	13.710275	1.6732376666666664
3.078518	6.7186053333333335	2.174522	1.4815633333333331	0.8280839999999998	1.308965	1.547994333333333	2.000982666666667	0.4634273333333333	0.9435596666666668	2.225347	4.548995	4.673714333333334	1.684270333333333	0.971237	1.11439	1.0828433333333332	2.0229076666666668	0.5723903333333332	3.370640333333333	8.044067	2.4605696666666663	2.1587393333333336	3.0728066666666662	2.093876666666666	0.7210423333333333	0.8207803333333333	1.7621699999999998	2.782417333333333	2.774726	1.9963246666666663	0.1242556666666666	1.5340189999999998	1.979035333333333	2.833508333333333	0.7958339999999999	0.909347	5.114653333333333	1.7439953333333331	14.087300333333337	1.6419133333333331
3.107205333333333	6.448343666666666	2.165877	1.3418956666666664	0.7836873333333333	1.3363126666666665	1.4281239999999995	1.8926433333333332	0.4636983333333333	0.976768	2.0370576666666667	4.560749333333332	4.599179	1.5344153333333332	1.031998	1.1324223333333332	1.093589666666667	2.155156333333333	0.5574496666666666	3.501588	8.239987000000001	2.3602173333333334	2.011959666666667	2.903201333333333	2.1179046666666665	0.7390286666666666	0.8302493333333333	1.6605636666666668	2.5993383333333333	2.6495126666666664	1.9754396666666665	0.1216423333333333	1.526209666666667	1.905748	2.6137999999999995	0.8145603333333333	0.8433923333333333	5.241381666666666	1.8525606666666663	14.42887033333333	1.6029886666666668
3.1307119999999995	6.162475333333333	2.175172	1.21665	0.7440226666666665	1.370504	1.3189159999999998	1.8065056666666663	0.4639913333333332	1.0136113333333332	1.854615333333333	4.596439999999999	4.476555	1.4061563333333331	1.0931163333333331	1.1535006666666665	1.099208	2.285026333333333	0.5454853333333333	3.632674	8.403739999999999	2.2771023333333327	1.8917016666666664	2.742738666666666	2.1263943333333333	0.754949	0.8457683333333333	1.568408	2.419602	2.5226866666666665	1.950953	0.1180029999999999	1.541081333333333	1.842083666666667	2.4153156666666664	0.8563240000000001	0.7817349999999998	5.336776999999999	1.9657993333333328	14.734192	1.5583800000000003
3.140438333333333	5.866792	2.2037663333333333	1.1058313333333334	0.709188	1.4088366666666663	1.219585666666667	1.7346226666666666	0.4618193333333333	1.0545463333333331	1.6790596666666668	4.661188999999999	4.303696666666666	1.301297333333333	1.1539626666666667	1.1793893333333332	1.1014233333333332	2.408935666666667	0.536839	3.7591646666666665	8.521531333333332	2.2143166666666665	1.7967669999999998	2.599753	2.1183176666666665	0.7682213333333332	0.8663343333333332	1.4869716666666666	2.245061333333333	2.3968126666666665	1.9209206666666665	0.1134969999999999	1.5802126666666665	1.7814206666666663	2.238764666666666	0.9212676666666666	0.7250726666666667	5.400588	2.083585	14.999614333333334	1.5102893333333334
3.1303476666666663	5.565622333333333	2.253687	1.0087453333333334	0.6788123333333332	1.4480456666666668	1.1297316666666664	1.669830666666667	0.4557436666666666	1.0996616666666663	1.5128819999999998	4.758839999999999	4.084835333333333	1.218829333333333	1.2136473333333333	1.2113196666666668	1.1026966666666664	2.523373	0.5317373333333334	3.8767226666666654	8.582048999999998	2.1745826666666668	1.7252466666666666	2.481826666666666	2.0983546666666664	0.7782	0.889478	1.416905	2.077530666666666	2.2739786666666664	1.8813166666666667	0.1084033333333333	1.6445803333333333	1.7201366666666666	2.082808	1.006630666666667	0.6738713333333333	5.432094333333334	2.2052326666666664	15.219659	1.4606833333333331
3.1012226666666667	5.261827666666666	2.32724	0.924031	0.6518459999999999	1.486414	1.0490123333333332	1.608903	0.446002	1.1484323333333333	1.359215	4.8899436666666665	3.832166	1.1550453333333333	1.2709823333333334	1.2488456666666667	1.106348	2.624725333333333	0.5302703333333333	3.9818306666666654	8.580110333333334	2.158551666666667	1.6740843333333333	2.391376333333333	2.0772276666666665	0.7841813333333334	0.9117393333333332	1.357947	1.9186326666666664	2.1554196666666665	1.8260806666666665	0.1030916666666666	1.7333976666666664	1.660428	1.943887	1.1066393333333333	0.6281270000000001	5.429418999999999	2.328532	15.387529333333331	1.4106233333333331
3.059236333333333	4.957728666666666	2.4262973333333333	0.8501153333333333	0.627037	1.5237823333333331	0.976821	1.5522376666666666	0.4336536666666666	1.199909	1.2207536666666667	5.051773	3.562592333333333	1.1053866666666663	1.3246413333333331	1.290212666666667	1.1150423333333332	2.7096379999999995	0.5323640000000001	4.071667	8.517719	2.1650633333333333	1.6395853333333332	2.3260636666666668	2.0650673333333334	0.7855936666666664	0.9299266666666666	1.3091156666666666	1.769777333333333	2.0417956666666663	1.7487653333333333	0.0979546666666666	1.844357	1.60697	1.817715	1.2132429999999998	0.5874429999999999	5.390295	2.450241333333333	15.496771333333337	1.3602340000000002
3.016371999999999	4.655769333333333	2.551357666666667	0.785666	0.6033339999999999	1.5619966666666665	0.911915	1.5046466666666665	0.4200426666666667	1.25272	1.0985893333333332	5.237089333333333	3.296275333333333	1.0657693333333331	1.373271666666667	1.332365	1.129089	2.775535333333333	0.537696	4.144280333333333	8.407815333333334	2.190999	1.6177883333333332	2.277997666666667	2.0646946666666666	0.7823243333333332	0.9424833333333332	1.2686546666666667	1.6320019999999995	1.9332566666666664	1.6442216666666662	0.0933823333333333	1.973376	1.564381	1.700532	1.3163066666666667	0.5509436666666665	5.312777	2.566302666666666	15.542986666666666	1.308325
2.9858546666666665	4.358505	2.701763666666667	0.7298936666666667	0.580023	1.603718	0.8530023333333333	1.4716446666666665	0.4064983333333333	1.305449	0.9926693333333332	5.436340333333333	3.05196	1.032701	1.4156433333333331	1.3726286666666667	1.1474883333333332	2.820996666666667	0.545849	4.198221666666667	8.267972666666667	2.2337386666666665	1.6054016666666664	2.2397316666666667	2.073529	0.7745966666666666	0.949278	1.2346039999999998	1.5060053333333334	1.829764333333333	1.5104996666666664	0.0898453333333333	2.116207333333333	1.5359036666666666	1.5904403333333337	1.408636	0.5176716666666666	5.196224333333333	2.6731013333333333	15.523417	1.2533329999999998
2.977829666666666	4.068596666666667	2.8753386666666665	0.6830523333333333	0.5569433333333332	1.6515456666666668	0.7993126666666666	1.455883	0.394121	1.3569723333333332	0.901858	5.639012666666667	2.8417513333333333	1.0034936666666665	1.4508496666666668	1.410447	1.168680333333333	2.846501	0.5564706666666667	4.232402	8.115346333333333	2.2937509999999994	1.6009833333333332	2.2102626666666665	2.084191666666667	0.7630243333333333	0.9518743333333334	1.205311	1.3919979999999998	1.7313329999999998	1.3521136666666669	0.0880256666666666	2.2698653333333336	1.5217466666666666	1.489231	1.4922813333333331	0.486942	5.042704666666666	2.768809333333333	15.437176333333332	1.194135333333333
2.9962353333333334	3.7888606666666655	3.068345	0.6455676666666667	0.5342786666666666	1.7072103333333333	0.7504636666666666	1.4562049999999995	0.3840146666666666	1.406536	0.8247503333333333	5.835558333333333	2.6714506666666664	0.9762216666666668	1.4782983333333333	1.446403	1.1914043333333333	2.8533279999999994	0.5694276666666667	4.245862	7.960512999999999	2.3731533333333337	1.604175	2.1921863333333333	2.090157333333333	0.7482873333333333	0.952082	1.1795723333333334	1.2898386666666666	1.638142	1.1784516666666665	0.08866	2.431975333333333	1.5197613333333333	1.399826	1.5757733333333332	0.4583603333333332	4.855909666666666	2.852462333333333	15.284976666666669	1.13055
3.033745	3.522332333333333	3.274650666666667	0.6172296666666667	0.5124463333333332	1.770503333333333	0.7064090000000001	1.465742	0.3774926666666666	1.4539216666666666	0.7602933333333333	6.019600333333334	2.5385413333333333	0.9499673333333332	1.4978236666666664	1.4815349999999998	1.2155139999999998	2.842718	0.5850676666666665	4.237582	7.799329666666667	2.474667666666667	1.615311	2.1897226666666665	2.091268	0.7309076666666667	0.9507656666666666	1.1569443333333334	1.1989953333333332	1.5506836666666666	1.0038716666666665	0.0923993333333333	2.6001716666666668	1.5253523333333332	1.3239626666666666	1.6733106666666664	0.4319246666666666	4.640661	2.923267333333333	15.069578666666668	1.0641143333333334
3.078389	3.271601666666667	3.4862623333333334	0.597028	0.4918539999999999	1.8399286666666663	0.6670686666666666	1.4768976666666669	0.3757096666666665	1.499128	0.7078023333333333	6.187250666666666	2.4355906666666667	0.9243456666666666	1.5094149999999995	1.5165776666666666	1.240554	2.8155019999999995	0.6041979999999999	4.206194	7.620201333333332	2.6002563333333333	1.634783333333333	2.2061433333333333	2.089933	0.711255	0.9484433333333332	1.1373973333333331	1.118705	1.469432	0.8433579999999999	0.0996943333333333	2.7716426666666663	1.5339766666666668	1.2614783333333333	1.7986003333333334	0.4077916666666666	4.402328666666667	2.980241999999999	14.794626333333332	0.9973496666666668
3.1187256666666667	3.0379766666666663	3.693149	0.5827686666666666	0.4726699999999999	1.912846	0.6319649999999999	1.4860286666666669	0.379193	1.5421066666666663	0.6669926666666667	6.337207	2.351646	0.899215	1.5130373333333331	1.551169	1.2642529999999996	2.7716366666666667	0.6281926666666666	4.149628666666667	7.409076333333333	2.749487	1.6624923333333332	2.241018	2.0879483333333333	0.6895626666666667	0.945924	1.1211463333333334	1.0480143333333332	1.3945193333333332	0.7083736666666666	0.1106346666666666	2.942553	1.5435163333333333	1.209059333333333	1.9586436666666664	0.3860936666666666	4.146580999999999	3.021884	14.464	0.933272
3.146837333333333	2.822055	3.885077	0.5716266666666666	0.4549916666666667	1.985912	0.6003933333333333	1.492319333333333	0.3879829999999999	1.5827323333333332	0.637498	6.468384666666666	2.2756323333333333	0.874584	1.5086993333333334	1.5841386666666666	1.2834393333333332	2.7105403333333333	0.6582763333333334	4.065808666666666	7.155159333333333	2.9195316666666664	1.6977393333333333	2.2905016666666667	2.086086666666666	0.6660406666666665	0.9443263333333334	1.1082359999999998	0.9859223333333332	1.325924	0.605992	0.1251026666666666	3.108569	1.553264	1.162086333333333	2.1543946666666667	0.3667816666666667	3.879372333333333	3.0466023333333334	14.08228	0.8742156666666667
3.162217333333333	2.624049333333333	4.053416	0.560557	0.4389816666666666	2.0552036666666664	0.5715416666666666	1.4973223333333334	0.4014799999999999	1.6207563333333332	0.6183553333333334	6.577886666666666	2.199461666666666	0.850568	1.496584333333333	1.6136056666666667	1.2948736666666665	2.6312800000000003	0.6947533333333333	3.953460333333333	6.8574280000000005	3.104347	1.738966	2.346693333333333	2.083669	0.641002	0.945122	1.098153333333333	0.931498	1.263655	0.536488	0.1428806666666666	3.265298666666667	1.5631659999999998	1.116073333333333	2.379838	0.3494393333333332	3.607008	3.053173	13.655647666666663	0.8204876666666666
3.168916666666667	2.4441103333333336	4.191783666666667	0.547171	0.4248166666666667	2.1169416666666665	0.5447733333333333	1.5029750000000002	0.4179996666666666	1.6559226666666669	0.6082756666666667	6.662472333333333	2.117630333333333	0.8274546666666668	1.4770916666666667	1.6380563333333331	1.2963376666666666	2.533395333333333	0.7372283333333334	3.8125876666666665	6.522269666666666	3.296841	1.784485	2.401735	2.0793716666666664	0.6148053333333332	0.9493623333333332	1.0902716666666667	0.883906	1.2078523333333333	0.4961773333333333	0.1637256666666666	3.409262	1.572655	1.068039	2.628863333333333	0.3335953333333333	3.3357736666666664	3.041166333333333	13.191552666666668	0.7716416666666667
3.174056	2.282438	4.297465	0.530867	0.4125986666666666	2.168318	0.5199236666666667	1.5098096666666667	0.4339626666666666	1.688055	0.605833	6.720144999999999	2.027731333333333	0.8057583333333332	1.450948333333333	1.6575516666666668	1.288233333333333	2.417904	0.7846326666666666	3.645480666666667	6.163410666666667	3.490613	1.833173333333333	2.451972333333333	2.071965666666667	0.5878253333333334	0.9567599999999998	1.0843096666666667	0.8424870000000001	1.1589106666666666	0.4786413333333333	0.1874393333333333	3.539173666666667	1.579406	1.0182676666666666	2.9017223333333333	0.3190389999999999	3.071438666666667	3.0116476666666667	12.698673	0.7275473333333332
3.182919333333333	2.1385446666666663	4.370053	0.512234	0.4022326666666667	2.207751666666667	0.4970236666666666	1.516333	0.4455873333333333	1.7169493333333334	0.6097473333333334	6.750264999999999	1.9294386666666663	0.7859316666666667	1.4189656666666666	1.6731923333333334	1.2735729999999998	2.2871503333333334	0.8357803333333333	3.4561593333333334	5.794785666666667	3.680314	1.8844546666666664	2.4972476666666665	2.0620506666666665	0.5603549999999999	0.9660036666666668	1.0802973333333332	0.8066456666666667	1.117098666666667	0.4769073333333333	0.2137616666666666	3.65508	1.580342	0.9686383333333334	3.2015899999999995	0.3057423333333333	2.8189836666666666	2.9666626666666667	12.184907666666668	0.6886646666666667
3.1940060000000003	2.010178666666666	4.410969000000001	0.492869	0.3932496666666666	2.2356216666666664	0.4760423333333333	1.5180246666666666	0.4506486666666666	1.7422053333333334	0.6192163333333334	6.753977999999999	1.8244513333333328	0.7679786666666666	1.3818133333333331	1.6868229999999995	1.258823	2.1450676666666664	0.8898323333333333	3.2505153333333325	5.4241166666666665	3.862208	1.938416	2.541129333333333	2.0542993333333333	0.5325136666666667	0.9748103333333332	1.0786203333333333	0.7757953333333333	1.0821093333333334	0.4851109999999999	0.2422373333333333	3.7578493333333336	1.5726416666666667	0.9214543333333332	3.531595	0.2938539999999999	2.581901	2.9090056666666664	11.655029333333331	0.6563833333333332
3.204362333333333	1.8940656666666664	4.422113	0.4745666666666667	0.3850736666666666	2.2534256666666663	0.456756	1.5111106666666667	0.4488116666666666	1.7631406666666667	0.633934	6.732531999999999	1.7152330000000002	0.7515193333333332	1.3400013333333334	1.6998286666666664	1.2505863333333331	1.99612	0.9459606666666668	3.035231	5.056908999999999	4.033165	1.995149	2.5873153333333327	2.0545246666666666	0.504478	0.980813	1.0796696666666667	0.7492843333333333	1.053088	0.4983056666666666	0.2721896666666666	3.847782333333333	1.5557046666666667	0.8784956666666666	3.892886	0.2834843333333333	2.362236	2.8413146666666664	11.111438	0.6321683333333334
3.214830333333333	1.7863363333333333	4.40484	0.458648	0.377262	2.263479	0.4385769999999999	1.4967296666666667	0.4425586666666666	1.7786173333333333	0.6542643333333333	6.685624	1.604192333333333	0.7357053333333332	1.2938386666666666	1.7118249999999997	1.2522676666666666	1.8444643333333333	1.003007	2.817102	4.700136	4.189883999999999	2.054088333333333	2.6362516666666664	2.0668006666666665	0.4767466666666666	0.982503	1.0835193333333333	0.7263473333333332	1.028513	0.5125829999999999	0.3026423333333333	3.9230553333333336	1.5338789999999998	0.8400129999999999	4.282265	0.2745436666666666	2.160009	2.765136	10.554220666666668	0.6166993333333333
3.230026333333333	1.6836493333333336	4.360040999999999	0.44589	0.3696043333333333	2.268807333333333	0.4208516666666666	1.479794	0.4351876666666667	1.7874686666666668	0.6807406666666665	6.611443	1.4934383333333332	0.71968	1.2437166666666666	1.7216096666666667	1.2637906666666665	1.6938996666666666	1.059562	2.6026906666666667	4.362411999999999	4.328773666666667	2.114028333333333	2.685964666666666	2.0916263333333336	0.450039	0.979566	1.090016	0.7062143333333334	1.0068306666666669	0.5251416666666666	0.3326059999999999	3.980502666666667	1.51412	0.8053159999999999	4.6941896666666665	0.2667929999999999	1.974272	2.681445666666667	9.983591666666666	0.609855
3.2589140000000003	1.5844153333333335	4.288079	0.436301	0.3622783333333333	2.2734886666666667	0.403147	1.468678	0.4291266666666666	1.788934	0.7136563333333333	6.506403333333333	1.3845576666666664	0.7030053333333333	1.1904406666666667	1.7279106666666668	1.280355333333333	1.547761333333333	1.1140466666666666	2.3979296666666667	4.054068333333333	4.4458866666666665	2.172947	2.732345333333333	2.123152	0.4252453333333332	0.9736136666666664	1.098836666666667	0.6882713333333332	0.9871029999999998	0.534906	0.361362	4.016004666666666	1.5041763333333331	0.7731226666666666	5.122446999999999	0.2599336666666666	1.80372	2.5909956666666663	9.402307666666664	0.6104826666666666
3.308920333333333	1.4881773333333332	4.188897333333333	0.4295146666666666	0.3556819999999999	2.282515333333333	0.3852176666666667	1.4702096666666664	0.4254266666666665	1.782738666666667	0.7531433333333333	6.367210999999999	1.2788663333333332	0.6856053333333333	1.1351043333333333	1.730010333333333	1.2958426666666667	1.4091903333333335	1.1651376666666668	2.2078806666666666	3.783551333333333	4.537702666666667	2.228598	2.771293	2.1541870000000003	0.4032466666666667	0.966742	1.1097216666666667	0.672063	0.9689516666666668	0.541907	0.3884123333333333	4.025703333333333	1.5086986666666666	0.7426006666666666	5.564958	0.2537023333333333	1.6471613333333337	2.494779	8.815241333333333	0.6172543333333333
3.3793113333333333	1.3953336666666667	4.0619206666666665	0.425019	0.3503163333333333	2.301927	0.367045	1.4841073333333332	0.4230226666666666	1.7693386666666666	0.7992509999999999	6.193126666666666	1.177582	0.6678186666666667	1.0790793333333333	1.728489333333333	1.3058806666666665	1.2812583333333332	1.2123426666666666	2.0360946666666666	3.5527023333333325	4.602156333333333	2.279011333333333	2.800800333333333	2.180797666666667	0.3847096666666666	0.9603383333333332	1.122714	0.6574000000000001	0.9527343333333332	0.5471790000000001	0.4134836666666666	4.007300333333333	1.524363	0.7145813333333333	6.030279	0.2480529999999999	1.503898	2.394492	8.229618666666667	0.6294319999999999
3.462516	1.3065626666666668	3.9065603333333327	0.4222596666666666	0.3466256666666666	2.3372726666666663	0.3488049999999999	1.505047	0.4205616666666666	1.7496869999999998	0.8521303333333332	5.985802333333334	1.0818543333333333	0.6502746666666667	1.0237973333333332	1.724706	1.3089703333333331	1.166691333333333	1.2558863333333332	1.88484	3.356548666666667	4.638569666666666	2.3226466666666665	2.820661	2.20219	0.3700146666666666	0.955243	1.138016	0.644245	0.9392516666666666	0.5522950000000001	0.4363859999999999	3.960163000000001	1.5437993333333333	0.6912606666666666	6.534799	0.2430389999999999	1.373531	2.2923036666666667	7.653857333333333	0.646691
3.543489333333333	1.2224316666666668	3.722737333333333	0.4206623333333333	0.3448076666666666	2.39172	0.330926	1.5232953333333332	0.418176	1.725174	0.9122596666666668	5.7499883333333335	0.9927273333333332	0.633877	0.9705833333333332	1.7204723333333334	1.3084209999999998	1.0673306666666666	1.2968216666666663	1.7547776666666663	3.180845666666667	4.647986333333333	2.358643333333333	2.8325316666666667	2.221278333333333	0.3590673333333333	0.9518813333333332	1.1558496666666669	0.6326953333333334	0.9296703333333334	0.5591796666666666	0.4569029999999999	3.885972	1.5582969999999998	0.6761366666666666	7.101709333333334	0.2388116666666666	1.2557946666666664	2.190674333333333	7.096867333333333	0.6690073333333333
3.606448	1.143617	3.511206333333333	0.4194573333333332	0.3448889999999999	2.465523333333333	0.3138103333333333	1.529507333333333	0.4171293333333333	1.6972143333333332	0.980409	5.492232666666667	0.9108676666666666	0.6195423333333332	0.9205513333333334	1.7170766666666666	1.3091620000000002	0.9838216666666666	1.3361619999999998	1.6455213333333334	3.008849333333333	4.631491333333333	2.386338666666667	2.8373483333333334	2.241642	0.3515693333333333	0.9506943333333332	1.1762266666666663	0.6228096666666667	0.9251086666666666	0.5695573333333332	0.4747396666666666	3.7873476666666654	1.5609096666666664	0.6714256666666667	7.748872666666665	0.2353963333333333	1.15013	2.0917163333333333	6.5670253333333335	0.6962466666666667
3.6415786666666654	1.0711123333333334	3.2742526666666665	0.4174556666666666	0.3467296666666666	2.554273	0.2975723333333333	1.519699	0.4196173333333334	1.6668289999999997	1.057691333333333	5.2204093333333335	0.8361746666666666	0.6079163333333333	0.8744276666666666	1.7142023333333332	1.3149506666666664	0.9148596666666666	1.374027	1.5557143333333332	2.827684666666667	4.588610333333333	2.4048816666666664	2.8325976666666666	2.2646623333333333	0.347197	0.9525073333333332	1.198651	0.6144693333333334	0.9262203333333332	0.5843053333333332	0.4894543333333333	3.6669013333333336	1.5499776666666665	0.6750623333333334	8.474573666666666	0.2325243333333333	1.0551743333333332	1.9964086666666667	6.070815333333332	0.7277523333333332
3.6468616666666662	1.005549	3.0157886666666665	0.4135576666666667	0.350004	2.6499203333333337	0.282145	1.4957599999999998	0.4267046666666667	1.6346136666666666	1.1451803333333337	4.943004666666667	0.768204	0.5992090000000001	0.8325703333333333	1.7108743333333334	1.326262	0.858317	1.4098796666666664	1.4834406666666669	2.6329613333333333	4.518046999999999	2.413409	2.81445	2.288772333333333	0.3456926666666666	0.9579376666666666	1.2225306666666669	0.6073816666666667	0.9330516666666668	0.6033850000000001	0.500605	3.5273830000000004	1.5281676666666664	0.6829413333333334	9.263204333333332	0.229798	0.9693103333333334	1.905221	5.6121073333333324	0.762778
3.632258666666667	0.9462963333333332	2.742135	0.4073586666666666	0.354089	2.740616333333333	0.2673716666666667	1.4674756666666668	0.4360043333333333	1.6005543333333332	1.243515666666667	4.668685	0.7064813333333333	0.5928610000000001	0.7948676666666666	1.7062396666666668	1.3373826666666662	0.8120646666666665	1.442597	1.426375	2.435812333333333	4.418310666666666	2.411265333333333	2.779634	2.308129333333333	0.346919	0.966619	1.247537	0.6010663333333333	0.9447236666666666	0.6254366666666666	0.507908	3.372014333333333	1.5027293333333336	0.6906423333333331	10.086462333333332	0.2268976666666666	0.8911543333333334	1.8185353333333327	5.190364	0.8008936666666666
3.611581333333333	0.8917043333333333	2.461389333333333	0.3992626666666667	0.3582056666666666	2.814942333333333	0.253206	1.4447086666666666	0.44381	1.5643919999999998	1.35302	4.405329333333333	0.6506829999999999	0.587933	0.7610349999999999	1.6999153333333332	1.340992	0.7743663333333333	1.4709513333333333	1.3821980000000005	2.2521996666666664	4.288704666666667	2.3980993333333336	2.726486333333334	2.317619333333333	0.3506459999999999	0.9771293333333334	1.2736433333333337	0.5950093333333333	0.9599563333333332	0.6485346666666667	0.5112563333333333	3.2045393333333334	1.480670333333333	0.6950379999999999	10.913486333333331	0.2236063333333333	0.8197216666666667	1.7368706666666665	4.802503666666666	0.8418979999999999
3.5957963333333334	0.8390783333333335	2.183393333333333	0.3908933333333333	0.3614963333333333	2.8664386666666664	0.2399573333333333	1.429799	0.4469626666666667	1.5258876666666663	1.4737636666666667	4.158752	0.6008083333333334	0.5833726666666668	0.730859	1.6924283333333334	1.3324053333333332	0.7443299999999998	1.4940486666666666	1.3490056666666668	2.0937633333333334	4.130616	2.374066333333333	2.656442	2.318113	0.3562786666666667	0.9865876666666664	1.3011946666666665	0.5888236666666666	0.9775093333333332	0.6707586666666666	0.5107883333333333	3.0294046666666663	1.464042	0.6961706666666667	11.719432333333334	0.2199416666666666	0.7546889999999999	1.6610293333333332	4.443845666666667	0.8857986666666666
3.591763333333333	0.7859866666666666	1.918	0.3845393333333333	0.3633056666666667	2.893498666666667	0.2280913333333333	1.4208893333333334	0.4436876666666667	1.4849686666666664	1.6060663333333334	3.9331846666666666	0.556952	0.5784239999999999	0.7042503333333333	1.6848196666666664	1.3105726666666666	0.7214973333333333	1.5114909999999997	1.325326	1.9662226666666665	3.947251	2.339681333333333	2.572808333333333	2.3141736666666666	0.3630816666666666	0.9918843333333331	1.3307626666666668	0.5822823333333332	0.9965616666666666	0.6908383333333333	0.5067166666666666	2.851141666666667	1.4523206666666666	0.6957216666666667	12.486104	0.2160433333333333	0.6959716666666667	1.5917026666666667	4.110333666666666	0.93292
3.5999756666666665	0.7316793333333335	1.6732243333333332	0.3827766666666666	0.3635113333333333	2.900987333333333	0.218089	1.4143979999999998	0.434814	1.4419016666666664	1.7510486666666665	3.7311136666666656	0.519075	0.5731099999999999	0.6813243333333333	1.678403	1.280191	0.705616	1.5236973333333332	1.3103030000000002	1.866487	3.744014	2.2958229999999995	2.480128333333333	2.312624333333333	0.37034	0.990971	1.363034333333333	0.5754113333333334	1.0172356666666666	0.7089973333333333	0.4991909999999999	2.673696	1.4442233333333334	0.6959179999999999	13.204045666666667	0.2121773333333333	0.6433826666666665	1.5289786666666667	3.8007806666666655	0.9841433333333331
3.6170886666666666	0.6767019999999999	1.4547633333333332	0.387414	0.3624023333333334	2.8972103333333337	0.2102349999999999	1.4084309999999998	0.422573	1.3971883333333333	1.910066	3.5538466666666664	0.4869669999999999	0.5678826666666666	0.6622763333333332	1.6743359999999998	1.2489773333333334	0.6964226666666665	1.5315686666666668	1.3034173333333334	1.7879926666666666	3.5271979999999994	2.2435526666666665	2.382622	2.3192406666666665	0.3775103333333333	0.9838486666666666	1.3986583333333336	0.5683646666666666	1.0401696666666669	0.726386	0.4883476666666666	2.500069	1.4395666666666669	0.6979173333333334	13.864864333333331	0.2085566666666666	0.5965256666666667	1.472357	3.515691	1.0406179999999998
3.63726	0.6229576666666667	1.264600333333333	0.3981786666666666	0.3606683333333333	2.8921396666666666	0.2043949999999999	1.406437333333333	0.409879	1.351527	2.0842356666666664	3.401426333333333	0.4601576666666666	0.5634006666666667	0.6473083333333333	1.6731373333333333	1.2257146666666667	0.693508	1.536298	1.30437	1.724913333333333	3.303047666666666	2.184029333333333	2.282560666666666	2.334977	0.3843783333333333	0.9741606666666666	1.4380346666666664	0.561341	1.0662853333333333	0.7448213333333333	0.474383	2.3316	1.4413256666666667	0.7000656666666667	14.454439	0.2052069999999999	0.5546406666666667	1.420564333333333	3.256562666666666	1.103530333333333
3.656634666666666	0.5729179999999999	1.102339	0.4135226666666667	0.3591399999999999	2.893932	0.2002096666666666	1.414971	0.3993166666666667	1.305762	2.274738	3.2725729999999995	0.4380866666666666	0.560303	0.6366263333333333	1.6748439999999998	1.2154516666666666	0.6963883333333334	1.5389429999999995	1.3129233333333334	1.6751913333333333	3.0774696666666665	2.118431333333333	2.1808486666666664	2.355734	0.3909559999999999	0.9664983333333332	1.4813910000000003	0.5545019999999999	1.096537	0.7662269999999999	0.4576016666666667	2.168689333333333	1.4546939999999997	0.7002826666666667	14.957089666666668	0.2020113333333333	0.5168213333333332	1.372031	3.0248786666666665	1.1737286666666666
3.678072	0.5290403333333333	0.9655276666666668	0.4310519999999999	0.3585276666666666	2.904993333333333	0.1972553333333332	1.441989	0.3920946666666667	1.2608623333333333	2.483276	3.164009	0.4202476666666667	0.5590090000000001	0.6304836666666667	1.679015	1.2136946666666664	0.7046226666666666	1.5399633333333334	1.328799333333333	1.6440483333333331	2.855631	2.047889333333333	2.0771626666666667	2.370671333333333	0.3974146666666666	0.9639896666666666	1.5287599999999997	0.5478926666666667	1.1317206666666666	0.792144	0.4385179999999999	2.011166	1.4865206666666666	0.6984046666666666	15.359956	0.1987503333333333	0.4821873333333333	1.3252693333333334	2.8211236666666664	1.251233
3.706039666666667	0.492792	0.8510506666666666	0.44856	0.3591653333333333	2.924222	0.1951136666666666	1.4921483333333332	0.3886203333333333	1.217860333333333	2.712512666666667	3.0713276666666665	0.4062639999999999	0.5597323333333334	0.6291653333333334	1.6851549999999995	1.212126	0.7179046666666665	1.539606333333333	1.3515883333333334	1.6364743333333334	2.641973666666667	1.973461666666667	1.9710713333333327	2.368832333333333	0.4039023333333333	0.9680626666666666	1.5801283333333334	0.5414813333333334	1.1724996666666667	0.8236566666666667	0.4177806666666666	1.8589676666666664	1.5413593333333333	0.696075	15.653997666666664	0.1952059999999999	0.4500156666666666	1.2791803333333331	2.6444376666666667	1.3355480000000002
3.741736	0.4633596666666667	0.7560493333333332	0.4650696666666666	0.3605956666666666	2.948047666666667	0.1934616666666666	1.5609176666666664	0.3887653333333334	1.177733	2.9668666666666663	2.989461333333333	0.3960099999999999	0.5624246666666667	0.6329916666666666	1.693094	1.203406	0.7362633333333334	1.5381876666666665	1.3806063333333334	1.6495316666666666	2.4398726666666666	1.896086333333333	1.8630256666666665	2.346123333333333	0.41032	0.97776	1.6355046666666666	0.5351833333333333	1.2193763333333334	0.8611196666666667	0.39615	1.7127653333333337	1.616512333333333	0.6970083333333333	15.836475333333333	0.1912763333333333	0.4199056666666667	1.2334636666666663	2.491766	1.425862
3.782755333333333	0.438596	0.6779036666666667	0.4803759999999999	0.361995	2.9720483333333334	0.191998	1.6380556666666666	0.3922993333333333	1.141249	3.251599333333333	2.913757	0.389528	0.5668363333333334	0.6421113333333334	1.7028046666666663	1.1840493333333335	0.759932	1.5361239999999998	1.4148796666666668	1.6755053333333334	2.2520163333333336	1.816749333333333	1.7543646666666666	2.306851	0.4164413333333333	0.991004	1.694944	0.528898	1.272515	0.9043353333333332	0.374324	1.5736803333333331	1.7037273333333334	0.70503	15.910417666666664	0.1869553333333333	0.391723	1.1882706666666667	2.3588223333333334	1.5216613333333335
3.822036333333333	0.4155636666666666	0.6142106666666666	0.494836	0.3624619999999999	2.991861333333333	0.190422	1.7093826666666665	0.399128	1.1086509999999998	3.572122	2.841147	0.3870023333333333	0.5724966666666667	0.6562476666666666	1.7142503333333337	1.158294333333333	0.789348	1.533904	1.4530306666666666	1.7041946666666663	2.08041	1.736673333333333	1.647538333333333	2.2674276666666664	0.4219529999999999	1.005456	1.7585313333333332	0.522544	1.331438	0.9524776666666668	0.352767	1.4431159999999998	1.7891389999999998	0.7220426666666666	15.886103999999998	0.182358	0.3656139999999999	1.144001	2.2406176666666666	1.623476
3.852107	0.3916483333333333	0.5628993333333332	0.5087796666666666	0.3613473333333333	3.002633666666666	0.188521	1.761955	0.4091886666666666	1.0798763333333332	3.932966333333333	2.769730666666667	0.3886716666666666	0.5789150000000001	0.6748823333333333	1.7273296666666669	1.1343293333333333	0.824989	1.5318866666666666	1.4935330000000002	1.7281733333333331	1.9265493333333328	1.6572496666666667	1.545326333333333	2.2451046666666663	0.4265593333333333	1.0195029999999998	1.826395	0.516072	1.3952526666666665	1.0045829999999998	0.3318093333333333	1.3225483333333332	1.858314333333333	0.7476496666666667	15.774679666666668	0.177642	0.341833	1.1010926666666665	2.1327173333333334	1.732578333333333
3.869192	0.3658040000000001	0.5225110000000001	0.5220216666666666	0.3586403333333333	2.9982516666666665	0.1863403333333333	1.7894233333333331	0.422249	1.0546133333333334	4.336399333333333	2.6987576666666664	0.3947416666666666	0.5857696666666666	0.6973973333333332	1.7418386666666663	1.1215246666666667	0.8672946666666668	1.530020333333333	1.534954333333333	1.7485639999999998	1.7912449999999998	1.5800166666666666	1.4501456666666666	2.246965666666666	0.4300346666666666	1.0333343333333331	1.898704	0.5095006666666667	1.462772	1.0599986666666663	0.3117356666666667	1.213344	1.9011116666666663	0.7779453333333334	15.581871666666666	0.1729706666666666	0.3205863333333333	1.0598313333333331	2.0326983333333333	1.8509483333333328
3.872550333333333	0.338635	0.4921159999999999	0.534177	0.3548576666666667	2.972627666666666	0.184059	1.7902033333333334	0.4379943333333334	1.0326509999999998	4.782757999999999	2.628185666666667	0.405295	0.5930003333333334	0.723393	1.7576103333333333	1.1255433333333331	0.9165473333333334	1.5281483333333332	1.5761740000000002	1.7695249999999998	1.6745853333333334	1.5064766666666665	1.3637139999999996	2.2722943333333334	0.4322216666666666	1.0476573333333332	1.975604	0.5029166666666667	1.5329556666666666	1.1189503333333333	0.292844	1.1166346666666669	1.91255	0.8070796666666668	15.306888999999998	0.1684826666666666	0.3019349999999999	1.020379666666667	1.940224	1.9807766666666669
3.8646556666666663	0.3129746666666667	0.4714616666666666	0.5449916666666667	0.3510719999999999	2.921308	0.1819323333333333	1.767407	0.4559906666666666	1.01418	5.269983333333332	2.5585313333333337	0.4201249999999999	0.6009519999999999	0.7530749999999999	1.7746799999999998	1.1424416666666666	0.9727543333333332	1.5262346666666664	1.616704	1.7936296666666665	1.5755343333333331	1.4378673333333332	1.2864853333333333	2.312978	0.4330043333333332	1.0625143333333331	2.05709	0.4964933333333333	1.6053706666666665	1.1834083333333334	0.275507	1.0330563333333331	1.8955323333333327	0.8282953333333333	14.939852333333333	0.164257	0.2856263333333332	0.9827523333333332	1.8577066666666664	2.1240366666666666
3.848779333333333	0.2918746666666666	0.4608456666666666	0.5545046666666666	0.3483369999999999	2.8428916666666666	0.1801773333333333	1.7273036666666668	0.4755069999999999	0.9995843333333332	5.794341666666667	2.4903483333333334	0.4387976666666666	0.6100363333333333	0.7869206666666666	1.793179	1.163631	1.035667	1.524347	1.6562303333333332	1.82141	1.4923423333333332	1.3750813333333334	1.218238333333333	2.360242333333333	0.4323443333333333	1.077154333333333	2.142876333333333	0.490405	1.679705	1.2563666666666666	0.260061	0.9628363333333332	1.857929	0.8369643333333333	14.471391	0.1603183333333333	0.2712633333333333	0.9469736666666666	1.7879703333333332	2.2820306666666665
3.82721	0.2766969999999999	0.461253	0.5633436666666667	0.3471046666666667	2.741724	0.1788873333333333	1.6794003333333334	0.495226	0.9892243333333332	6.350195666666666	2.423769666666667	0.4605923333333332	0.6203903333333333	0.825453	1.8132463333333333	1.1795863333333334	1.1047503333333333	1.5225926666666667	1.694258	1.850869	1.4226746666666663	1.3184413333333334	1.1584396666666663	2.4106063333333334	0.4303006666666666	1.089810333333333	2.2321416666666667	0.4847353333333333	1.7553106666666665	1.3416126666666668	0.2466793333333333	0.905682	1.8117553333333332	0.834272	13.902718	0.1566133333333333	0.2584003333333333	0.9132256666666668	1.7320350000000002	2.4547396666666668
3.802447333333333	0.2674816666666667	0.4741309999999999	0.5725123333333333	0.3474183333333333	2.6262943333333326	0.1780846666666666	1.6347799999999997	0.5141953333333333	0.983398	6.9295876666666665	2.358961	0.4846973333333333	0.6319926666666666	0.8691263333333334	1.834941	1.1837909999999998	1.179192	1.5209316666666668	1.7301313333333332	1.8805083333333337	1.3642706666666666	1.2680243333333332	1.1067513333333332	2.4638403333333327	0.4269613333333333	1.099152	2.3237593333333333	0.4795113333333333	1.8312053333333331	1.443968	0.235395	0.8609663333333333	1.7705966666666666	0.8243776666666666	13.244402999999998	0.1531073333333333	0.246697	0.8818189999999999	1.689525333333333	2.641658
3.779063333333333	0.2629963333333333	0.5014190000000001	0.5834060000000001	0.349008	2.5090306666666664	0.177765	1.6050306666666665	0.532849	0.982241	7.520783999999998	2.2966356666666665	0.5103196666666667	0.6447166666666666	0.918228	1.8581303333333328	1.1773756666666666	1.2578323333333334	1.5189283333333332	1.7631096666666668	1.9128586666666665	1.3155796666666664	1.2238776666666666	1.063578	2.521245	0.4223719999999999	1.1059143333333334	2.416424	0.4747269999999999	1.9060116666666669	1.5701776666666665	0.2260736666666666	0.827745	1.7477163333333332	0.812454	12.517843	0.1498713333333333	0.2360603333333333	0.8531943333333333	1.6586986666666663	2.842456
3.765424666666666	0.2618483333333333	0.5455773333333332	0.5977083333333332	0.3516283333333333	2.4022616666666665	0.1778356666666666	1.599862	0.5524336666666667	0.9858556666666668	8.110029666666666	2.238113	0.5367186666666667	0.658519	0.9729716666666666	1.882597	1.165645	1.339236	1.516010333333333	1.7925836666666668	1.955158333333333	1.275537666666667	1.186071	1.0297196666666666	2.5811709999999994	0.416682	1.1120966666666663	2.508805	0.4703906666666667	1.97832	1.7289173333333332	0.2184923333333333	0.8049403333333333	1.7536843333333327	0.802711	11.746859333333331	0.1470493333333333	0.2265086666666667	0.8278209999999999	1.637662333333333	3.0570570000000004
3.776230333333333	0.2634436666666666	0.6099236666666666	0.6174423333333332	0.3553716666666667	2.3141626666666664	0.1780316666666666	1.6236986666666666	0.5745563333333332	0.9943806666666666	8.682639	2.185562	0.5632146666666666	0.6735926666666666	1.0335806666666665	1.9081143333333328	1.155870333333333	1.4216799999999998	1.5116803333333333	1.8183946666666668	2.021251	1.2434793333333334	1.154699	1.006132	2.634119666666667	0.4103246666666666	1.1204999999999998	2.599686	0.4665963333333333	2.047025333333333	1.93155	0.2123776666666666	0.7914443333333332	1.7926836666666668	0.796359	10.950522666666666	0.1448336666666666	0.2180276666666666	0.8060963333333333	1.6253543333333331	3.285681
3.8245416666666663	0.2676099999999999	0.6986216666666665	0.6444209999999999	0.3603859999999999	2.248873333333333	0.1779696666666666	1.674748	0.6004619999999999	1.0081436666666663	9.224875333333332	2.141541	0.589181	0.6901536666666666	1.1003776666666665	1.9343766666666664	1.1541116666666666	1.503329	1.505543333333333	1.840771	2.1244856666666667	1.218788	1.129813	0.9934146666666666	2.6700106666666668	0.4038706666666666	1.1335263333333334	2.6879156666666666	0.4634423333333333	2.1111906666666664	2.1902453333333334	0.2074606666666666	0.7862020000000001	1.8620396666666663	0.793165	10.143709333333334	0.1433973333333333	0.2104803333333333	0.7882723333333332	1.6210743333333335	3.528262333333333
3.912741	0.274248	0.8170576666666667	0.679608	0.3666013333333333	2.205177333333333	0.1771983333333333	1.7416556666666665	0.6301663333333333	1.0278066666666663	9.726268333333332	2.108573	0.6140326666666667	0.708186	1.173892333333333	1.9609053333333333	1.1618143333333335	1.5823826666666667	1.4973293333333333	1.8604186666666664	2.270233	1.2006236666666668	1.111294	0.9912216666666668	2.685785333333333	0.39792	1.1517913333333332	2.772355333333333	0.4609729999999999	2.1699276666666667	2.5161463333333334	0.2035313333333333	0.7882983333333333	1.949082	0.7926123333333333	9.336852333333333	0.1428066666666666	0.203478	0.7743196666666666	1.6239676666666667	3.783571
4.033829	0.2828613333333333	0.9713346666666666	0.7229886666666667	0.3736846666666666	2.1785606666666664	0.175382	1.8079493333333327	0.662941	1.0540826666666665	10.179873333333331	2.0881736666666666	0.6372206666666667	0.7274416666666667	1.2545609999999998	1.9871286666666668	1.1770093333333334	1.6571726666666666	1.4867823333333332	1.8782536666666667	2.456777333333333	1.1881493333333333	1.0988296666666666	0.99863	2.6853146666666663	0.3929583333333333	1.17383	2.851535333333333	0.4591536666666666	2.222190666666666	2.916861	0.2004653333333333	0.796883	2.036078	0.7949986666666666	8.540224	0.143008	0.1966383333333333	0.764052	1.6327256666666667	4.04839
4.169623333333334	0.291981	1.1678293333333332	0.7731476666666666	0.3809543333333333	2.1618983333333333	0.1725486666666666	1.854857	0.6975956666666666	1.0874166666666665	10.583799	2.079593	0.6582116666666665	0.7473510000000001	1.3423716666666667	2.0124600000000004	1.194642	1.7263233333333334	1.4735806666666666	1.8952583333333333	2.6738766666666662	1.180799333333333	1.0918009999999998	1.0143513333333334	2.681394	0.3892036666666666	1.1952243333333332	2.923242333333333	0.4578663333333332	2.266550333333333	3.392386	0.198273	0.8111383333333333	2.103524333333333	0.80249	7.767765999999999	0.1437723333333333	0.1898276666666666	0.757175	1.6451583333333335	4.315971666666667
4.297437333333334	0.2997953333333333	1.4109886666666664	0.8281723333333333	0.3876656666666666	2.1478726666666663	0.1689623333333333	1.866873333333333	0.7335139999999999	1.1280226666666666	10.938305666666666	2.0815103333333336	0.676506	0.7672813333333333	1.4368966666666667	2.0363580000000003	1.2109349999999997	1.7886353333333334	1.4576426666666666	1.912511333333333	2.906960333333333	1.1781533333333334	1.0894036666666669	1.0370023333333334	2.6903829999999997	0.3866573333333333	1.211577	2.985046333333333	0.456966	2.3015046666666668	3.9360076666666655	0.1970603333333333	0.830273	2.135477333333333	0.8168763333333333	7.034738333333333	0.14486	0.183102	0.7533529999999999	1.658979	4.578233
4.395406333333333	0.3047656666666666	1.7000579999999998	0.88644	0.3933236666666666	2.131255	0.165107	1.8386856666666664	0.7717686666666665	1.1758483333333332	11.243683333333331	2.093651	0.6916453333333333	0.7867386666666666	1.537193	2.058406	1.2278973333333334	1.8430596666666668	1.4395403333333332	1.931324	3.1400366666666666	1.1798673333333334	1.0906896666666666	1.065331	2.727898	0.3851233333333333	1.2215066666666667	3.0348183333333334	0.4563603333333332	2.325833	4.53251	0.197002	0.8535746666666667	2.126283	0.8370946666666667	6.355445	0.1461803333333333	0.1766593333333333	0.7522439999999999	1.6726316666666663	4.827532
4.449175	0.3064396666666666	2.028757	0.9470283333333332	0.3978633333333333	2.109639333333333	0.1615236666666666	1.7742146666666665	0.813872	1.230953	11.498596	2.117258666666667	0.7032529999999999	0.8054793333333333	1.6421836666666665	2.078176	1.249751	1.8886466666666664	1.4203466666666666	1.9534153333333333	3.362149	1.1855829999999998	1.094719	1.0981989999999997	2.803948333333333	0.3843179999999999	1.225960333333333	3.070944	0.4560306666666666	2.338731333333333	5.16163	0.1982663333333333	0.8804216666666665	2.079174	0.8601549999999999	5.742864	0.147778	0.1707313333333333	0.7534763333333333	1.686013	5.057680333333334
4.461211	0.3065806666666666	2.382777	1.0104353333333334	0.4019659999999999	2.0851166666666665	0.1586906666666666	1.6889856666666665	0.8605646666666665	1.293902333333333	11.698068333333332	2.1559266666666663	0.7110763333333333	0.823649	1.7509476666666666	2.095096333333333	1.279707666666667	1.924565	1.4016163333333331	1.9812406666666664	3.575864666666666	1.1948583333333334	1.1007103333333332	1.1345726666666665	2.915729333333333	0.3839946666666667	1.2281406666666663	3.092729666666667	0.4560999999999999	2.3401110000000003	5.799426333333333	0.200927	0.91037	2.008156333333333	0.881621	5.207396333333333	0.1498483333333333	0.1654536666666666	0.7566143333333333	1.7015866666666666	5.265298666666666
4.444518666666666	0.3076723333333332	2.7434423333333333	1.0784913333333332	0.4065053333333333	2.062159	0.1568843333333333	1.6032196666666665	0.911557	1.365562333333333	11.835390333333333	2.2136153333333333	0.7149463333333332	0.8415316666666666	1.862516	2.108556	1.318343	1.9501643333333332	1.384828333333333	2.0176496666666663	3.7940066666666663	1.2070906666666663	1.1080706666666664	1.173115333333333	3.049423	0.3839633333333332	1.2314863333333337	3.09998	0.4566953333333333	2.3302273333333337	6.421439333333333	0.2049776666666666	0.9431423333333332	1.9320156666666664	0.8976026666666667	4.7543223333333335	0.1525323333333333	0.1607989999999999	0.7611036666666667	1.722581	5.448371333333333
4.419806666666666	0.311631	3.089809333333333	1.154896	0.412064	2.0462376666666664	0.155999	1.5365956666666667	0.9651423333333332	1.446947	11.903533666666664	2.292776	0.7147406666666667	0.8593046666666666	1.9755826666666665	2.118031	1.3611963333333337	1.9651183333333333	1.3708153333333333	2.0656976666666664	4.039767333333333	1.221436	1.1164986666666663	1.2117543333333332	3.1784236666666663	0.3841813333333332	1.237811	3.092788	0.4578279999999999	2.3094783333333333	7.005637666666666	0.210321	0.9786896666666668	1.8702033333333332	0.9068543333333332	4.3788073333333335	0.1557056666666666	0.156436	0.7662089999999999	1.7513716666666663	5.605267
4.406863	0.319401	3.402786	1.2448089999999998	0.418883	2.041438666666666	0.1557126666666666	1.5034416666666666	1.0204213333333332	1.5388836666666663	11.896708	2.394312	0.7104256666666666	0.877027	2.088524333333333	2.123194	1.4009153333333333	1.9693463333333332	1.360018333333333	2.1285356666666666	4.337797	1.2371439999999998	1.125946	1.2484683333333333	3.275290666666667	0.3846586666666666	1.24732	3.0712086666666667	0.4594283333333332	2.2783566666666664	7.533693333333334	0.216848	1.016983	1.8385596666666664	0.9097446666666666	4.068504333333333	0.159113	0.1519933333333333	0.771257	1.7890946666666667	5.734054666666666
4.416262666666666	0.33029	3.669923	1.3550213333333332	0.4267419999999999	2.047671	0.1556	1.5064046666666666	1.0797723333333331	1.6415623333333331	11.812301333333334	2.5171339999999995	0.7021133333333334	0.8945553333333334	2.1992896666666666	2.1241063333333337	1.428673	1.963019	1.3525906666666667	2.2093456666666667	4.706133666666666	1.253989	1.1366913333333333	1.282219	3.3236733333333333	0.385452	1.2582516666666663	3.0350053333333333	0.4613679999999999	2.237481333333333	7.993877999999999	0.2245076666666667	1.05782	1.8440053333333333	0.90778	3.803651333333333	0.1624753333333333	0.1472913333333333	0.7759469999999999	1.8348753333333332	5.831913333333333
4.452486	0.342601	3.884817333333333	1.4925363333333332	0.4351653333333333	2.062308	0.155256	1.5420563333333337	1.147162	1.7545076666666666	11.650094	2.659385333333333	0.6900909999999999	0.911565	2.305671	2.121005333333333	1.4383709999999996	1.946504	1.3485306666666663	2.311195333333333	5.156411	1.272219	1.1492286666666665	1.3131206666666664	3.319821333333333	0.386654	1.2686296666666663	2.9839566666666664	0.4635339999999999	2.1874656666666668	8.380006333333332	0.233285	1.10077	1.8874376666666663	0.9031393333333332	3.564969	0.165599	0.142399	0.7803339999999999	1.8866023333333333	5.896045
4.515155	0.3539836666666666	4.048743333333333	1.663101333333333	0.4435813333333333	2.081021	0.1544296666666666	1.6040606666666666	1.226827	1.876264	11.412384333333332	2.819368	0.6748886666666667	0.9275023333333332	2.4055293333333334	2.11417	1.4316876666666665	1.9203966666666663	1.3477039999999998	2.4367856666666667	5.691949999999999	1.2926736666666667	1.1642546666666669	1.3430176666666669	3.278038333333333	0.388444	1.2779266666666669	2.918274666666667	0.4659163333333333	2.128845666666667	8.692813	0.2431913333333333	1.1450646666666666	1.9641933333333328	0.8985193333333333	3.341771333333333	0.1685316666666666	0.1377356666666666	0.7849203333333332	1.9413243333333328	5.924762666666666
4.601861333333333	0.362684	4.166892	1.8700713333333328	0.4516936666666666	2.0998866666666665	0.1530406666666666	1.6843076666666663	1.322132	2.004914333333333	11.102735333333332	2.995872	0.6571673333333332	0.9420023333333334	2.497089	2.1039013333333334	1.414647	1.8855296666666663	1.3500603333333332	2.5881133333333333	6.310640333333333	1.3162903333333331	1.182486666666667	1.3745216666666664	3.219871333333333	0.39093	1.286699	2.838885666666666	0.4686036666666666	2.0624646666666666	8.937345666666666	0.25429	1.189760666666667	2.065432	0.8962226666666666	3.131975333333333	0.1714999999999999	0.1337733333333333	0.7902546666666665	1.9968076666666668	5.918046
4.709464	0.3689533333333333	4.246279666666666	2.1122686666666666	0.4599373333333333	2.117431	0.1512386666666666	1.7725326666666668	1.4343606666666666	2.138326	10.725589333333332	3.188439333333333	0.6376373333333333	0.9553463333333334	2.579321	2.0905353333333334	1.3955176666666669	1.8430623333333327	1.3558236666666663	2.765668	7.004946666666665	1.3436516666666665	1.2045156666666663	1.4102689999999998	3.166009666666666	0.3940039999999999	1.2965023333333332	2.747977666666667	0.471807	1.990001	9.122238	0.2667293333333333	1.2338456666666666	2.1774476666666667	0.897096	2.9443709999999994	0.1749363333333333	0.1307463333333333	0.79652	2.053285333333333	5.878630333333333
4.832684	0.3740366666666667	4.293611666666666	2.384962	0.4689633333333333	2.1339123333333334	0.1491993333333333	1.856411	1.5644483333333332	2.2740276666666666	10.287374666666668	3.395716333333333	0.6169669999999998	0.968137	2.6514986666666664	2.074346333333333	1.3819273333333333	1.7943193333333332	1.365267	2.967810333333333	7.761851999999999	1.3748676666666668	1.230766	1.4519093333333333	3.1316896666666665	0.397477	1.308945	2.648168666666667	0.4757536666666666	1.9136013333333333	9.25673	0.28063	1.276283	2.283886	0.901083	2.788463333333333	0.1792099999999999	0.128622	0.803522	2.112257	5.810123333333332
4.961340999999999	0.3793983333333333	4.313264333333334	2.6794156666666664	0.4791623333333333	2.1510043333333333	0.146944	1.9210766666666668	1.7148899999999998	2.408858	9.798595999999998	3.613419	0.5956853333333334	0.9810156666666668	2.712852333333333	2.0554376666666663	1.3780720000000002	1.740694	1.3784133333333333	3.189155333333333	8.560049	1.40936	1.2614303333333332	1.4988096666666664	3.121165	0.4012203333333333	1.324847	2.541847333333333	0.4805843333333333	1.8356423333333332	9.348077333333332	0.2959563333333333	1.316042	2.367244	0.907468	2.6649039999999995	0.1843886666666666	0.1269949999999999	0.8105543333333334	2.175638	5.715444333333334
5.080662333333333	0.3858943333333333	4.307453	2.9849136666666665	0.4903786666666667	2.1703053333333333	0.1444356666666666	1.953495	1.8910646666666664	2.539122666666666	9.272267666666666	3.835400666666666	0.5742756666666666	0.9942953333333332	2.762485	2.0337476666666663	1.3859843333333337	1.6836249999999997	1.3947916666666664	3.421444333333333	9.372923999999998	1.4464	1.2966139999999995	1.5493393333333332	3.134767666666667	0.4052123333333333	1.344535	2.430940666666667	0.4863233333333333	1.7581749999999996	9.400918666666668	0.3125693333333333	1.3522109999999998	2.4133686666666665	0.9155466666666666	2.569246	0.1903256666666666	0.1253973333333333	0.8168383333333333	2.2446956666666664	5.596680999999999
5.170686999999999	0.3928026666666667	4.275595333333333	3.289927	0.5015236666666667	2.191920333333333	0.141699	1.947992333333333	2.1035076666666668	2.660578333333333	8.723201666666665	4.054130333333333	0.553257	1.007479	2.799329	2.009034	1.4059943333333331	1.624623	1.413026	3.6533636666666665	10.169922333333334	1.485658666666667	1.336496	1.601902333333333	3.1742696666666665	0.4096183333333333	1.368021333333333	2.3165986666666663	0.492813	1.6823156666666668	9.415985666666668	0.330283	1.3841743333333334	2.417592	0.9251953333333334	2.4946786666666663	0.196735	0.1235873333333333	0.8219106666666667	2.3189459999999995	5.454807666666667
5.215432999999999	0.3987226666666666	4.215380333333333	3.583577	0.5113076666666666	2.2155543333333334	0.1389666666666666	1.906975	2.364867666666666	2.769113	8.165874333333333	4.262031333333333	0.5332169999999999	1.0197833333333337	2.822585	1.981175	1.437077	1.56534	1.4316133333333334	3.8730406666666655	10.923922333333334	1.5273943333333335	1.3814286666666664	1.6559403333333331	3.241109	0.4146366666666666	1.3952273333333334	2.199546333333333	0.4998776666666666	1.6086809999999998	9.393234999999995	0.3490296666666667	1.4116896666666665	2.3839936666666666	0.93661	2.4358766666666662	0.203325	0.1216613333333333	0.8257479999999999	2.397253666666667	5.290480666666666
5.213901666666666	0.4022763333333333	4.123040666666666	3.857452666666666	0.5189633333333333	2.2414983333333334	0.1368886666666666	1.844414	2.687514	2.8614870000000003	7.612215666666667	4.452741666666666	0.5148543333333333	1.0305506666666668	2.832293666666667	1.9505206666666663	1.4764513333333331	1.5076946666666668	1.4496463333333331	4.070366666666667	11.619958666666664	1.5728036666666667	1.4321286666666666	1.7131716666666668	3.3335676666666667	0.4203626666666666	1.4261523333333332	2.080335333333333	0.507473	1.5377186666666665	9.334731	0.3690936666666666	1.4351026666666666	2.3278096666666666	0.9500133333333334	2.393013666666666	0.209976	0.1202386666666666	0.8289796666666666	2.4788586666666665	5.1048100000000005
5.176433333333333	0.4027843333333333	3.994023	4.1066666666666665	0.5243916666666666	2.2704406666666666	0.1362383333333333	1.778699	3.0819286666666663	2.935467333333333	7.071534999999999	4.621400666666666	0.498894	1.039502	2.82913	1.917675	1.5203193333333334	1.4536573333333334	1.4667020000000002	4.237658	12.252505333333332	1.6231016666666669	1.489461333333333	1.7760849999999997	3.446044333333333	0.4268459999999999	1.4610203333333334	1.959811333333333	0.5156703333333333	1.4700193333333331	9.244563333333334	0.3909653333333333	1.4551459999999998	2.2683293333333334	0.964922	2.3698173333333328	0.216668	0.1200513333333333	0.8324543333333334	2.5639796666666665	4.900162333333333
5.124715333333333	0.4011086666666666	3.8234456666666654	4.332300999999999	0.528519	2.3032136666666667	0.1376443333333333	1.7269963333333331	3.5545403333333327	2.9903000000000004	6.549514333333334	4.765488333333333	0.4860049999999999	1.0470333333333333	2.8144280000000004	1.8833583333333328	1.5641599999999998	1.4050453333333337	1.482814	4.371204	12.825979	1.678624	1.5542956666666663	1.8466186666666664	3.567003333333333	0.4341376666666666	1.500461	1.839659	0.5246413333333334	1.4066566666666669	9.129230666666666	0.4152729999999999	1.472839	2.2232436666666664	0.9792616666666666	2.3724389999999995	0.2235003333333333	0.1215543333333333	0.8368493333333333	2.654733	4.681419999999999
5.082932666666666	0.3989536666666666	3.607981	4.53877	0.5326503333333333	2.339955	0.141374	1.701769	4.108990333333333	3.02613	6.049780333333333	4.884099999999999	0.4767539999999999	1.0537596666666669	2.7897690000000006	1.8481983333333327	1.6033503333333332	1.3634426666666668	1.4979479999999998	4.469896666666665	13.348473	1.739014	1.6272866666666663	1.9255176666666665	3.6822969999999993	0.4423953333333332	1.544908333333333	1.7218896666666663	0.5345706666666667	1.3488013333333333	8.995632333333333	0.4425066666666666	1.489178	2.204783333333333	0.9909093333333332	2.4048349999999994	0.2305893333333333	0.1249269999999999	0.8425783333333333	2.754175	4.454844333333333
5.070028666666666	0.3984086666666666	3.3486336666666667	4.732501999999999	0.5379706666666666	2.379005333333333	0.1469936666666666	1.7058533333333332	4.745968666666666	3.0437286666666665	5.574547666666667	4.977859333333333	0.4715166666666666	1.060063	2.756690666666667	1.812547	1.633896	1.3300580000000002	1.5114666666666667	4.534946000000001	13.827176666666666	1.803259333333333	1.7086136666666667	2.011355	3.777851	0.4520033333333333	1.5939359999999998	1.6084150000000002	0.5455526666666666	1.2973806666666667	8.849127000000001	0.4727316666666666	1.504786666666667	2.2142696666666666	0.999289	2.463529333333333	0.238045	0.129989	0.849585	2.865682333333333	4.227409333333333
5.097301333333333	0.401198	3.051271333333333	4.920272333333333	0.5452003333333333	2.417727333333333	0.1536436666666666	1.7357383333333334	5.462331333333333	3.043899	5.125232666666666	5.048025333333333	0.4705196666666666	1.065989	2.716444	1.7767603333333333	1.6540423333333334	1.305878	1.522371	4.568370333333332	14.266317666666666	1.8702043333333327	1.7980336666666663	2.101587666666666	3.8434936666666655	0.4635896666666665	1.646688333333333	1.500773	0.557604	1.253019	8.692874666666667	0.5057426666666667	1.52008	2.2469216666666667	1.0051553333333332	2.5405696666666664	0.2459139999999999	0.1363913333333333	0.8575236666666666	2.99218	4.005734666666666
5.1635333333333335	0.407858	2.729111333333333	5.107984	0.5541736666666667	2.4530506666666665	0.1601956666666666	1.7823403333333334	6.248316999999999	3.0269283333333337	4.702507333333333	5.095921	0.473828	1.0710266666666666	2.6697296666666666	1.7415249999999998	1.6666853333333334	1.291745333333333	1.5294766666666666	4.5720426666666665	14.664073666666663	1.9390206666666667	1.8948033333333332	2.1933016666666667	3.878418	0.4780863333333333	1.7022616666666668	1.3997486666666668	0.5706386666666666	1.2159643333333334	8.526650333333334	0.5411863333333333	1.5353616666666667	2.294366	1.0106753333333331	2.625459333333333	0.254169	0.1437303333333333	0.8658006666666667	3.135343666666666	3.794976
5.260409666666666	0.4183756666666666	2.3996813333333336	5.301057666666667	0.5643776666666666	2.482483	0.1657223333333333	1.8342393333333336	7.089581666666666	2.9929786666666667	4.306130333333333	5.122969333333334	0.4815043333333332	1.0746833333333332	2.617271	1.7078053333333334	1.6768739999999998	1.2883483333333332	1.5320543333333332	4.547635	15.012806666666668	2.009259333333333	1.997884	2.284507	3.8895343333333328	0.4965583333333333	1.7604129999999998	1.30565	0.5846463333333334	1.1865233333333334	8.35018	0.5788593333333333	1.551197333333333	2.347269	1.0179563333333332	2.710249666666667	0.2627403333333333	0.151638	0.8739163333333332	3.2961936666666665	3.599175
5.375244333333333	0.4326006666666666	2.0832806666666666	5.504643333333332	0.5753886666666667	2.505341	0.1700289999999999	1.8798836666666667	7.967535666666666	2.942419333333333	3.934439999999999	5.130761333333333	0.4937776666666666	1.0770063333333333	2.560429	1.6768466666666664	1.6899366666666666	1.296128333333333	1.5305506666666666	4.496607666666667	15.297052333333331	2.0810093333333333	2.106066333333333	2.375665	3.8926053333333335	0.5201076666666666	1.822546	1.21842	0.5998686666666666	1.1655006666666667	8.166412333333334	0.6190693333333332	1.568823333333333	2.3973026666666666	1.0276476666666667	2.795437333333333	0.2715883333333333	0.159878	0.8817763333333333	3.475478333333333	3.42124
5.495519333333333	0.4503526666666666	1.798686	5.723045666666667	0.5868466666666666	2.5226363333333333	0.1733293333333333	1.9107916666666669	8.862976666666667	2.875826	3.585677	5.120817	0.51107	1.078239333333333	2.500895666666666	1.6496516666666663	1.7097909999999998	1.3152726666666663	1.5257606666666663	4.419899999999999	15.497965333333331	2.154394	2.218180333333333	2.468353333333333	3.906216333333333	0.5502919999999999	1.8914263333333332	1.1379529999999998	0.6166409999999999	1.153700333333333	7.980286666666666	0.6624013333333333	1.5897803333333331	2.4386773333333336	1.039888666666667	2.887036666666666	0.2807006666666666	0.168372	0.8895879999999999	3.673631	3.2636336666666663
5.613057	0.4714013333333333	1.5582653333333332	5.958454333333332	0.5984423333333333	2.537563333333333	0.1760533333333333	1.9257026666666663	9.759461	2.793984	3.259289333333333	5.094216999999999	0.5340993333333333	1.0784816666666666	2.440473	1.6263719999999997	1.736938	1.3456193333333333	1.51807	4.317426666666667	15.597041333333332	2.229076	2.333317333333333	2.564234	3.946542333333333	0.5897443333333333	1.971226	1.0643603333333334	0.6352383333333333	1.1513913333333332	7.797897666666667	0.7095899999999999	1.6155606666666666	2.4704803333333327	1.0551916666666663	2.995149	0.2901496666666666	0.1772809999999999	0.8977886666666668	3.890585333333333	3.1287713333333333
5.723445666666667	0.4956009999999999	1.3683653333333332	6.209645666666667	0.6099016666666666	2.554147	0.1785833333333333	1.9272996666666669	10.644241666666666	2.6978636666666667	2.955779	5.051498	0.5637043333333334	1.077607	2.3806993333333333	1.6066326666666664	1.7702506666666666	1.386842666666667	1.5073743333333331	4.188342666666666	15.582498666666664	2.3042566666666664	2.450569	2.6641486666666667	4.022751	0.6418923333333333	2.065503	0.9978053333333332	0.6557983333333334	1.1583573333333332	7.624753999999999	0.7613606666666666	1.6473116666666665	2.4940716666666667	1.0746346666666666	3.1280459999999994	0.300017	0.1869003333333333	0.9068266666666666	4.126047666666667	3.018733666666667
5.826597666666666	0.5230083333333333	1.2275066666666663	6.469259333333333	0.6210263333333335	2.5761956666666666	0.1810363333333333	1.92026	11.510387333333332	2.588653666666666	2.676851	4.992306666666666	0.6007433333333333	1.075125	2.3224216666666666	1.5896996666666665	1.808130333333333	1.4385723333333331	1.492931	4.031135666666667	15.457858333333334	2.3785293333333333	2.5687460000000004	2.766941333333333	4.130015666666666	0.7108716666666667	2.174855	0.9383363333333334	0.6782143333333334	1.173841666666667	7.463805	0.8183106666666666	1.685347666666667	2.5113703333333333	1.1000983333333334	3.2854719999999995	0.3103696666666666	0.1975683333333333	0.916905	4.379750666666667	2.9347086666666664
5.923780333333335	0.5539999999999999	1.1301076666666665	6.726105	0.6316646666666667	2.6063796666666668	0.1833596666666666	1.9089253333333336	12.353758	2.4678313333333333	2.4247706666666664	4.915735666666666	0.6460276666666667	1.070485666666667	2.266026	1.574794	1.8487976666666668	1.5003733333333336	1.4741403333333332	3.8447	15.234043999999995	2.4501126666666666	2.686162	2.8696883333333334	4.255672666666666	0.8003733333333333	2.297339666666667	0.8857133333333332	0.7023393333333334	1.1970283333333331	7.315507333333333	0.8808943333333332	1.7292636666666663	2.5243676666666666	1.133133	3.4588419999999998	0.321204	0.2095136666666666	0.9279556666666666	4.651666666666667	2.8768173333333333
6.015415	0.5894576666666665	1.0684536666666666	6.966243999999999	0.641746	2.6449196666666666	0.1854423333333333	1.8953646666666664	13.170970333333331	2.337356	2.201874666666666	4.820518333333332	0.700317	1.0633526666666666	2.211566	1.5613839999999997	1.8902876666666664	1.571708	1.451413	3.629727333333333	14.924147	2.516985333333333	2.80031	2.9675003333333327	4.382759999999999	0.9121306666666664	2.4279916666666663	0.839168	0.728208	1.2275363333333331	7.176964999999999	0.9493856666666668	1.7777426666666667	2.535057666666667	1.1736976666666668	3.629185	0.332413	0.2226236666666666	0.939531	4.9422473333333325	2.8435226666666664
6.1015766666666655	0.6306286666666667	1.034827	7.176917666666666	0.6513306666666667	2.6900946666666665	0.1873063333333333	1.8814486666666663	13.957481333333332	2.1998146666666667	2.009773	4.705988	0.7646396666666667	1.0537023333333333	2.159231333333333	1.5493723333333331	1.930405	1.6520306666666666	1.426091	3.3892176666666662	14.540755999999998	2.5774326666666667	2.908573	3.0563176666666667	4.496213333333333	1.045179	2.5605553333333333	0.7977306666666667	0.756113	1.26548	7.043656666666666	1.0239086666666666	1.8292836666666663	2.5463793333333333	1.2206296666666665	3.7778	0.3438349999999999	0.2366703333333333	0.9512563333333334	5.251586	2.832438
6.182841666666666	0.6790689999999999	1.0233276666666666	7.3508619999999985	0.6607433333333333	2.7382446666666667	0.1893669999999999	1.871057333333333	14.705329666666666	2.0587733333333333	1.848307	4.573277666666667	0.8407486666666667	1.0420139999999998	2.109850333333333	1.5393963333333331	1.966608333333333	1.7408670000000002	1.4006756666666669	3.1299536666666667	14.094287666666666	2.6307056666666666	3.008934333333333	3.1359496666666664	4.589452333333333	1.19403	2.6887133333333333	0.7605066666666667	0.7867703333333333	1.3117133333333333	6.9103276666666655	1.1044303333333334	1.8827756666666668	2.563521333333333	1.2718363333333331	3.896913	0.3553173333333333	0.251448	0.9632826666666666	5.578363666666666	2.840803333333333
6.262030666666666	0.7363519999999999	1.029626	7.485367666666666	0.6705296666666667	2.7863679999999995	0.1921713333333333	1.8697396666666664	15.4036	1.918333	1.7165706666666667	4.424857666666667	0.9307386666666666	1.0290556666666666	2.0645826666666665	1.5323163333333332	1.9965806666666663	1.8375743333333332	1.3782143333333332	2.861245666666666	13.596383	2.676618	3.099877	3.2081946666666665	4.663167	1.3504419999999997	2.807491666666667	0.7267836666666666	0.821073	1.3673756666666663	6.771024666666666	1.1907069999999995	1.9373493333333327	2.592658333333333	1.3251963333333334	3.986482	0.3667693333333333	0.266876	0.9760353333333333	5.919765	2.865853
6.346577333333333	0.8036903333333333	1.0511946666666665	7.582953333333332	0.6814569999999999	2.834829333333333	0.196174	1.884305	16.037754	1.782762	1.613641333333333	4.264549	1.0367596666666667	1.0157536666666669	2.0246336666666664	1.528728333333333	2.019160333333333	1.941014	1.3618363333333332	2.594568333333333	13.063952666666664	2.715305	3.1804336666666666	3.2753973333333333	4.726348	1.5042293333333334	2.915086666666667	0.6962093333333332	0.8598833333333333	1.4334913333333332	6.6184173333333325	1.282158	1.9922233333333328	2.6395376666666666	1.379423	4.053083333333333	0.3782513333333333	0.2830566666666666	0.9900076666666666	6.270762666666666	2.905136
6.445062666666667	0.8815053333333331	1.0863103333333333	7.648689666666666	0.6941183333333332	2.8851786666666666	0.2015783333333333	1.9178866666666667	16.591501333333333	1.6557446666666664	1.538796333333333	4.096786	1.160546	1.0027956666666666	1.9906216666666663	1.528722333333333	2.035849	2.049563666666667	1.353884	2.3411459999999997	12.516929	2.7467010000000003	3.249756333333333	3.3385906666666663	4.789578666666666	1.6458053333333331	3.0119083333333334	0.6686856666666666	0.903788	1.510261	6.442746666666666	1.377904	2.0465383333333333	2.705903333333333	1.4337403333333332	4.1041636666666665	0.3899093333333333	0.3001223333333332	1.005489	6.6244456666666665	2.956550666666666
6.563729333333333	0.9686783333333332	1.1333916666666668	7.688544666666665	0.7084726666666666	2.9382426666666666	0.208115	1.9636893333333332	17.048035	1.5393583333333332	1.4915846666666666	3.926195	1.3027626666666667	0.990161	1.961767	1.531499333333333	2.0531809999999995	2.1610206666666665	1.354832333333333	2.1094486666666663	11.976306666666668	2.770008333333333	3.306797333333333	3.395352	4.859121	1.7689666666666666	3.100417	0.6443806666666666	0.9527633333333332	1.5961109999999998	6.2300836666666655	1.4767066666666668	2.099180333333333	2.7845243333333336	1.487806	4.142878	0.401947	0.3180333333333333	1.022238	6.971697666666667	3.0185323333333334
6.704330666666667	1.0633156666666663	1.1905576666666666	7.706895	0.7241769999999998	2.993793333333333	0.215162	2.010124	17.392172	1.434557	1.4709413333333334	3.757429333333333	1.4630056666666666	0.9774543333333334	1.9367186666666665	1.5360296666666664	2.0788706666666665	2.273323	1.3644656666666666	1.9051993333333332	11.457996666666665	2.784177666666667	3.350372333333333	3.441764	4.937255	1.871039333333333	3.183831	0.6236016666666666	1.006462	1.688736	5.966855999999999	1.5771326666666663	2.149071666666667	2.8640933333333334	1.5419596666666666	4.167540666666667	0.4145696666666666	0.3366413333333333	1.0398116666666666	7.303259333333333	3.090016666666666
6.860439666666666	1.163167	1.2551636666666666	7.703730666666666	0.7408223333333334	3.0501396666666665	0.2217796666666666	2.0447023333333334	17.613030666666663	1.341195666666667	1.4739976666666663	3.5949566666666666	1.6393453333333332	0.9641243333333334	1.9142303333333333	1.5416423333333331	2.118057	2.385407666666667	1.382854	1.7303586666666664	10.964729	2.7883946666666666	3.3793013333333333	3.474086	5.021729	1.954345	3.265219333333333	0.606745	1.0643859999999998	1.7859316666666667	5.645000333333333	1.6777043333333332	2.195515666666666	2.93308	1.597832	4.170143	0.4279459999999999	0.3556806666666666	1.0578236666666667	7.611734999999999	3.1705586666666665
7.021380333333332	1.2658216666666666	1.3242946666666666	7.677187333333332	0.758084	3.1057613333333336	0.2271456666666666	2.058299666666666	17.702862	1.258611666666667	1.4964803333333334	3.442260333333333	1.8287483333333332	0.949715	1.893454333333333	1.548257333333333	2.171423	2.497489333333333	1.4105426666666665	1.5844849999999997	10.490653333333332	2.782682666666666	3.392935	3.490847	5.109684	2.024131	3.347217	0.5942203333333334	1.12596	1.8858843333333333	5.263471999999999	1.7772413333333337	2.2382893333333334	2.983827333333333	1.6577893333333336	4.144126999999999	0.4422433333333333	0.3749663333333333	1.0762126666666667	7.891155	3.2596503333333327
7.174931333333332	1.3687053333333332	1.3952206666666669	7.625478333333333	0.7758619999999999	3.1610353333333334	0.2310416666666666	2.050451333333333	17.657484666666665	1.1859003333333331	1.532699	3.300523666666667	2.0269863333333333	0.9341549999999998	1.874351	1.556736333333333	2.232033	2.6118056666666667	1.448808	1.465034	10.023557333333333	2.768771	3.391916333333333	3.495575	5.201132666666666	2.087714333333333	3.4316703333333334	0.5863856666666666	1.1905446666666666	1.987515666666667	4.832524666666667	1.875375	2.2778956666666668	3.017860666666666	1.7245793333333337	4.0924146666666665	0.4576606666666666	0.394553	1.0955616666666663	8.136982333333332	3.355917
7.312315333333333	1.4691406666666664	1.4657226666666665	7.547224333333333	0.794152	3.217640333333333	0.2337869999999999	2.026957	17.477857333333333	1.1221343333333331	1.577022666666667	3.168742	2.2290586666666665	0.9177276666666664	1.8573936666666664	1.5681759999999998	2.290205666666667	2.731692	1.4989716666666666	1.3686146666666668	9.554294999999998	2.749191	3.377622333333333	3.4940606666666665	5.297910666666667	2.152679	3.5202196666666663	0.5833870000000001	1.2574036666666666	2.089920333333333	4.370433333333333	1.972372	2.315062333333333	3.0428756666666668	1.80009	4.022144333333333	0.4743636666666666	0.4146326666666666	1.1167846666666668	8.345104666666666	3.4567846666666666
7.434185333333333	1.5643706666666668	1.534585	7.441550666666666	0.8129396666666666	3.2782466666666665	0.2363176666666666	1.9994836666666664	17.174173333333336	1.0664806666666666	1.625466	3.0430210000000004	2.429241333333333	0.9011553333333332	1.843473	1.5832046666666666	2.3376056666666662	2.861039	1.5617576666666666	1.2917043333333336	9.086765666666668	2.7266076666666668	3.351873333333333	3.4921886666666664	5.4027883333333335	2.225377	3.6147683333333336	0.5849283333333333	1.325624666666667	2.191824333333333	3.903118	2.069193333333333	2.350274666666667	3.071593	1.8838613333333332	3.94013	0.4923996666666666	0.4353996666666666	1.140886	8.511210666666667	3.557678666666667
7.546697333333333	1.6520893333333333	1.6010883333333332	7.306704333333333	0.8321546666666667	3.344796	0.2396166666666666	1.979531	16.763462666666666	1.0179976666666666	1.6760806666666663	2.9182456666666665	2.6216186666666665	0.8851719999999998	1.833507	1.601677	2.36933	3.0034776666666665	1.6371783333333334	1.2307993333333331	8.631756666666668	2.703139333333333	3.316429	3.493796	5.516949666666665	2.3109266666666666	3.717479333333333	0.5904166666666666	1.3940823333333332	2.2912996666666663	3.4568586666666663	2.1668596666666664	2.3834346666666666	3.1157153333333336	1.974067333333333	3.8493406666666665	0.5117356666666666	0.4570009999999999	1.1687173333333334	8.631431666666666	3.653016666666667
7.659305999999999	1.731209	1.6646986666666663	7.138283	0.8516333333333334	3.416613666666666	0.2441553333333333	1.972575333333333	16.269651	0.9754016666666664	1.729951	2.7893703333333333	2.8005416666666667	0.8701306666666666	1.8281346666666665	1.622191333333333	2.3870456666666664	3.161520666666666	1.7243026666666663	1.1824853333333332	8.202723333333333	2.679612333333333	3.2725626666666665	3.4981076666666664	5.636867666666666	2.4126896666666666	3.830733	0.5990263333333333	1.4613603333333334	2.385342	3.051290333333333	2.2658656666666666	2.4133676666666664	3.1797036666666663	2.068228333333333	3.744804	0.5322589999999999	0.4794096666666666	1.200705	8.703434333333334	3.7368486666666665
7.781001333333333	1.8019576666666663	1.7247766666666666	6.930142333333334	0.8713616666666665	3.491677	0.2500043333333333	1.979191	15.717585666666666	0.9374013333333332	1.7885763333333329	2.6526719999999995	2.9611529999999995	0.8562413333333334	1.8280306666666664	1.6433969999999998	2.396357	3.336865	1.8219769999999995	1.143768333333333	7.811975666666666	2.656524	3.221426333333333	3.5030183333333333	5.755723	2.531806333333333	3.956765666666666	0.6100133333333333	1.5261053333333332	2.4709056666666664	2.6998376666666664	2.3660433333333337	2.438687333333333	3.262798333333333	2.164856	3.62067	0.5538496666666667	0.5024536666666666	1.2371393333333331	8.726824333333333	3.804036333333333
7.916445666666665	1.8664626666666664	1.780342	6.6750750000000005	0.8917613333333333	3.567495	0.256829	1.9947236666666663	15.127522	0.9030896666666666	1.851454333333333	2.507467	3.1002026666666667	0.8437943333333333	1.8342843333333327	1.6653136666666666	2.405495666666666	3.5302593333333334	1.9294813333333327	1.112571	7.466535333333333	2.634929	3.1644126666666663	3.507923	5.864184666666667	2.665665333333333	4.097149333333333	0.6230623333333334	1.5874493333333333	2.545983	2.4079403333333333	2.466281	2.4586246666666667	3.3593740000000003	2.2653486666666667	3.477268	0.5764196666666666	0.52574	1.27839	8.704324999999999	3.8516486666666663
8.065198666666666	1.9277036666666667	1.830383	6.368492	0.9134513333333332	3.641976	0.2642946666666666	2.0124916666666666	14.514693666666666	0.8719393333333334	1.916413666666667	2.355026	3.215626666666666	0.8332243333333333	1.848326666666667	1.6888783333333333	2.421492	3.740881666666666	2.046116	1.087513	7.166464999999999	2.6163196666666666	3.103115333333333	3.513579	5.956202666666667	2.808711333333333	4.252664333333333	0.6381739999999999	1.6450016666666665	2.6094786666666665	2.175749	2.565237333333333	2.4730746666666663	3.46218	2.3720163333333333	3.320696	0.599928	0.5487086666666666	1.324787333333333	8.640277666666666	3.878304333333333
8.219379333333332	1.988722333333333	1.8741773333333327	6.013292	0.9370423333333332	3.714387333333333	0.2724416666666666	2.0263536666666666	13.887381666666666	0.8439443333333333	1.979599	2.198262	3.306557	0.8251713333333333	1.871961	1.7156876666666665	2.446318	3.964914	2.170708	1.0679123333333334	6.901018333333333	2.6025956666666668	3.0393486666666667	3.522171	6.035877333333333	2.952119	4.422725333333333	0.6556763333333333	1.6990083333333332	2.661366666666666	1.9984156666666664	2.6620573333333333	2.482876333333333	3.5650166666666667	2.486361333333333	3.1638696666666664	0.624366	0.5706173333333333	1.3764333333333332	8.539716666666667	3.884031
8.369542666666668	2.051576333333333	1.9111956666666663	5.618389333333333	0.962924	3.785561333333333	0.2816256666666666	2.033716666666667	13.250922666666666	0.8192403333333332	2.0368406666666665	2.040762	3.3728113333333334	0.8201393333333332	1.9070053333333332	1.7472483333333333	2.479750333333333	4.196099	2.3009946666666665	1.053287	6.657387999999999	2.595685666666667	2.975084666666666	3.5362766666666667	6.112864666666667	3.086149333333333	4.605277333333333	0.6760346666666667	1.7499749999999998	2.7018763333333333	1.868864	2.756709333333333	2.4894903333333334	3.665851	2.6086413333333334	3.021	0.649741	0.5907606666666666	1.4332093333333331	8.406951666666666	3.869555666666667
8.510037333333333	2.115962333333333	1.9410333333333332	5.199316	0.990985	3.858635	0.2924763333333333	2.039560333333333	12.610447333333331	0.7978143333333334	2.084941333333333	1.8862026666666667	3.41464	0.81809	1.954958	1.784172	2.5215576666666664	4.425377666666666	2.4326916666666665	1.042937	6.428690333333333	2.59715	2.912421333333333	3.5578536666666665	6.199217666666667	3.202360666666667	4.796002333333333	0.6997463333333332	1.7983803333333337	2.730875	1.779310333333333	2.850664333333333	2.494957	3.771102	2.737178333333333	2.902182	0.676014	0.6087210000000001	1.4946933333333334	8.244126	3.835873333333333
8.639595666666667	2.1799166666666663	1.9630853333333331	4.773444	1.020877	3.937741333333333	0.3053326666666666	2.051591	11.971678666666666	0.779471	2.121889	1.7377113333333332	3.432238	0.8185906666666666	2.016953	1.8260833333333333	2.5713279999999994	4.642873	2.5605290000000003	1.0359286666666667	6.213328333333332	2.607879333333333	2.8530816666666667	3.5869626666666665	6.3043	3.295914	4.989151	0.7271529999999999	1.8444306666666663	2.748027333333333	1.721962	2.9463926666666667	2.501449333333333	3.890013	2.8693413333333333	2.810401	0.7030523333333334	0.6243546666666666	1.5602379999999998	8.052908666666665	3.783791
8.763073666666665	2.239906	1.9761993333333328	4.356076333333333	1.052179	4.026838	0.31958	2.075979	11.341468333333331	0.7637736666666667	2.1474426666666666	1.5971216666666666	3.4252386666666665	0.8208423333333335	2.09361	1.8712576666666667	2.627841333333333	4.839638666666666	2.679047	1.031007	6.015430999999999	2.627612333333333	2.7977996666666667	3.619991	6.428633333333332	3.3692576666666665	5.177784666666666	0.7582656666666667	1.887748	2.753003	1.6895756666666664	3.047339	2.5109676666666667	4.0295093333333325	3.002257333333333	2.736421	0.730514	0.637886	1.6289706666666668	7.836126666666667	3.713451333333333
8.887656666666667	2.291583666666667	1.979093	3.959705666666667	1.0844630000000002	4.127735333333333	0.3341909999999999	2.114166	10.726092666666664	0.7502033333333332	2.1617836666666665	1.4655943333333332	3.393062333333333	0.823999	2.185222	1.9179046666666664	2.688363	5.009115666666667	2.7833023333333333	1.026857666666667	5.839602666666666	2.6559543333333333	2.746947666666667	3.652765333333334	6.564205666666667	3.429450666666667	5.354940666666667	0.7930573333333333	1.9275863333333327	2.7456526666666665	1.6763360000000005	3.157767333333333	2.525573	4.190737333333333	3.1336629999999994	2.66741	0.7580336666666667	0.649691	1.7000716666666666	7.597861	3.6251376666666655
9.019791666666666	2.3302286666666667	1.970778	3.592429333333333	1.117339	4.237321333333334	0.3481833333333333	2.158584	10.129479666666668	0.7383176666666666	2.1644300000000003	1.3439986666666668	3.335189	0.8274583333333333	2.2918643333333333	1.9654396666666667	2.747418	5.149474666666666	2.869861333333333	1.022349333333333	5.686009333333333	2.6933656666666668	2.7010626666666666	3.683584	6.6924513333333335	3.4870430000000003	5.514704666666667	0.8317863333333333	1.9629683333333328	2.726329	1.6793963333333335	3.282920333333333	2.54768	4.364184333333333	3.262941	2.5942203333333334	0.7853596666666667	0.6601713333333333	1.7730553333333332	7.343923666666665	3.5200956666666663
9.162933	2.351545	1.950611	3.2593490000000003	1.1505856666666665	4.349618666666666	0.36087	2.199146333333333	9.5554	0.7278573333333334	2.154511	1.2329813333333333	3.251484333333333	0.8309663333333334	2.4136873333333337	2.0142186666666664	2.798238	5.262192000000001	2.9369743333333327	1.0167453333333332	5.551583666666667	2.741030333333333	2.6610536666666667	3.7132666666666663	6.796101666666666	3.552023333333333	5.652477333333334	0.874884	1.9929906666666668	2.696074999999999	1.698697	3.427873666666666	2.579781	4.537881333333333	3.390388	2.511685	0.8123933333333333	0.6697436666666665	1.847719	7.081394	3.400301666666667
9.314482333333334	2.352718	1.9185013333333327	2.962735	1.1843366666666668	4.456967666666667	0.3722043333333333	2.2291486666666662	9.009678	0.7189306666666666	2.131114	1.132850666666667	3.142642	0.8348106666666666	2.551239333333333	2.06549	2.834028	5.351819	2.985438666666666	1.010032	5.430496333333332	2.8008839999999995	2.6284496666666666	3.745848	6.871461666666666	3.629594333333333	5.765647	0.9229136666666666	2.017182666666667	2.657092	1.7377219999999998	3.5960909999999995	2.6241386666666666	4.704997333333333	3.516824333333333	2.419837666666667	0.8392186666666666	0.6788646666666666	1.9241643333333327	6.818600999999999	3.2683546666666667
9.469246333333333	2.33259	1.8748746666666665	2.7036653333333334	1.2189333333333334	4.552870666666666	0.382567	2.246336666666666	8.499030666666666	0.7117726666666667	2.0938566666666665	1.043313	3.0101876666666665	0.8394426666666667	2.7051893333333337	2.120267	2.850372	5.4237253333333335	3.0172066666666666	1.002554333333333	5.317342333333333	2.874915	2.604972	3.7861533333333335	6.924301666666667	3.7198503333333335	5.852989	0.976289	2.035368666666667	2.611900333333333	1.800812333333333	3.788305666666667	2.682344333333333	4.864722	3.642988	2.3220953333333334	0.8660613333333332	0.6880523333333333	2.002585	6.564034666666666	3.126847
9.622089666666666	2.2925776666666664	1.8208623333333327	2.4828076666666665	1.2548536666666668	4.635099666666665	0.3927023333333333	2.2550969999999992	8.029935333333333	0.7065743333333334	2.0436333333333336	0.9629653333333332	2.8568006666666665	0.845152	2.8760733333333333	2.1781683333333333	2.8486260000000003	5.482302333333332	3.034512666666666	0.9947653333333332	5.210348	2.964421	2.5920879999999995	3.837602333333334	6.968317333333333	3.8157103333333335	5.914588666666667	1.0349873333333333	2.0476926666666664	2.562657	1.8906676666666664	4.000181	2.754605	5.024564333333333	3.769040333333333	2.2247506666666665	0.8932233333333334	0.6979266666666666	2.083087	6.325339333333333	2.977673
9.769847	2.2358586666666667	1.757912	2.299087333333333	1.292626	4.704303666666666	0.4032373333333333	2.2618223333333334	7.607287333333333	0.7034473333333333	1.9818526666666667	0.8896826666666666	2.686076333333333	0.8521533333333332	3.064096333333333	2.237856333333333	2.834257	5.531004666666666	3.039458666666667	0.987086	5.110610333333332	3.069552333333333	2.59064	3.901306333333333	7.017567666666666	3.906638	5.951367666666666	1.098556	2.0546266666666666	2.5111746666666663	2.0073073333333333	4.223562666666667	2.8400853333333336	5.194012	3.894860333333334	2.1341186666666667	0.9209523333333334	0.7090253333333333	2.1655869999999995	6.109655999999999	2.822073666666667
9.913576333333332	2.167332	1.6875646666666664	2.147554	1.3327663333333333	4.763596333333332	0.4142263333333333	2.2709779999999995	7.232464	0.7024056666666667	1.9098976666666665	0.820819	2.502669	0.8606376666666666	3.268791666666667	2.2972156666666668	2.8163956666666667	5.572080999999999	3.033710666666666	0.9797523333333332	5.021997	3.1884213333333333	2.600216333333333	3.974441	7.079321666666665	3.981041	5.964959999999999	1.1660416666666666	2.057185	2.458909333333333	2.1460733333333333	4.446277666666666	2.9368263333333333	5.37871	4.020312666666667	2.053903666666667	0.9492296666666664	0.7215936666666666	2.249674	5.923759	2.660481333333333
10.05602	2.092477	1.611424	2.021308333333333	1.3758156666666663	4.817237333333333	0.4254736666666666	2.283557333333333	6.904140666666667	0.7033903333333332	1.8291456666666663	0.7541203333333334	2.3118856666666665	0.8707613333333333	3.489045	2.353992333333333	2.8029076666666666	5.606709666666667	3.018793333333333	0.9728663333333334	4.947773999999999	3.317946333333333	2.619774333333333	4.052231333333333	7.153938	4.028577333333334	5.957428666666666	1.236388	2.056795	2.407191666666667	2.299344	4.655275333333333	3.042188	5.578709666666666	4.145308333333333	1.9864213333333332	0.9779503333333333	0.7356703333333332	2.3348183333333337	5.774194666666666	2.4935596666666666
10.199565666666665	2.01645	1.5311960000000002	1.91287	1.4223576666666666	4.869865666666667	0.4368433333333332	2.294928333333333	6.6180683333333326	0.7062789999999999	1.7410846666666666	0.68882	2.11954	0.8825419999999999	3.722816666666666	2.406358	2.795335333333333	5.634566999999999	2.9963293333333327	0.9663636666666664	4.887333666666667	3.454259333333333	2.6480056666666667	4.129260666666667	7.233010333333333	4.042725666666667	5.931024	1.308867	2.055367333333333	2.357417	2.457132333333333	4.839397666666667	3.153004666666666	5.785420333333333	4.269909999999999	1.933486333333333	1.00703	0.7511163333333333	2.420562	5.667033999999999	2.3233226666666664
10.345602666666666	1.942984	1.4486196666666666	1.815809	1.472807666666667	4.925706	0.4484479999999999	2.2999856666666667	6.368525666666666	0.7109013333333334	1.6473066666666667	0.6253476666666666	1.9314403333333332	0.8957136666666667	3.967218333333333	2.4529943333333333	2.792199	5.654234000000001	2.9678853333333333	0.960041	4.839352333333333	3.593621666666667	2.683741666666667	4.200967666666667	7.307867333333333	4.019949	5.8871796666666665	1.3830703333333332	2.05494	2.3109199999999994	2.6092106666666663	4.990384999999999	3.2660026666666666	5.989231333333334	4.394392333333333	1.8972416666666667	1.036522	0.7677926666666665	2.506712333333333	5.60687	2.1530036666666663
10.49358733333333	1.8728116666666663	1.3653843333333333	1.7267126666666666	1.527124	4.9875713333333325	0.4609119999999999	2.298177333333333	6.149128333333333	0.7170349999999999	1.5495853333333334	0.5654046666666668	1.752834	0.9094223333333332	4.218226666666667	2.493316333333333	2.791440333333333	5.663068	2.934708333333333	0.9534836666666666	4.804624	3.7332686666666666	2.726299	4.265226	7.377739999999999	3.9600363333333335	5.825078	1.4590526666666666	2.057401	2.2688276666666662	2.7470456666666667	5.104850666666667	3.378214666666666	6.186731333333333	4.5193666666666665	1.8805046666666665	1.0667226666666665	0.7857630000000001	2.5936316666666666	5.595030666666666	1.9872023333333333
10.641221333333332	1.8047296666666668	1.2830036666666669	1.6445156666666665	1.5849186666666668	5.056636999999999	0.474947	2.2918716666666668	5.953906	0.7244693333333332	1.4501643333333332	0.5107223333333334	1.5880069999999995	0.9225663333333334	4.4710996666666665	2.5269043333333334	2.7909939999999995	5.657742333333333	2.897463333333333	0.9461503333333332	4.783393666666667	3.870987333333334	2.7750383333333333	4.320819999999999	7.446754666666666	3.86489	5.742109666666666	1.536839	2.064247	2.2320096666666664	2.864007	5.182459	3.4871963333333333	6.378965000000001	4.645255	1.883171666666667	1.0980059999999998	0.8054243333333333	2.682061666666667	5.630573333333332	1.830279
10.784058666666668	1.7359983333333333	1.2025749999999995	1.570627	1.6454506666666666	5.131649666666666	0.4909643333333333	2.285420333333333	5.778370333333333	0.7330493333333332	1.3521206666666663	0.4619153333333333	1.439491	0.9339893333333332	4.7205433333333335	2.553065	2.789014666666666	5.634543333333333	2.8557936666666666	0.937378	4.772113999999999	4.004867666666667	2.8289116666666665	4.36632	7.521663666666666	3.738404	5.633760333333334	1.6160213333333333	2.0762176666666665	2.200988333333333	2.9563046666666666	5.2253013333333325	3.5914863333333327	6.5707716666666665	4.771794999999999	1.8974893333333327	1.1306683333333334	0.8277586666666666	2.7731213333333327	5.710366666666667	1.6846683333333332
10.917874666666666	1.6634443333333333	1.124701333333333	1.506816333333333	1.7078666666666666	5.210686333333332	0.5088969999999999	2.282924	5.618572	0.7426729999999999	1.2582826666666669	0.419054	1.3085626666666663	0.942723	4.961398666666667	2.5712036666666664	2.7836056666666664	5.590712333333332	2.809115333333333	0.9265703333333332	4.764398333333333	4.1333253333333335	2.886731	4.400766	7.605570333333333	3.5857806666666665	5.495768666666666	1.6959449999999998	2.093459333333333	2.1762286666666664	3.022294	5.236340000000001	3.690303333333333	6.767749666666667	4.898908666666666	1.9124266666666665	1.1650793333333334	0.8540806666666667	2.868249333333333	5.830818	1.5515716666666668
11.041467333333332	1.5843836666666666	1.0492203333333332	1.453428	1.7713953333333332	5.292512	0.527912	2.286118	5.470443	0.7532646666666667	1.1699733333333333	0.3820773333333332	1.1952413333333332	0.9482216666666666	5.189397	2.581318	2.772625	5.5261700000000005	2.757391666666667	0.9133903333333332	4.751664999999999	4.255314333333334	2.9474033333333334	4.424731	7.690933333333333	3.413544333333333	5.326547666666666	1.775904	2.1154756666666668	2.1584306666666664	3.062745333333333	5.218328666666666	3.783538666666666	6.973624	5.02765	1.917199	1.2018609999999998	0.8858783333333333	2.969298333333333	5.989271333333333	1.4312493333333332
11.158765666666666	1.496994333333333	0.9755609999999998	1.4100876666666666	1.835407	5.375719333333333	0.5467933333333332	2.294866333333333	5.330635	0.7647399999999999	1.087388	0.3508463333333333	1.0987993333333332	0.9502723333333334	5.401247	2.583850333333333	2.754418666666666	5.443183666666666	2.7014386666666663	0.8977883333333334	4.729042333333333	4.370197999999999	3.0099403333333337	4.439904666666667	7.766690999999999	3.2287486666666663	5.128429333333332	1.8550956666666667	2.141338666666667	2.1484756666666667	3.0797816666666664	5.1733503333333335	3.871308333333333	7.189383	5.159391666666666	1.903941333333333	1.2418066666666665	0.9245236666666666	3.0782776666666667	6.184431666666667	1.3235543333333333
11.282262666666666	1.4010813333333334	0.9029873333333333	1.376339	1.899552	5.457679333333333	0.564273	2.306985333333333	5.197736333333333	0.7769356666666667	1.0096246666666666	0.3250483333333333	1.0179303333333334	0.9489673333333332	5.595066999999999	2.579717333333333	2.729032666666666	5.346824666666667	2.643482	0.8801326666666666	4.702264666666666	4.4777656666666665	3.073431	4.449005666666666	7.824795	3.038361333333333	4.910309666666667	1.932565	2.1697273333333333	2.1473793333333333	3.0764836666666677	5.102188333333332	3.953637333333333	7.411428333333334	5.294997333333333	1.8713196666666665	1.2858283333333331	0.970897	3.197106333333333	6.4171483333333335	1.2282026666666668
11.424890333333332	1.2978643333333333	0.8311396666666666	1.3520843333333332	1.963841	5.535323	0.579541	2.318564666666666	5.071327	0.7896726666666665	0.935657	0.3041193333333333	0.9509846666666666	0.944559	5.769745	2.570073	2.699165	5.243349333333333	2.586286333333333	0.8611356666666666	4.680477333333332	4.577830666666666	3.136785333333333	4.454629333333333	7.862993666666667	2.848093333333333	4.684661666666666	2.0070856666666663	2.199059666666667	2.155813	3.0561176666666663	5.004935333333333	4.030316333333333	7.633025333333333	5.4343933333333325	1.8231416666666664	1.3347746666666669	1.025306	3.327299333333333	6.689648666666666	1.1447746666666665
11.591498	1.1903850000000002	0.7606686666666665	1.3380013333333334	2.028876	5.606024333333333	0.5929273333333334	2.323755	4.951257666666667	0.8027966666666667	0.8652133333333333	0.2870516666666666	0.8960703333333334	0.9373256666666666	5.924620666666667	2.556195333333333	2.671998666666666	5.139009	2.5324726666666666	0.8419203333333334	4.669678333333334	4.66983	3.198390333333333	4.458092333333333	7.889392666666666	2.6607613333333333	4.465662666666666	2.076997333333333	2.2275226666666668	2.173524	3.0215153333333333	4.881266999999999	4.100753999999999	7.844819333333334	5.575979	1.768754	1.3892293333333334	1.0871936666666666	3.469526	7.005174	1.0726099999999998
11.777924666666664	1.0827163333333332	0.6926849999999999	1.3342679999999998	2.0954360000000003	5.668977666666667	0.6053266666666666	2.317423333333333	4.836419666666667	0.8162189999999999	0.7987936666666665	0.2727333333333333	0.8512563333333333	0.9275996666666666	6.059065333333332	2.539339	2.6556683333333333	5.039258666666667	2.484327	0.8238796666666668	4.670488	4.7528663333333325	3.256385333333333	4.459698666666666	7.918224	2.4771809999999994	4.265673666666666	2.1403126666666665	2.25328	2.199936333333333	2.97465	4.730284666666667	4.164427	8.03903	5.718338999999999	1.7187096666666666	1.4495619999999998	1.1557346666666666	3.624275333333333	7.366646333333332	1.0107086666666667
11.967336	0.9795963333333332	0.6283233333333333	1.339141	2.164127	5.727175333333333	0.6178203333333333	2.2982853333333333	4.723362333333333	0.8299403333333333	0.737843	0.2602296666666666	0.8147876666666667	0.9157496666666664	6.172129999999999	2.520569666666666	2.655669	4.947606333333333	2.443489	0.8086246666666667	4.674457666666666	4.825659	3.308849333333333	4.4586923333333335	7.967013999999999	2.29641	4.091199	2.1947866666666664	2.2746776666666664	2.2346566666666665	2.915874333333333	4.5501146666666665	4.221321	8.214321	5.862048999999999	1.6811416666666663	1.515923	1.2303046666666668	3.7924569999999993	7.775114333333333	0.957552
12.138617333333332	0.8855713333333333	0.56845	1.3499599999999998	2.235148333333333	5.785226	0.6312773333333334	2.268924666666666	4.6081346666666665	0.8439699999999999	0.6837796666666666	0.2488316666666666	0.7850666666666667	0.9021209999999998	6.262543999999999	2.500582	2.672121333333333	4.86573	2.410962333333333	0.797773	4.668854333333333	4.886863333333333	3.3539846666666664	4.453755	8.046485666666666	2.1173813333333333	3.944835666666666	2.2382033333333333	2.290321	2.277495333333333	2.8440729999999994	4.338819	4.2714566666666665	8.374760333333334	6.008843333333333	1.6624216666666665	1.5884186666666666	1.3103873333333331	3.975237	8.229589333333333	0.911581
12.273922	0.8040349999999999	0.5132973333333334	1.3639413333333334	2.307938333333333	5.847628666666666	0.645954	2.237169	4.488136333333333	0.8581866666666667	0.6369616666666666	0.2381506666666666	0.7607413333333334	0.8868993333333333	6.328609333333333	2.4793903333333334	2.695568666666666	4.792783	2.386817333333333	0.7926963333333332	4.640762666666666	4.9354	3.390317666666667	4.443286666666666	8.148367333333333	1.940487333333333	3.825821333333333	2.2687416666666667	2.2992643333333334	2.32845	2.756291	4.095486	4.31434	8.530519	6.161030333333333	1.667236	1.6672829999999998	1.395458	4.173882999999999	8.726029333333333	0.8717136666666667
12.366186999999996	0.7367699999999999	0.4627433333333333	1.3786556666666667	2.381392	5.917501	0.6616503333333333	2.213073	4.362528666666667	0.8722966666666666	0.5967626666666667	0.2280566666666666	0.7406176666666666	0.8701163333333334	6.368418999999999	2.4566976666666664	2.714296	4.726540666666667	2.370381	0.7944403333333334	4.585706333333333	4.970568	3.4166636666666665	4.425848333333333	8.255222	1.7678753333333337	3.731879333333333	2.285015	2.3009663333333337	2.387194333333333	2.648899	3.82138	4.348999333333333	8.693375999999999	6.320319666666666	1.698165	1.7528113333333333	1.4848013333333332	4.389433666666667	9.258373666666666	0.8373803333333334
12.429882999999998	0.6829286666666666	0.4164946666666666	1.3926359999999998	2.453912666666666	5.995031	0.6777856666666666	2.206559	4.23321	0.8856916666666668	0.5613866666666666	0.2186826666666666	0.723695	0.851561	6.379990666666666	2.432163	2.721	4.663846333333334	2.360119	0.8035009999999999	4.518713333333333	4.992311	3.432182	4.400607666666667	8.347661666666665	1.6042559999999997	3.6601683333333335	2.286341333333333	2.2954160000000003	2.452431333333333	2.518677333333333	3.5220359999999995	4.373847333333333	8.872734333333334	6.486395333333332	1.753845	1.845331333333333	1.5772656666666665	4.622274666666666	9.818728	0.8087500000000001
12.488013	0.6403989999999999	0.374543	1.4054893333333331	2.5239423333333333	6.079400333333332	0.6939433333333332	2.2243576666666667	4.103285666666666	0.8977336666666665	0.5291636666666667	0.210205	0.7090829999999999	0.831008	6.361550333333333	2.4055189999999995	2.7128140000000007	4.601062999999999	2.354208	0.8200393333333332	4.461650666666666	5.000818000000001	3.4362073333333334	4.366893	8.410675	1.454988333333333	3.607649333333333	2.272548333333333	2.282853333333333	2.522272	2.3643413333333334	3.206317	4.387153	9.073498	6.656897999999999	1.8279046666666663	1.945097	1.6714596666666663	4.872302333333333	10.398996	0.786304
12.561531666666667	0.6066759999999999	0.337657	1.4183656666666666	2.5904776666666667	6.170229999999999	0.7104803333333333	2.265730333333333	3.9759683333333338	0.907979	0.4998316666666667	0.202653	0.696025	0.8083923333333333	6.311916999999999	2.3767156666666667	2.692549333333333	4.534242666666667	2.3509420000000003	0.843925	4.432030666666667	4.996311666666666	3.428192333333333	4.323898333333333	8.441051	1.324336	3.5711366666666664	2.244072	2.263614	2.594421	2.188864333333333	2.886619333333333	4.387460666666667	9.29231	6.826874999999999	1.9062386666666664	2.0522176666666665	1.765915333333333	5.138904999999999	10.992215	0.770581
12.662758666666669	0.5792173333333333	0.3068463333333333	1.4325646666666667	2.6526810000000003	6.266864333333333	0.728059	2.324257	3.853567333333333	0.9161873333333332	0.4740729999999999	0.1961856666666666	0.6839793333333332	0.7837383333333333	6.230695666666666	2.3459633333333327	2.6659533333333334	4.4598976666666665	2.348648333333333	0.8746966666666668	4.436860666666666	4.979291999999999	3.407872333333333	4.271508333333333	8.444949000000001	1.214848	3.546787	2.2017886666666664	2.237951333333333	2.6666163333333333	1.998252666666667	2.5758856666666663	4.373899333333334	9.520063	6.991780333333333	1.973841	2.1668646666666667	1.859469	5.421369666666667	11.591987666666666	0.7621546666666666
12.786863	0.5557253333333333	0.2828386666666667	1.448256	2.709534	6.367121999999998	0.747266	2.3877863333333336	3.7363896666666654	0.9223506666666664	0.4532463333333333	0.1913706666666666	0.6728343333333332	0.7570946666666666	6.118818999999999	2.313905	2.6399886666666665	4.375973666666667	2.345533333333333	0.911335	4.46385	4.950968666666667	3.375554666666667	4.211458666666666	8.438198	1.126157	3.529444333333333	2.1470946666666664	2.2058843333333336	2.73707	1.8014163333333335	2.2847516666666663	4.346673666666667	9.742405666666668	7.150608666666665	2.021423	2.289548	1.9517746666666664	5.719145666666667	12.192029	0.7616506666666666
12.922122666666665	0.5343983333333333	0.2658503333333333	1.4647806666666667	2.7598876666666667	6.466203	0.768342	2.4438386666666663	3.624438	0.9266263333333332	0.4385456666666667	0.1888286666666666	0.6627276666666666	0.7286016666666666	5.978491666666666	2.2814406666666662	2.6193166666666667	4.281921	2.339542	0.9523876666666666	4.493718666666666	4.912877	3.3318293333333333	4.14659	8.435469333333334	1.055985	3.514376	2.081555333333333	2.1673166666666663	2.8045496666666665	1.6080323333333333	2.020792666666667	4.306689333333333	9.944857666666667	7.304614666666667	2.0450666666666666	2.4210286666666665	2.042933333333333	6.031393	12.786464333333331	0.7694963333333333
13.057669666666667	0.514429	0.2552063333333333	1.4808246666666665	2.8025569999999997	6.554955333333334	0.7908596666666667	2.4847096666666664	3.519031333333333	0.9293073333333332	0.4300613333333333	0.1888216666666666	0.6539773333333333	0.698606	5.813638	2.249653	2.602295333333333	4.179323666666667	2.328183333333333	0.9959056666666668	4.510233	4.866615666666666	3.277360333333333	4.080397666666666	8.439525	1.000411333333333	3.499259	2.0066813333333333	2.122149	2.868648333333333	1.426761333333333	1.7866769999999998	4.255356	10.117677	7.456660666666666	2.047463	2.562355	2.133269333333333	6.356296666666666	13.370445	0.7856003333333333
13.184816666666665	0.495708	0.2498946666666666	1.4951560000000002	2.8368186666666664	6.6246746666666665	0.814128	2.5064173333333333	3.422126333333333	0.9306786666666668	0.4267363333333334	0.1912873333333333	0.6468430000000001	0.6676476666666666	5.629244666666667	2.2194523333333334	2.5849796666666665	4.071041666666667	2.309308333333333	1.039706	4.503558333333332	4.813393333333333	3.212713	4.015859666666667	8.446836333333334	0.955138	3.4835896666666666	1.9238613333333332	2.070366	2.929204	1.2644776666666666	1.5823083333333334	4.193911	10.255131	7.609557666666666	2.034371333333333	2.7147093333333334	2.222907333333333	6.690992999999999	13.940601333333332	0.8095919999999999
13.298254333333333	0.4788419999999999	0.2490109999999999	1.5073329999999996	2.8630839999999997	6.672248333333334	0.8375456666666666	2.508869333333333	3.335802333333333	0.9308836666666668	0.4259883333333333	0.1957529999999999	0.6413123333333333	0.6365230000000002	5.43108	2.191156	2.564564333333333	3.960852	2.2820383333333334	1.0815363333333332	4.4750206666666665	4.753463666666667	3.138185	3.954056	8.451855666666665	0.916519	3.4686746666666664	1.834311	2.012172	2.98583	1.1248606666666665	1.4057529999999998	4.122683666666667	10.356125333333331	7.764575666666666	2.012332333333333	2.879337	2.311363666666667	7.031138	14.49597233333333	0.8409819999999999
13.394053666666666	0.4647006666666666	0.2519933333333333	1.5170736666666669	2.882368666666666	6.699175333333333	0.8608476666666667	2.4943643333333334	3.262216333333333	0.9300173333333333	0.4251793333333333	0.201726	0.6372123333333335	0.6060646666666667	5.224800333333333	2.1644723333333333	2.54056	3.85264	2.246464333333333	1.119319	4.431579666666667	4.686359333333333	3.054081	3.894418333333333	8.452256333333334	0.8816313333333333	3.4564056666666665	1.7391169999999998	1.9478643333333328	3.0378203333333333	1.0091146666666666	1.254419	4.041614333333333	10.422568333333333	7.922038666666666	1.986507	3.0573186666666663	2.398068	7.372048666666666	15.036274	0.8793420000000001
13.468024666666668	0.4540856666666666	0.2589123333333333	1.5236426666666665	2.895944	6.711967	0.8844366666666666	2.46732	3.2034916666666664	0.9282176666666666	0.4230683333333333	0.2090353333333333	0.6342963333333334	0.5769333333333332	5.014979666666665	2.1382806666666667	2.5163169999999995	3.7496736666666672	2.203639	1.15146	4.381860666666666	4.610881	2.9610026666666664	3.834367	8.454293666666667	0.848568	3.4482616666666663	1.6392533333333332	1.877778333333333	3.083964333333333	0.9156643333333334	1.125665	3.950627666666666	10.459226333333332	8.081697	1.95843	3.249265333333333	2.4829293333333333	7.709661333333333	15.560289333333332	0.9244843333333332
13.513707	0.4473813333333333	0.2700593333333333	1.5258326666666666	2.90487	6.718691333333334	0.908919	2.433224666666667	3.160168333333333	0.9256733333333332	0.4197189999999999	0.2177226666666666	0.6322863333333333	0.5495363333333333	4.80499	2.111070333333333	2.4953263333333333	3.654463333333333	2.154845	1.1767866666666666	4.3295683333333335	4.5255996666666665	2.859801	3.7704696666666666	8.465372666666665	0.8161236666666667	3.444466666666666	1.5356466666666666	1.8023	3.1225486666666664	0.8412796666666665	1.0169043333333332	3.849847333333333	10.472680333333331	8.243203666666666	1.9287543333333328	3.4551733333333328	2.566314666666666	8.040286	16.065135666666666	0.9762516666666664
13.520723000000002	0.4440393333333333	0.2855776666666667	1.5218819999999995	2.909434333333333	6.726097333333332	0.9346933333333332	2.398288	3.1291026666666664	0.922629	0.416732	0.2279846666666666	0.6309106666666666	0.5238686666666666	4.596399333333332	2.0812566666666665	2.4775409999999995	3.56832	2.1009876666666667	1.1946559999999995	4.266453666666667	4.429302666666668	2.7516226666666666	3.6992883333333335	8.486424666666666	0.783786	3.4427703333333333	1.429256	1.7219646666666666	3.1511736666666663	0.7814533333333333	0.925542	3.739804333333333	10.471380999999996	8.406534666666666	1.8997723333333332	3.67407	2.6492513333333334	8.360446	16.544905333333332	1.0343366666666665
13.484500666666667	0.4426226666666666	0.3052896666666667	1.5100329999999995	2.909104333333333	6.738044666666667	0.961788	2.369468	3.105574	0.9192923333333332	0.4160399999999999	0.240188	0.629892	0.4996523333333333	4.389743666666667	2.0475513333333333	2.460059333333333	3.491585666666667	2.0427216666666665	1.2047393333333332	4.185197666666666	4.321385333333334	2.637914666666666	3.618529333333333	8.511612333333334	0.7514223333333334	3.439818	1.3212126666666668	1.6375509999999998	3.1671386666666663	0.7313483333333333	0.848887	3.6213333333333337	10.465756333333331	8.571917333333332	1.8751823333333333	3.904490333333333	2.733316333333333	8.666867666666667	16.991508333333332	1.0984133333333332
13.418186333333336	0.4406193333333333	0.3284436666666667	1.489208	2.9022550000000003	6.753031666666667	0.9896136666666666	2.354573333333333	3.085172333333333	0.9157276666666666	0.418768	0.2548983333333333	0.6289486666666666	0.4764123333333334	4.184848	2.0094236666666667	2.437196333333333	3.423391333333333	1.980535333333333	1.2069633333333334	4.092726	4.202465	2.5205433333333334	3.528494	8.526397666666666	0.7191473333333334	3.4322496666666664	1.2130323333333335	1.550328666666667	3.167755666666667	0.6866073333333333	0.7839573333333333	3.495495	10.468756666666664	8.739713	1.8599196666666664	4.144805	2.820859	8.956631	17.394908666666666	1.1682793333333332
13.342907	0.4356136666666666	0.3540153333333333	1.4596263333333332	2.8874056666666665	6.766848	1.0174696666666665	2.359175333333333	3.0661656666666666	0.9119826666666666	0.4248719999999999	0.2723763333333333	0.6276693333333334	0.4537166666666666	3.9815873333333336	1.9666343333333332	2.403567333333333	3.3618016666666666	1.9150413333333327	1.201399	4.0028060000000005	4.073778999999999	2.4014193333333336	3.4307486666666662	8.515836	0.6871916666666666	3.41808	1.1063606666666668	1.4619216666666668	3.150705333333333	0.6438470000000001	0.7278696666666666	3.3630893333333334	10.490816	8.909016333333332	1.8574966666666664	4.393631666666666	2.914812999999999	9.22712	17.746449666666667	1.2436423333333333
13.280093333333332	0.4265913333333332	0.3809323333333333	1.423852333333333	2.8645343333333333	6.774395	1.0450033333333333	2.3824110000000003	3.0526473333333333	0.90823	0.432453	0.2919793333333333	0.6254076666666667	0.4314646666666666	3.7805716666666656	1.9189326666666668	2.3575413333333333	3.3035536666666667	1.8472403333333327	1.188249	3.9298136666666665	3.936832666666667	2.2821566666666664	3.327255	8.473296666666666	0.6558503333333334	3.3984646666666665	1.0027736666666665	1.3743316666666665	3.114574	0.6015666666666666	0.678218	3.2241136666666663	10.53339	9.075942333333334	1.8669316666666669	4.650285	3.0188103333333336	9.476229666666663	18.042771	1.3239083333333332
13.245748999999998	0.4140353333333332	0.4081803333333333	1.385301	2.8348336666666665	6.772433	1.072169	2.417989333333333	3.0508113333333333	0.9048456666666664	0.439223	0.3128613333333333	0.6215046666666666	0.4098323333333333	3.5830936666666666	1.8662256666666663	2.302430666666667	3.2451669999999995	1.7781186666666664	1.1677706666666667	3.8831626666666654	3.793242	2.164169666666667	3.220123333333333	8.403378666666667	0.6254543333333334	3.3760226666666666	0.9037296666666668	1.289607	3.058762	0.5595973333333332	0.6330796666666667	3.0784566666666664	10.589367666666668	9.235944333333332	1.8853186666666664	4.914136333333333	3.136659	9.702869666666665	18.28494633333333	1.408367666666667
13.243154666666666	0.4005413333333332	0.4349369999999999	1.3470226666666665	2.8008246666666663	6.762662333333332	1.0992523333333333	2.453534666666666	3.06574	0.9025806666666666	0.4438443333333333	0.3346546666666666	0.6155776666666666	0.3893433333333334	3.391243333333333	1.8089103333333327	2.249004	3.184008333333333	1.7081859999999995	1.140259	3.860239333333333	3.644681333333333	2.048734	3.1115473333333328	8.327639333333332	0.5963596666666666	3.353599	0.8104963333333334	1.2095429999999998	2.983787	0.519134	0.5911479999999999	2.9266339999999995	10.640772333333333	9.386136333333331	1.9097856666666664	5.183971333333334	3.2718983333333336	9.907906666666667	18.479044	1.4964183333333332
13.265754	0.3896003333333333	0.4605736666666666	1.3112336666666666	2.765331	6.748662333333332	1.1266856666666665	2.476082	3.099319333333333	0.902434	0.4460656666666666	0.3575963333333333	0.6074766666666667	0.3706526666666666	3.207387333333333	1.747888	2.2081416666666667	3.118466333333333	1.637654333333333	1.105987	3.8499436666666655	3.492809333333333	1.9370216666666664	3.003709	8.268346333333334	0.5688566666666667	3.333196666666667	0.7241869999999999	1.135467	2.891064	0.4819676666666666	0.5515986666666667	2.769916333333333	10.667356666666668	9.525812666666663	1.937698	5.457972666666667	3.4273073333333333	10.093182333333331	18.63267833333333	1.5876313333333334
13.296737333333333	0.3846289999999999	0.4847366666666667	1.2786313333333332	2.730544	6.733287666666666	1.1548969999999998	2.4774293333333333	3.147408	0.905614	0.4471473333333333	0.3828333333333333	0.5973676666666666	0.3543883333333333	3.033715	1.6847576666666664	2.183511	3.0484386666666663	1.5664949999999995	1.0651659999999998	3.833674666666666	3.3391833333333336	1.830085333333333	2.898607333333333	8.232392999999998	0.5430613333333334	3.314763	0.6457126666666667	1.0678679999999998	2.783084	0.4500163333333333	0.5141086666666667	2.610686	10.654487666666665	9.657721666666667	1.966765333333333	5.733553333333333	3.604156	10.260834	18.752047	1.6819159999999995
13.317743	0.3875599999999999	0.5071236666666666	1.2489309999999998	2.697539666666667	6.717679333333333	1.184111666666667	2.454511333333333	3.2038156666666664	0.9131713333333332	0.449026	0.4119076666666666	0.5854879999999999	0.340805	2.872008333333333	1.6212570000000002	2.173592333333333	2.974321	1.4945193333333333	1.0179026666666666	3.79476	3.1851846666666663	1.7288063333333332	2.79762	8.215505666666667	0.5190013333333333	3.297261666666666	0.5757443333333333	1.0066103333333332	2.662605333333333	0.4246313333333333	0.4785583333333333	2.451744333333333	10.594657	9.786504666666666	1.9952033333333328	6.007791666666666	3.8025896666666665	10.412180666666668	18.840004	1.7793346666666665
13.316761333333332	0.3970093333333332	0.5273070000000001	1.2210553333333332	2.665483	6.699912666666666	1.2140766666666665	2.411569333333333	3.263742333333333	0.9255983333333332	0.4536669999999999	0.4463386666666666	0.5719906666666666	0.3293523333333333	2.723247	1.5587666666666666	2.172345	2.896209666666666	1.4213469999999997	0.9641653333333332	3.728398	3.031872	1.6337539999999997	2.7007716666666663	8.203529666666666	0.4966859999999999	3.279452333333333	0.514549	0.9509366666666664	2.5320153333333337	0.405774	0.44482	2.295764	10.491426333333331	9.917696666666668	2.0221796666666667	6.277708333333333	4.0217133333333335	10.546425	18.893149	1.8799546666666669
13.288146666666664	0.4100106666666666	0.5447423333333332	1.193876	2.6329726666666664	6.676842666666666	1.2443153333333334	2.357333	3.325127333333333	0.943028	0.4622643333333333	0.4870266666666666	0.5568916666666666	0.3191319999999999	2.5878723333333333	1.4982510000000002	2.172929	2.813706	1.3465423333333333	0.9040493333333331	3.638869333333333	2.8800976666666664	1.5451793333333332	2.6070203333333333	8.180708333333333	0.4761066666666667	3.260535333333333	0.4619156666666666	0.899845	2.393397	0.3925069999999999	0.4127396666666666	2.145083	10.355476666666666	10.054980666666664	2.047878666666666	6.540057666666666	4.260877666666667	10.661608	18.905559333333333	1.983334
13.234203333333332	0.4233183333333333	0.5587969999999999	1.1668933333333331	2.599208	6.645776	1.2743153333333332	2.303818333333333	3.3905806666666667	0.9653333333333334	0.4741976666666666	0.5334913333333333	0.5400386666666667	0.3093083333333333	2.465796666666667	1.4400876666666669	2.170916333333333	2.725651	1.2697506666666665	0.8381516666666665	3.5391796666666666	2.7305546666666665	1.4628856666666663	2.514215333333333	8.137148666666667	0.457223	3.2408010000000003	0.4169096666666667	0.8523856666666666	2.248562	0.3832373333333333	0.382131	2.0014013333333334	10.203354666666664	10.196864666666666	2.0739773333333336	6.790971666666666	4.521166333333333	10.755307333333333	18.871688666666667	2.087900333333333
13.158582666666664	0.4344963333333332	0.5688796666666666	1.140296	2.5642636666666667	6.606995666666666	1.3037123333333331	2.261757	3.463810666666666	0.9923276666666666	0.4880423333333333	0.5847776666666666	0.5212233333333333	0.2993766666666667	2.356632	1.3844956666666668	2.1643133333333333	2.630643	1.1911033333333334	0.7676133333333333	3.4418116666666667	2.5839453333333333	1.386550333333333	2.420359333333333	8.070988666666667	0.4399023333333333	3.2205656666666664	0.3782916666666666	0.8077616666666666	2.099268333333333	0.3763576666666666	0.3528799999999999	1.8660106666666665	10.051444	10.338712666666666	2.102834333333333	7.026037333333333	4.805649333333333	10.825690666666665	18.788035333333333	2.1918096666666664
13.061102	0.4431856666666666	0.5746453333333333	1.115174	2.5295376666666667	6.566887333333333	1.33254	2.235831	3.546494	1.0239279999999995	0.5023446666666666	0.6402433333333333	0.500335	0.2895716666666666	2.2597279999999995	1.3318743333333332	2.154109333333333	2.5274883333333333	1.111778333333333	0.6943849999999999	3.3501366666666668	2.441140666666666	1.3159916666666664	2.324937333333333	7.992573999999999	0.4238363333333333	3.1991339999999995	0.3448313333333333	0.7655136666666666	1.947395	0.370866	0.3250763333333333	1.7398406666666664	9.910210333333334	10.473819	2.136925	7.240227000000001	5.120390666666666	10.872833333333332	18.655227666666665	2.2938156666666667
12.943792666666669	0.4501413333333333	0.5760103333333333	1.0927776666666666	2.4966540000000004	6.532244333333333	1.3611733333333331	2.227274	3.63882	1.060142666666667	0.5164006666666666	0.6998599999999999	0.4773683333333333	0.2804693333333333	2.174289	1.282863	2.141150333333333	2.4153463333333334	1.0335023333333333	0.6208333333333333	3.264803333333333	2.3031513333333336	1.2512416666666666	2.228848666666667	7.913845333333334	0.4086663333333332	3.1754746666666667	0.3154916666666666	0.7253386666666667	1.7948956666666662	0.366237	0.298962	1.6235406666666663	9.785127666666664	10.595671	2.1781496666666667	7.428584	5.473079666666666	10.898376999999998	18.47599	2.3935093333333333
12.818210666666667	0.4566289999999999	0.5732929999999999	1.0738266666666667	2.466461	6.504554333333333	1.390404	2.235228	3.7397423333333335	1.101056	0.5312643333333333	0.7646179999999999	0.4525379999999999	0.2727336666666666	2.099382	1.238424	2.1232683333333333	2.2940106666666664	0.958205	0.5495193333333332	3.1895576666666665	2.171146	1.1926476666666666	2.134747	7.838371	0.394121	3.1488853333333333	0.2896486666666667	0.6870413333333333	1.643729	0.3624453333333333	0.2749129999999999	1.517394	9.675824	10.700149333333334	2.226923	7.586990999999999	5.872102	10.905717666666666	18.253891	2.4918116666666665
12.700164333333332	0.4635913333333332	0.5669043333333333	1.0587476666666666	2.4392406666666666	6.481656666666667	1.4210469999999995	2.257099	3.847673	1.146674	0.549324	0.8356416666666665	0.4261526666666666	0.2667896666666666	2.034076	1.1996443333333335	2.0978883333333336	2.163826	0.8876106666666668	0.4828013333333333	3.129503	2.0463116666666665	1.1404796666666666	2.045687333333333	7.763459999999999	0.3801196666666666	3.1191956666666663	0.2668373333333333	0.6504840000000001	1.4956826666666665	0.3595993333333332	0.2532283333333333	1.421282	9.577538333333337	10.785226666666665	2.282340333333333	7.712322333333333	6.324045333333332	10.898349333333334	17.992879666666663	2.590071
12.605154666666667	0.470875	0.5571280000000001	1.0477856666666667	2.4147993333333333	6.458502666666665	1.453584	2.287746	3.9609116666666666	1.1967173333333334	0.5742806666666667	0.913365	0.3985939999999999	0.2624913333333333	1.9775643333333333	1.167549333333333	2.064912	2.025885333333333	0.8227726666666666	0.4223756666666666	3.0890956666666662	1.929753333333333	1.0945186666666664	1.9639633333333333	7.681133999999999	0.3669463333333333	3.087069	0.246578	0.6156476666666666	1.3521473333333334	0.3576913333333333	0.2339096666666666	1.334493333333333	9.480548333333331	10.851209333333331	2.3418156666666667	7.802982666666667	6.830545333333334	10.878376	17.697263666666665	2.689328333333333
12.543649666666663	0.4779909999999999	0.5441473333333333	1.0409896666666667	2.393045333333333	6.430045333333333	1.488252666666667	2.3196159999999995	4.078213999999999	1.2505996666666666	0.6097153333333333	0.997878	0.3702636666666666	0.259466	1.929208	1.143042	2.0272053333333333	1.8820236666666663	0.7643666666666666	0.369328	3.070484333333333	1.8224826666666667	1.0542969999999998	1.891255	7.584889333333332	0.3550146666666666	3.053188333333333	0.2283976666666666	0.5825923333333334	1.2143863333333331	0.3567786666666666	0.2167843333333333	1.2561196666666663	9.372445	10.898257666666664	2.4017136666666663	7.858219333333334	7.389937	10.846974666666666	17.37233033333333	2.790206333333333
12.514386666666663	0.4848929999999999	0.528132	1.0380213333333337	2.3745726666666664	6.393844	1.525094333333333	2.342202333333333	4.1994810000000005	1.3072843333333333	0.6576466666666666	1.0892303333333333	0.3415943333333334	0.257447	1.8886246666666664	1.126792	1.991686333333333	1.7351496666666668	0.7128003333333333	0.3239353333333333	3.0707673333333334	1.7253786666666666	1.0192716666666664	1.828616	7.476745999999999	0.3446943333333333	3.017521333333333	0.2118989999999999	0.5515083333333334	1.083786666666667	0.3572563333333333	0.201605	1.1853676666666666	9.239505	10.924082666666663	2.457693	7.877856333333334	7.997656666666666	10.804648	17.025407	2.892745
12.506125666666666	0.4922143333333333	0.5093323333333333	1.038154	2.360606	6.349159333333333	1.5641486666666666	2.3460916666666667	4.325315	1.3654219999999997	0.718916	1.1877453333333332	0.3130356666666666	0.2563766666666666	1.855587	1.119365	1.9644773333333332	1.5887663333333333	0.668322	0.285977	3.081437666666667	1.6390396666666665	0.9889456666666664	1.7766723333333334	7.3640116666666655	0.3361813333333333	2.9799526666666662	0.196816	0.5226323333333334	0.9619083333333334	0.3597749999999999	0.188145	1.121568	9.070304	10.925968	2.5064356666666665	7.862184333333333	8.647660333333333	10.751471	16.665270333333332	2.996997333333333
12.496342333333333	0.501723	0.4882476666666666	1.0400886666666669	2.353075	6.296563333333333	1.6056449999999998	2.327622666666666	4.4567863333333335	1.4233566666666666	0.7932623333333333	1.2943696666666664	0.285088	0.256585	1.8299496666666664	1.1212836666666666	1.9458166666666663	1.446718333333333	0.6309696666666667	0.2548049999999999	3.0862576666666666	1.563496	0.9629526666666666	1.7355200000000002	7.2574766666666655	0.3293623333333332	2.9409886666666663	0.1831273333333333	0.4962249999999999	0.8505506666666666	0.3652186666666667	0.1763146666666666	1.0641789999999998	8.860349000000001	10.902923	2.5479229999999995	7.812114	9.332874666666664	10.687067	16.301915333333334	3.10362
12.462926	0.515432	0.4654493333333333	1.0422406666666666	2.3538276666666667	6.237664333333334	1.6497609999999998	2.288215666666667	4.594885666666666	1.4792526666666663	0.880401	1.410245	0.2582793333333333	0.2584576666666666	1.8114756666666665	1.1330856666666669	1.932567	1.3126799999999998	0.600549	0.229569	3.069656	1.4981099999999998	0.9408406666666664	1.7043803333333334	7.166976666666666	0.3239986666666666	2.9016653333333333	0.170928	0.472442	0.7512003333333332	0.3742143333333333	0.1660633333333333	1.0125796666666669	8.611195333333333	10.856020999999998	2.5854546666666662	7.728685	10.045045	10.610307666666666	15.94461	3.213719
12.396041666666664	0.5347936666666666	0.4414696666666666	1.0428723333333334	2.363778	6.175304666666667	1.6963906666666668	2.2354666666666665	4.739962666666667	1.5311513333333335	0.9809426666666664	1.536298	0.2331659999999999	0.26216	1.7995936666666663	1.155332	1.919899	1.1895966666666664	0.5764779999999999	0.209311	3.025748	1.4412406666666668	0.921789	1.6807983333333332	7.096538333333332	0.3198896666666666	2.8635683333333333	0.1603356666666666	0.451213	0.664353	0.3865356666666666	0.1572993333333333	0.965829	8.331904333333334	10.789207666666668	2.6263816666666666	7.612679	10.773867	10.518675333333332	15.59955	3.328787333333333
12.296305666666669	0.5602539999999999	0.41677	1.040124	2.3830226666666663	6.112641333333333	1.745262	2.179874	4.891832666666667	1.577149666666667	1.0954476666666666	1.6730326666666666	0.21019	0.267572	1.7933816666666669	1.188423	1.9037553333333328	1.0796606666666666	0.5580226666666668	0.1930739999999999	2.9575613333333326	1.3906663333333331	0.9047363333333333	1.661099	7.043158	0.316876	2.8280546666666666	0.1513636666666666	0.4322913333333333	0.5897299999999999	0.4012886666666666	0.14986	0.9228163333333332	8.035678333333333	10.706463333333334	2.676085333333333	7.464941333333333	11.507578333333331	10.408608333333332	15.269982333333331	3.450353333333333
12.175763333333332	0.5904889999999999	0.3917526666666667	1.0320200000000002	2.410666	6.052260666666667	1.7960636666666667	2.1325570000000003	5.049779	1.6156066666666666	1.22341	1.8201506666666665	0.1895116666666666	0.2741936666666666	1.7913973333333333	1.232322	1.8833906666666669	0.9840196666666668	0.5444326666666666	0.1799499999999999	2.878801	1.3438256666666664	0.8884229999999999	1.6404169999999998	6.993558666666666	0.3148613333333333	2.795408	0.1437656666666666	0.4152903333333333	0.52624	0.416883	0.1434643333333333	0.8823679999999999	7.737971666666667	10.608943	2.7312173333333334	7.286798	12.233148333333334	10.275590666666666	14.955225666666664	3.579606666666667
12.047714	0.6228619999999999	0.3668133333333332	1.0171956666666666	2.4453693333333337	5.995539000000001	1.8485883333333333	2.101811333333333	5.213643666666666	1.6451456666666668	1.363822	1.9766686666666664	0.1710719999999999	0.2813516666666666	1.7919453333333335	1.286793	1.860426	0.9030693333333332	0.5349446666666666	0.1691286666666666	2.804567333333333	1.2982686666666663	0.8717089999999998	1.6142053333333333	6.932958666666666	0.3136953333333333	2.765211666666666	0.137164	0.3997893333333334	0.472402	0.4315239999999999	0.1378173333333333	0.8433679999999999	7.451429333333333	10.495322333333332	2.783293666666666	7.080180666666667	12.938807666666667	10.115463999999998	14.652575	3.717326
11.917732333333332	0.6535116666666666	0.3424446666666667	0.995883	2.485734333333333	5.941461666666666	1.9029326666666664	2.0887403333333334	5.384996666666667	1.6647776666666665	1.5157046666666667	2.1407106666666667	0.1546216666666666	0.288416	1.793252	1.351569	1.8385193333333327	0.8364693333333334	0.5287219999999999	0.1599296666666666	2.742936333333333	1.252192	0.8539203333333332	1.579907333333333	6.853416333333333	0.3130666666666666	2.7365296666666663	0.1311366666666666	0.3854593333333332	0.4266236666666666	0.4436453333333333	0.1326946666666666	0.8049166666666666	7.180004666666668	10.361555	2.8211343333333327	6.847949	13.617090333333334	9.926045666666669	14.358487333333334	3.863604
11.788286	0.678742	0.3191626666666666	0.9696716666666666	2.5309403333333336	5.886966666666667	1.959355	2.089859333333333	5.565713666666666	1.6738583333333332	1.678667666666667	2.3096886666666663	0.1399123333333333	0.295018	1.793785	1.4266786666666669	1.820684	0.7836289999999999	0.5248906666666667	0.151813	2.696783333333333	1.2046126666666668	0.8348453333333333	1.5371953333333332	6.753359333333333	0.3125963333333333	2.7083759999999995	0.125333	0.3720773333333333	0.3874956666666667	0.4521683333333333	0.127951	0.7663826666666665	6.922216333333334	10.203605666666668	2.836790666666666	6.5935310000000005	14.263847333333334	9.707406666666666	14.070852666666667	4.017963
11.662742	0.6965333333333333	0.297488	0.941684	2.5815783333333333	5.826639666666667	2.018210333333333	2.098076	5.756457333333333	1.6722086666666665	1.853694333333333	2.480156	0.1269093333333333	0.3013903333333333	1.792644	1.5128643333333334	1.806609666666667	0.7441066666666667	0.522596	0.1443996666666666	2.6642263333333336	1.1558606666666664	0.814867	1.4889453333333331	6.638937333333332	0.3119426666666666	2.680105	0.1195973333333333	0.3595989999999999	0.3541543333333333	0.4569403333333333	0.1235243333333333	0.727583	6.6726263333333335	10.020286	2.832374333333333	6.320783333333334	14.878202	9.462988666666664	13.791714	4.1792126666666665
11.544943	0.706429	0.2779193333333333	0.9154193333333334	2.639237	5.755402333333333	2.079800333333333	2.1053116666666667	5.955960999999999	1.6599953333333333	2.042604333333333	2.6482566666666667	0.1157006666666666	0.307979	1.7893096666666668	1.6114149999999998	1.7947826666666666	0.7177959999999999	0.5214196666666666	0.1374733333333333	2.641035	1.1068516666666668	0.7945603333333333	1.4394326666666668	6.519421	0.3108413333333333	2.6511019999999994	0.1139676666666666	0.3480446666666666	0.3259886666666667	0.4584109999999999	0.1194176666666666	0.6886823333333333	6.424953	9.813487666666664	2.816107333333333	6.033837666666667	15.459174666666668	9.19756	13.526046666666666	4.345842333333334
11.438335333333336	0.7099733333333333	0.260915	0.8937236666666666	2.7064646666666663	5.671313666666667	2.144244333333333	2.104654333333333	6.159743999999999	1.6377583333333332	2.247594333333333	2.810023	0.1064593333333333	0.3151786666666666	1.7835199999999998	1.7241483333333334	1.7843176666666667	0.7052093333333332	0.521935	0.1309943333333333	2.621927666666666	1.0585833333333332	0.7743616666666667	1.3929379999999998	6.403884	0.3092036666666666	2.6205046666666667	0.1087163333333333	0.3374183333333332	0.3024656666666667	0.4575576666666667	0.115672	0.6502383333333334	6.174588	9.589229333333334	2.799780333333333	5.737085	16.002265666666666	8.915726666666666	13.281471	4.51623
11.345212666666663	0.70961	0.2468473333333333	0.8785736666666667	2.786369333333333	5.574903	2.211543333333333	2.0921016666666663	6.362119999999999	1.606225	2.468946666666666	2.961848	0.0992493333333333	0.3232679999999999	1.7750586666666666	1.8526486666666664	1.7750206666666666	0.7070356666666666	0.525192	0.1250396666666666	2.6023929999999997	1.011671	0.7544943333333333	1.352299666666667	6.298742333333333	0.3070249999999999	2.5875790000000003	0.1041723333333333	0.327716	0.283035	0.4556413333333333	0.112334	0.612902	5.919074333333333	9.353741333333334	2.791339	5.435088666666667	16.49978	8.621160999999999	13.065912999999998	4.688549666666667
11.265254	0.70796	0.2359243333333333	0.8705153333333332	2.8824856666666667	5.469296333333332	2.281610333333333	2.0692816666666665	6.557879999999999	1.5661980000000002	2.7020196666666663	3.1010349999999995	0.0938363333333333	0.3323836666666667	1.7635786666666666	1.99744	1.7675203333333331	0.7237619999999999	0.5323076666666666	0.1197343333333333	2.5804473333333333	0.9658266666666666	0.7348319999999999	1.317002333333333	6.2048	0.3043573333333333	2.552224	0.100549	0.3189286666666666	0.2670976666666666	0.4541016666666666	0.1093973333333333	0.5771729999999999	5.659283666666667	9.109722666666666	2.786703333333333	5.132511666666667	16.940074666666664	8.315676	12.885350666666666	4.860462
11.194450333333332	0.7071459999999998	0.228205	0.8688483333333333	2.998464	5.35887	2.3542683333333336	2.040927	6.743163999999999	1.5184436666666663	2.9391566666666664	3.225251666666667	0.08982	0.3425496666666666	1.7486306666666669	2.1582323333333333	1.7627753333333334	0.7554893333333332	0.5440446666666666	0.1151946666666666	2.554175	0.9203403333333332	0.7150310000000001	1.2845216666666666	6.120867333333333	0.3012356666666667	2.514845	0.0979026666666666	0.3110603333333333	0.2540496666666667	0.45418	0.106795	0.543359	5.397979666666667	8.857712	2.777697333333333	4.833655	17.309546333333333	8.000021	12.743045333333336	5.028769
11.12305	0.7079756666666667	0.2235649999999999	0.8712906666666665	3.1377423333333327	5.248443333333333	2.4292233333333333	2.0133536666666667	6.916753	1.4635663333333335	3.1706259999999995	3.3321186666666662	0.08674	0.353699	1.7296443333333331	2.3339236666666663	1.7616703333333332	0.8016336666666667	0.560232	0.1114133333333333	2.519562	0.874459	0.6945626666666667	1.2510076666666663	6.046548333333333	0.2976136666666666	2.4764233333333325	0.0960143333333333	0.3041273333333333	0.2433736666666666	0.4564636666666666	0.1043689999999999	0.5114966666666667	5.139245	8.596879666666666	2.758993	4.541787	17.593943	7.674387999999999	12.637642333333332	5.1886996666666665
11.042071333333332	0.7101853333333333	0.2217996666666666	0.8748986666666667	3.302961	5.142350666666666	2.5062206666666667	1.9920426666666664	7.078848	1.402027	3.386653999999999	3.419286	0.0841609999999999	0.3656976666666667	1.7060449999999998	2.522999	1.764388	0.8611213333333332	0.5799566666666667	0.1082469999999999	2.473897	0.8277166666666667	0.6729623333333332	1.2129903333333332	5.981303333333332	0.2933926666666667	2.4381086666666665	0.0945246666666666	0.2981183333333333	0.234562	0.4607616666666667	0.1019696666666666	0.4815413333333332	4.887788	8.325805333333333	2.729758333333333	4.2591046666666665	17.780844000000002	7.339289666666667	12.563981333333333	5.334651666666666
10.950257666666667	0.712302	0.2227143333333333	0.876744	3.4951656666666664	5.043233666666666	2.5852536666666666	1.979140333333333	7.230393666666666	1.3341263333333333	3.579416	3.484637333333333	0.0817866666666666	0.3783566666666667	1.6773426666666666	2.723763	1.769475	0.9324086666666668	0.6014746666666666	0.1053263333333333	2.420014	0.7803393333333332	0.6500586666666668	1.1690653333333334	5.922894666666666	0.2884336666666666	2.400958333333333	0.0929806666666666	0.2929346666666667	0.2270803333333333	0.4657346666666667	0.0995489999999999	0.4535233333333333	4.648625333333333	8.043059666666666	2.696042333333333	3.986323	17.862820999999997	6.996536	12.512420333333331	5.460714333333334
10.852144333333332	0.7125993333333333	0.2262476666666666	0.8747050000000001	3.715158333333333	4.951239999999999	2.666557333333333	1.9750646666666665	7.372069666666666	1.2602973333333334	3.743619	3.5267253333333324	0.0794023333333333	0.391418	1.6431536666666666	2.934496	1.77408	1.0137359999999995	0.6229423333333333	0.1022573333333333	2.364663	0.7329186666666666	0.6258766666666666	1.1190223333333331	5.866397	0.2826086666666666	2.3662056666666667	0.0910086666666666	0.2884403333333333	0.2203966666666666	0.4696986666666666	0.0971696666666666	0.427548	4.426356333333334	7.749009999999999	2.6652416666666663	3.723739333333333	17.836395666666665	6.648761333333333	12.471956666666667	5.561899
10.757645	0.709892	0.2326063333333333	0.8684883333333333	3.964824	4.862421666666666	2.7507106666666665	1.979401	7.503314	1.1814683333333331	3.877966666666666	3.545487	0.0768976666666666	0.4045313333333333	1.6032536666666666	3.1536056666666665	1.7739343333333333	1.103285	0.6430813333333334	0.098788	2.3178666666666663	0.6862353333333332	0.6005986666666666	1.0633893333333333	5.802660666666666	0.2758516666666666	2.335559	0.0884679999999999	0.2845033333333333	0.214058	0.4713166666666666	0.0950113333333333	0.4038053333333333	4.224161666666666	7.448258666666666	2.6408543333333334	3.472081333333333	17.70263166666667	6.2993266666666665	12.432700333333331	5.635709
10.676566	0.7035413333333332	0.2420413333333333	0.859129	4.246980666666667	4.771837	2.838389	1.990801333333333	7.622518666666666	1.099016	3.982957	3.541770666666666	0.0742536666666666	0.4173783333333333	1.5576203333333334	3.37971	1.766215333333333	1.1992633333333331	0.6611926666666667	0.0948356666666666	2.288248333333333	0.6411836666666666	0.5746163333333333	1.003359	5.723704333333333	0.2681763333333333	2.310296333333333	0.0854049999999999	0.2810246666666666	0.2077513333333333	0.4698333333333332	0.0932823333333333	0.3824926666666666	4.043094666666667	7.147473	2.6218853333333336	3.232341666666667	17.466153666666663	5.9522086666666665	12.386317	5.681479
10.613228333333332	0.6935576666666666	0.2545983333333333	0.8488576666666666	4.565382	4.676316333333333	2.930172	2.0062596666666668	7.726900333333333	1.014877	4.059438999999999	3.5171963333333327	0.0715893333333333	0.429817	1.5065456666666666	3.6117836666666663	1.7528766666666666	1.2999766666666666	0.677319	0.0905359999999999	2.2779229999999995	0.5987809999999999	0.5486639999999999	0.9410923333333332	5.628420666666667	0.2596969999999999	2.290139	0.0820243333333333	0.2779846666666666	0.2014249999999999	0.4654673333333333	0.0920986666666666	0.363753	3.880547333333333	6.853794333333333	2.6009753333333334	3.005594333333333	17.135843333333334	5.6122483333333335	12.326806333333332	5.700335666666667
10.567374333333332	0.6801769999999998	0.2700746666666667	0.8399986666666667	4.923223333333333	4.574437	3.0264200000000003	2.0218293333333333	7.813155333333333	0.9312183333333331	4.108063999999999	3.473532333333333	0.069073	0.4418723333333333	1.4505349999999997	3.848753333333333	1.7381626666666663	1.4036339999999998	0.691715	0.0861173333333333	2.284356666666666	0.5600406666666666	0.5236963333333333	0.879339	5.518691666666666	0.2505843333333333	2.273516	0.0786023333333333	0.2753983333333333	0.1951946666666666	0.4590143333333333	0.0914813333333333	0.3477313333333333	3.7318146666666663	6.573085	2.568672	2.792707333333333	16.723141666666667	5.284626666666666	12.249179333333332	5.694024000000001
10.533738	0.6635263333333333	0.287891	0.8339063333333333	5.321291333333333	4.46685	3.127092666666667	2.0331943333333333	7.877868666666666	0.8501803333333333	4.128994	3.412159	0.066859	0.4537673333333333	1.3902749999999997	4.089051	1.726556	1.50809	0.7044133333333333	0.0817746666666666	2.300727	0.5258296666666666	0.5008206666666667	0.8212863333333332	5.396283666666667	0.2410093333333333	2.257471333333333	0.0753983333333333	0.2733003333333333	0.1893176666666666	0.4516483333333333	0.0912899999999999	0.334623	3.591107666666667	6.307887	2.517265	2.593992	16.241483666666667	4.974465	12.148640999999998	5.663998
10.505792666666665	0.643709	0.3073343333333333	0.8313436666666667	5.757560666666667	4.354475999999999	3.231842	2.038028	7.917560666666667	0.7736346666666666	4.1228843333333325	3.333891333333333	0.0650756666666666	0.46576	1.3265683333333331	4.330606333333333	1.7201863333333332	1.6107716666666665	0.7152543333333333	0.077654	2.318935	0.496745	0.4809666666666666	0.7701146666666667	5.262152	0.2311453333333333	2.2388993333333334	0.0726499999999999	0.2716966666666667	0.1840689999999999	0.4445123333333333	0.0913493333333333	0.3246149999999999	3.454333666666667	6.0590053333333325	2.4446936666666668	2.4094136666666666	15.70485	4.686118333333334	12.020879333333331	5.611084666666666
10.478998333333331	0.6209216666666666	0.3277406666666667	0.8326556666666667	6.225638	4.237001666666666	3.340011333333333	2.038979666666666	7.928743999999998	0.7028446666666667	4.092033666666667	3.2386763333333324	0.0638103333333333	0.477985	1.260306333333333	4.570631	1.7155919999999998	1.7084510000000002	0.7238983333333333	0.07381	2.332028666666667	0.4728733333333333	0.4644696666666667	0.7284499999999999	5.116232333333333	0.2211379999999999	2.215782	0.0705286666666666	0.2705363333333333	0.1796463333333333	0.4383363333333333	0.0915353333333333	0.3177733333333333	3.322439333333333	5.826421666666667	2.360161	2.238684	15.126549	4.422146999999999	11.862812999999996	5.5349873333333335
10.452033666666663	0.5957199999999999	0.348544	0.8380723333333333	6.715914	4.114295333333333	3.450958	2.040933666666666	7.908523	0.6386299999999999	4.039220666666666	3.126381333333333	0.0630946666666666	0.4905076666666667	1.1924446666666664	4.805610333333333	1.7066926666666664	1.7976393333333331	0.7300706666666665	0.0702803333333333	2.335579666666667	0.4538213333333333	0.4511273333333333	0.6974646666666666	4.961021666666666	0.2111406666666666	2.187418333333333	0.0691196666666666	0.2697526666666666	0.1761863333333333	0.4336376666666666	0.0917986666666666	0.3139783333333333	3.1993413333333334	5.609753333333333	2.2775146666666664	2.081358	14.518218666666666	4.1833253333333325	11.673080333333331	5.435153666666667
10.428740333333332	0.5693769999999999	0.369332	0.8477796666666668	7.215341666666665	3.988148333333333	3.5643903333333333	2.048858	7.855589666666667	0.5813636666666666	3.966545	2.997646666666667	0.0628769999999999	0.5033416666666667	1.123969	5.031012666666666	1.6873749999999996	1.8749123333333333	0.7338083333333334	0.067117	2.329943	0.4385796666666667	0.440072	0.6754263333333334	4.806037999999999	0.2013113333333333	2.155040666666667	0.068349	0.2693303333333333	0.1737603333333333	0.4308309999999999	0.0921909999999999	0.312749	3.0906756666666664	5.408291999999999	2.210052	1.9368503333333331	13.888232333333333	3.9679946666666654	11.453153	5.311564333333332
10.413548	0.5435133333333333	0.389762	0.8612083333333332	7.708932666666666	3.862421666666666	3.680246	2.066233333333333	7.770428333333333	0.5311413333333332	3.874794	2.854215	0.0630436666666666	0.516408	1.0557966666666667	5.241804666666667	1.6560826666666666	1.9372713333333331	0.7353016666666666	0.064382	2.3187873333333338	0.4259313333333333	0.4302396666666666	0.6591716666666665	4.663506666666667	0.1918383333333333	2.1203143333333334	0.0680766666666666	0.2692576666666667	0.1723433333333333	0.4301196666666667	0.0927979999999999	0.3134463333333333	3.00084	5.220792666666666	2.167525	1.8044153333333333	13.243134	3.7732706666666656	11.205611	5.165086666666667
10.407145999999996	0.5197733333333333	0.4094993333333332	0.8759979999999999	8.180479666666667	3.7435766666666654	3.798657666666666	2.092927	7.656274666666667	0.4878070000000001	3.762402333333333	2.699687	0.063442	0.529458	0.98862	5.432788	1.6215373333333334	1.9826843333333333	0.7347226666666666	0.0621016666666666	2.3085496666666665	0.4147656666666666	0.4207646666666666	0.6450753333333332	4.544400666666666	0.1829209999999999	2.084109	0.068158	0.269511	0.1717323333333333	0.4312719999999999	0.0936743333333333	0.3153753333333333	2.9295223333333333	5.044973000000001	2.1519326666666667	1.6830746666666665	12.588474333333334	3.5958126666666663	10.932756999999995	4.998099
10.407782333333332	0.4994193333333333	0.428158	0.8891063333333333	8.614534	3.636887	3.919685666666667	2.125326333333333	7.517990333333333	0.4509623333333333	3.626839333333333	2.538802333333333	0.0638863333333333	0.5422893333333334	0.9229873333333332	5.599047333333333	1.5950216666666666	2.009916	0.731984	0.0602683333333333	2.3039166666666664	0.4041466666666666	0.4110736666666666	0.6299836666666666	4.454405	0.1747366666666666	2.0470873333333333	0.068457	0.2700336666666666	0.171593	0.4338083333333333	0.0948263333333333	0.3178573333333333	2.8717330000000003	4.877869666666667	2.1578963333333334	1.5717476666666663	11.930405666666667	3.4326496666666664	10.635755333333334	4.813955333333333
10.41213	0.4827539999999999	0.4452663333333333	0.8976786666666666	8.998785	3.5422286666666665	4.043083333333334	2.155371	7.361621999999999	0.4198803333333333	3.465904666666666	2.377075333333333	0.0641809999999999	0.5549583333333332	0.8593093333333333	5.736554999999999	1.5833293333333331	2.0186976666666667	0.7264036666666667	0.058796	2.303039666666667	0.3934190000000001	0.401066	0.612246	4.388213666666666	0.167344	2.0103500000000003	0.0688456666666666	0.2707486666666666	0.1714836666666666	0.4370743333333333	0.096191	0.3202606666666666	2.8165136666666664	4.716194	2.1706776666666667	1.4693569999999998	11.277328	3.2821163333333327	10.313583333333332	4.616734999999999
10.417640333333336	0.4694506666666666	0.4603573333333333	0.8994833333333333	9.324280333333334	3.4564296666666663	4.1685	2.1747723333333333	7.193494666666667	0.3936686666666666	3.2798993333333337	2.219414	0.0641823333333333	0.5676643333333333	0.7979243333333333	5.842472333333332	1.588791333333333	2.009310333333333	0.7171166666666665	0.0575616666666666	2.3022113333333336	0.3821726666666666	0.3908253333333333	0.5916113333333334	4.3348846666666665	0.1607336666666666	1.975119	0.0691789999999999	0.2715356666666666	0.170979	0.440274	0.097669	0.3220966666666666	2.752787666666667	4.558620333333334	2.174875333333333	1.3749126666666664	10.638612	3.143506	9.964914333333333	4.4103536666666665
10.424976	0.4586076666666666	0.4731039999999999	0.8935063333333333	9.586958666666666	3.374797333333333	4.295701	2.179137666666666	7.019394666666666	0.371403	3.0746126666666664	2.0685673333333328	0.0639076666666666	0.580618	0.7391286666666667	5.9159343333333325	1.608229	1.9824706666666667	0.7034333333333332	0.0563916666666666	2.2999373333333333	0.3703213333333333	0.3804376666666667	0.569611	4.281557	0.1548086666666666	1.9423983333333328	0.069248	0.2722426666666666	0.1698263333333332	0.442426	0.099155	0.3231406666666666	2.6752523333333333	4.408765666666667	2.162876	1.287627	10.023598666666665	3.0171106666666665	9.589952999999996	4.197662333333334
10.436332666666669	0.449085	0.4832913333333333	0.8798469999999998	9.785475	3.2931706666666662	4.42455	2.167242666666666	6.843572666666667	0.3522333333333333	2.858289333333333	1.925934	0.0634696666666666	0.5939476666666665	0.6831946666666667	5.957248666666666	1.6361606666666666	1.9391593333333332	0.6849833333333333	0.055131	2.2953880000000004	0.3580933333333333	0.370013	0.5484916666666667	4.21871	0.1494736666666666	1.912705	0.0688803333333333	0.2726993333333333	0.1679323333333333	0.4425949999999999	0.1005573333333333	0.323397	2.583738333333333	4.272554333333333	2.1336586666666664	1.206828	9.441272	2.903629	9.190225666666665	3.981141
10.454128666666666	0.4397526666666665	0.4908506666666666	0.8600633333333333	9.920300666666666	3.210015	4.555050333333334	2.1413726666666664	6.667229999999999	0.3355559999999999	2.639395	1.7919509999999998	0.0630613333333333	0.607561	0.630396	5.967563333333333	1.6671693333333333	1.8806483333333333	0.661993	0.0536826666666666	2.2869489999999995	0.3461433333333333	0.3597583333333333	0.5303936666666667	4.146125666666666	0.1446806666666666	1.8856566666666668	0.0680516666666666	0.2727726666666666	0.1654353333333333	0.440179	0.1018133333333333	0.3231079999999999	2.484115333333333	4.156183666666666	2.093374	1.1319236666666668	8.89984	2.8038133333333333	8.768861666666666	3.7635166666666655
10.479849666666668	0.430081	0.4957626666666667	0.8367666666666665	9.993060666666668	3.1259326666666665	4.687189333333333	2.1060513333333333	6.490166	0.3209899999999999	2.4253440000000004	1.666947	0.0628516666666666	0.62142	0.5810146666666666	5.948256666666667	1.6981556666666666	1.8083976666666663	0.6352753333333333	0.0520933333333333	2.274243	0.335176	0.3498599999999999	0.5166743333333333	4.068144666666666	0.1403966666666666	1.8603113333333328	0.0668786666666666	0.2723993333333333	0.1626489999999999	0.435332	0.102874	0.3225956666666666	2.384381333333333	4.064144333333333	2.049750333333333	1.062431	8.406446666666668	2.718186	8.330630999999999	3.548033666666666
10.512698666666669	0.4208556666666666	0.4980056666666666	0.8135376666666666	10.006509333333334	3.043790333333333	4.820824666666667	2.0676296666666665	6.3119663333333325	0.3084633333333333	2.221048	1.5518283333333331	0.0628933333333333	0.6358119999999999	0.535353	5.900528	1.7309736666666666	1.7240746666666669	0.6064409999999999	0.050629	2.260404666666666	0.3255899999999999	0.3403716666666667	0.5070426666666666	3.9905306666666673	0.136548	1.8353526666666664	0.0656683333333333	0.271687	0.1600966666666666	0.4295833333333333	0.1036906666666666	0.3221016666666666	2.291601333333333	3.996762666666666	2.007341	0.9980476666666668	7.966307	2.646784	7.882552	3.338787
10.550642000000002	0.4130146666666667	0.4975093333333333	0.7935053333333333	9.963403	2.9665803333333334	4.955835	2.031422666666667	6.132753333333333	0.2979263333333333	2.029677	1.447717666666667	0.0631603333333333	0.6512433333333333	0.4935946666666667	5.825506000000001	1.768132	1.6293926666666667	0.5772073333333333	0.0495883333333333	2.247427333333333	0.3175103333333333	0.3312759999999999	0.500665	3.9195436666666663	0.133041	1.809535	0.064786	0.2707823333333333	0.1582293333333333	0.424722	0.1041976666666666	0.321739	2.210156	3.951639333333333	1.9676383333333332	0.9385826666666666	7.582469666666666	2.5896076666666668	7.431623999999999	3.139936666666667
10.591049000000002	0.4064909999999999	0.4941366666666666	0.777766	9.865384	2.8955376666666663	5.092339333333332	1.9986176666666664	5.954067333333334	0.2891226666666666	1.852763	1.355508333333333	0.0635736666666666	0.6683563333333332	0.4556296666666666	5.7243916666666665	1.8087486666666663	1.526023	0.5487799999999999	0.0490646666666666	2.231246333333333	0.3107446666666666	0.322535	0.4970386666666667	3.8614233333333337	0.129759	1.7821843333333334	0.0645403333333333	0.2697933333333333	0.1571486666666666	0.4217083333333333	0.1043163333333333	0.3214053333333334	2.139316	3.9240926666666662	1.9284493333333332	0.8838999999999999	7.254530333333332	2.5471506666666666	6.982545	2.954785666666667
10.631504333333334	0.4004793333333333	0.4877419999999999	0.7659943333333331	9.713073333333334	2.8315896666666664	5.230765666666667	1.968133666666667	5.778556	0.2816666666666666	1.6911866666666668	1.2751286666666666	0.0640649999999999	0.6876439999999999	0.421147	5.598465333333333	1.850324	1.415552	0.5219523333333332	0.0490016666666666	2.2067726666666667	0.3049436666666666	0.3140776666666666	0.4958163333333333	3.820246666666667	0.126602	1.753285	0.065053	0.268741	0.1566916666666666	0.4206293333333333	0.1039683333333333	0.3208966666666666	2.0759546666666666	3.908679333333333	1.8861203333333327	0.833767	6.979139999999999	2.520666333333333	6.538288666666666	2.785111
10.670602666666667	0.3935543333333333	0.4782706666666667	0.7566263333333334	9.505944333333332	2.7766116666666663	5.371984666666666	1.9379606666666669	5.610073	0.2751503333333334	1.5457023333333333	1.2045156666666663	0.0646473333333333	0.709112	0.3896799999999999	5.449138333333333	1.89025	1.2994953333333332	0.4971153333333332	0.0491446666666666	2.172884333333333	0.2996883333333333	0.3057726666666666	0.4965076666666667	3.795005333333333	0.123523	1.7237966666666666	0.0660729999999999	0.2675283333333333	0.1564886666666666	0.4204156666666667	0.1031166666666666	0.3199776666666666	2.0165456666666666	3.900381333333333	1.8373376666666663	0.7876526666666667	6.749270333333333	2.51269	6.100249	2.6299456666666665
10.707680666666668	0.3845833333333333	0.4657506666666666	0.7478396666666666	9.243844333333334	2.731384666666666	5.516488333333334	1.907272	5.452663	0.2692096666666667	1.4164496666666666	1.1409973333333334	0.065344	0.7324513333333333	0.3607566666666666	5.277872	1.9264506666666663	1.1794636666666665	0.4744566666666666	0.049228	2.1313473333333333	0.29452	0.2973806666666666	0.4980536666666666	3.7821763333333336	0.1205163333333333	1.6950156666666665	0.0672283333333333	0.2660036666666666	0.1561406666666666	0.4196533333333333	0.10173	0.3183686666666667	1.9590273333333328	3.8957486666666665	1.7812046666666663	0.744945	6.556005666666666	2.5261716666666665	5.669879666666666	2.487116
10.742973999999997	0.3737149999999999	0.4503503333333333	0.7384056666666666	8.928756	2.693185	5.6634216666666655	1.8784973333333328	5.309541333333333	0.2636713333333333	1.3020666666666665	1.08255	0.066117	0.7571326666666666	0.3340613333333332	5.086202	1.9580973333333331	1.0574623333333333	0.4540656666666666	0.0490966666666666	2.0864736666666666	0.288937	0.2884763333333334	0.4982096666666666	3.7777476666666665	0.117605	1.6681153333333334	0.0682359999999999	0.2640513333333333	0.1554313333333333	0.4172823333333333	0.0997763333333333	0.3157149999999999	1.904804	3.8946136666666655	1.7218756666666666	0.705121	6.389592333333333	2.563714333333333	5.250253333333333	2.3543466666666664
10.778442	0.3620629999999999	0.432318	0.7278053333333333	8.565137333333332	2.658922	5.811025666666666	1.8533656666666665	5.182059	0.2584786666666666	1.1999726666666668	1.0282026666666666	0.066861	0.7827363333333333	0.309426	4.876038666666666	1.985527	0.9359336666666668	0.4359096666666666	0.0487486666666666	2.0437513333333333	0.282463	0.2786333333333333	0.494454	3.78031	0.1147816666666666	1.6442656666666666	0.0689596666666666	0.2616343333333333	0.1543219999999999	0.4129416666666666	0.0972283333333333	0.311643	1.8555736666666665	3.898941	1.6643999999999997	0.6678069999999999	6.241113333333333	2.626994666666666	4.845525333333333	2.230048666666667
10.818827333333337	0.3515963333333333	0.4119963333333333	0.716477	8.161157333333334	2.628049333333333	5.956930999999999	1.828871333333333	5.068398666666667	0.253725	1.1063219999999998	0.978719	0.0673823333333333	0.8092809999999999	0.2868873333333332	4.650209	2.0108	0.818018	0.4197536666666666	0.0483403333333333	2.008982333333333	0.2747389999999999	0.2676406666666666	0.4849326666666665	3.794206	0.1119349999999999	1.6246356666666666	0.0695039999999999	0.258897	0.153031	0.407478	0.0941166666666666	0.305864	1.81023	3.9124416666666666	1.6106816666666666	0.6328423333333334	6.104405999999999	2.7158393333333333	4.460530666666666	2.114183
10.866548	0.3439	0.3898526666666666	0.704551	7.727243999999999	2.6001616666666663	6.099431999999999	1.801378	4.967673	0.2494736666666666	1.0176906666666667	0.935529	0.0675556666666666	0.8369009999999999	0.2664756666666666	4.412432999999999	2.038257333333333	0.70702	0.4052593333333333	0.0480483333333333	1.986824	0.265803	0.2556266666666666	0.4694633333333333	3.8212566666666663	0.1089716666666666	1.609039	0.0700893333333333	0.2560196666666667	0.1517886666666666	0.4019879999999999	0.090496	0.298335	1.7660439999999995	3.9390276666666666	1.5593586666666663	0.6001696666666666	5.975532666666666	2.8286416666666665	4.099107999999999	2.007394
10.915876333333332	0.338819	0.366572	0.6906346666666666	7.275607333333333	2.572526666666666	6.239002666666666	1.770695	4.884549333333333	0.245637	0.9329106666666668	0.8998269999999998	0.0674746666666666	0.8655323333333333	0.2480406666666666	4.16764	2.0754393333333336	0.6059570000000001	0.392077	0.0478876666666666	1.978686333333333	0.2564746666666666	0.2432916666666666	0.451054	3.851715333333333	0.105941	1.5942833333333333	0.070962	0.253118	0.150642	0.3969673333333333	0.0864776666666666	0.2895506666666666	1.7196409999999998	3.9814636666666665	1.5049136666666665	0.569734	5.8530196666666665	2.9621146666666665	3.76211	1.910270666666667
10.958306666666664	0.3354023333333332	0.3429236666666666	0.6735073333333332	6.819676333333333	2.5420506666666665	6.377269999999999	1.738203333333333	4.827505666666665	0.2420449999999999	0.8522276666666666	0.8717916666666667	0.0673966666666666	0.8948953333333332	0.2313416666666666	3.921140333333333	2.127071	0.517197	0.3800309999999999	0.0478213333333333	1.981971	0.2478276666666666	0.2315106666666667	0.4338896666666667	3.871785666666667	0.1029436666666666	1.577422	0.0722903333333333	0.2502386666666666	0.149535	0.3925446666666666	0.082192	0.280219	1.6689216666666664	4.041371999999999	1.4414849999999997	0.5414266666666666	5.7363996666666655	3.1114113333333333	3.4489756666666667	1.822655
10.987170666666666	0.332602	0.3196446666666666	0.6539946666666666	6.374008999999999	2.5073026666666665	6.516349666666667	1.7057219999999995	4.8082416666666665	0.238556	0.776894	0.8495096666666666	0.06769	0.924415	0.2161416666666666	3.677938666666667	2.188251666666667	0.4418693333333333	0.3693806666666666	0.047816	1.98832	0.2406946666666666	0.2209683333333333	0.4216343333333333	3.8703256666666666	0.100046	1.5590336666666664	0.074028	0.2473576666666666	0.1484116666666666	0.3886626666666667	0.077808	0.2710436666666666	1.6156246666666665	4.118917333333333	1.366693333333333	0.515006	5.625162666666666	3.2695263333333333	3.158862	1.7427326666666667
10.997546333333334	0.3296573333333333	0.2973626666666666	0.634144	5.9526563333333335	2.467884	6.6580596666666665	1.6782776666666668	4.838721666666666	0.2350703333333333	0.708255	0.830161	0.0686676666666666	0.9533666666666668	0.2022236666666666	3.4422653333333333	2.2511146666666666	0.3800556666666666	0.3605743333333333	0.0478613333333333	1.9907866666666667	0.2354426666666666	0.2120316666666666	0.416525	3.8401323333333335	0.0972573333333333	1.5408106666666666	0.076016	0.2444263333333333	0.1472483333333333	0.3852506666666666	0.0735039999999999	0.2625193333333333	1.5656633333333334	4.21367	1.282341	0.4902093333333333	5.518072333333333	3.428224	2.891348	1.66805
10.986564333333332	0.3264779999999999	0.276464	0.6167009999999999	5.567091333333333	2.4242066666666666	6.803092666666666	1.667644333333333	4.928108	0.2315956666666666	0.6469213333333333	0.8109553333333333	0.070379	0.9809753333333332	0.1894273333333333	3.216851666666667	2.31054	0.3305936666666667	0.3540583333333333	0.0479626666666666	1.9911466666666664	0.2316069999999999	0.204508	0.4180483333333333	3.780530333333333	0.094493	1.5233973333333333	0.0780383333333333	0.2414393333333333	0.1461113333333333	0.3823803333333333	0.0694796666666666	0.2547083333333333	1.5305076666666664	4.325171999999999	1.1965853333333334	0.4668506666666667	5.412296666666666	3.5785516666666664	2.6470143333333334	1.5963523333333332
10.953759333333332	0.3234119999999999	0.2571276666666666	0.604005	5.225592	2.3781376666666665	6.951015999999999	1.683511	5.080007333333333	0.2281393333333333	0.592571	0.7900019999999999	0.072697	1.0065493333333333	0.1776559999999999	3.003242333333333	2.3627496666666667	0.2917043333333333	0.3499756666666667	0.0481243333333333	1.993665	0.2284916666666666	0.197977	0.4241616666666666	3.697384333333333	0.0916893333333333	1.5071446666666666	0.0799566666666666	0.2384343333333333	0.1450869999999999	0.3802153333333333	0.0658866666666666	0.2473863333333333	1.5202173333333333	4.452861	1.1213716666666664	0.4448466666666666	5.304333666666666	3.712281666666666	2.4262013333333337	1.526298333333333
10.902219	0.3211256666666666	0.2392719999999999	0.5967736666666666	4.931323000000001	2.3340853333333333	7.099975	1.7239056666666666	5.287743333333332	0.2246396666666666	0.5435819999999999	0.7674026666666667	0.075337	1.0296496666666666	0.166908	2.8016956666666664	2.404174333333333	0.261351	0.3478133333333333	0.0483376666666666	1.9994623333333328	0.2256813333333333	0.1919983333333333	0.431992	3.605073	0.0889066666666666	1.4928036666666666	0.0818546666666666	0.2355383333333333	0.1442453333333333	0.3790103333333333	0.0627693333333333	0.240139	1.5359483333333332	4.595657999999999	1.0706186666666668	0.4242533333333333	5.1906886666666665	3.823694333333333	2.227616	1.4583799999999998
10.834843333333334	0.3202596666666666	0.2227593333333333	0.5942879999999999	4.684422	2.2960036666666666	7.248063	1.7816303333333332	5.539589333333333	0.2210283333333333	0.4987419999999999	0.7441956666666666	0.0780339999999999	1.0499726666666669	0.1572139999999999	2.611939	2.433943333333333	0.2375216666666666	0.3468936666666667	0.0486126666666666	2.0082750000000003	0.2230956666666667	0.1862459999999999	0.4391516666666666	3.5166436666666665	0.086293	1.4803369999999998	0.083898	0.232891	0.1436433333333333	0.3790723333333332	0.0601246666666666	0.2326753333333333	1.573093	4.750446	1.052620333333333	0.4051383333333334	5.068376	3.909516	2.049059333333333	1.3938213333333331
10.750973999999998	0.3210393333333333	0.2075453333333333	0.594179	4.482804666666667	2.264208	7.394602	1.849124	5.821973333333332	0.2173263333333333	0.4590323333333333	0.7215953333333333	0.080692	1.067304	0.1485886666666666	2.4337016666666664	2.457247	0.2184896666666666	0.3468199999999999	0.049021	2.0200543333333334	0.2210753333333333	0.1806056666666666	0.4450553333333332	3.4341166666666663	0.0840383333333333	1.467477	0.0862013333333333	0.2305983333333333	0.143342	0.3807513333333333	0.0579729999999999	0.2251896666666666	1.622728	4.910028333333333	1.0607396666666666	0.3874423333333333	4.935505333333333	3.969750666666666	1.8879006666666664	1.333683
10.650903666666665	0.3232183333333333	0.1936169999999999	0.594	4.323841	2.236914666666667	7.539258	1.9187333333333327	6.120757333333332	0.2136036666666666	0.4261649999999999	0.7004879999999999	0.0832836666666666	1.0813906666666666	0.1409676666666666	2.2666996666666663	2.479869666666666	0.2028296666666666	0.3473536666666666	0.049624	2.0339436666666666	0.2198766666666666	0.1750623333333333	0.4499153333333333	3.356752666666666	0.0822563333333333	1.4520076666666666	0.0888253333333333	0.2286953333333333	0.1433479999999999	0.3841903333333333	0.0563233333333333	0.2180443333333333	1.675114	5.066909666666667	1.0823086666666666	0.3710143333333334	4.790937666666665	4.005820666666667	1.7416176666666665	1.2785083333333334
10.540762333333332	0.325839	0.1808909999999999	0.5927426666666666	4.205553666666667	2.2112736666666666	7.681187333333333	1.9825533333333327	6.421870666666667	0.2099869999999999	0.401199	0.6808636666666666	0.0857673333333333	1.091835	0.1341473333333333	2.110611	2.5031833333333333	0.189583	0.3483006666666666	0.05041	2.047086666666667	0.2191389999999999	0.1695943333333333	0.4539633333333333	3.288476333333333	0.0808166666666666	1.4340383333333333	0.0917309999999999	0.2271126666666666	0.1435423333333333	0.3890336666666667	0.0551433333333333	0.211528	1.7225566666666663	5.217267333333332	1.105832	0.3556186666666666	4.6342506666666665	4.019332333333333	1.608295333333333	1.227848
10.427924666666666	0.3277013333333333	0.169234	0.5903873333333334	4.126636	2.1848696666666667	7.818957666666667	2.034515	6.712330666666666	0.2066176666666666	0.3838589999999999	0.6620809999999999	0.0881243333333333	1.098071	0.1279306666666666	1.9651203333333327	2.528795666666667	0.1781106666666666	0.3494306666666666	0.0513166666666666	2.058444	0.2182983333333333	0.1642586666666666	0.4573813333333333	3.233050333333333	0.0795056666666666	1.4145163333333333	0.094838	0.2257186666666666	0.1437826666666666	0.3946553333333332	0.0543573333333333	0.2057769999999999	1.759488	5.361018666666666	1.124064333333333	0.341006	4.465874333333333	4.011584333333333	1.4864153333333334	1.180671
10.316237999999998	0.3278006666666667	0.1584526666666666	0.5876899999999999	4.086681333333333	2.1571203333333333	7.950378000000001	2.073207666666667	6.981695	0.2036323333333333	0.3715333333333334	0.6429583333333333	0.0904253333333333	1.0993223333333333	0.122302	1.830038	2.5632136666666665	0.1680953333333333	0.3504123333333332	0.0522713333333333	2.072807333333333	0.2169543333333333	0.159279	0.4603236666666666	3.188514666666667	0.078137	1.3938863333333331	0.0980409999999999	0.224386	0.1440126666666666	0.4003506666666666	0.0538419999999999	0.2006933333333333	1.7832229999999998	5.5030443333333325	1.137849333333333	0.3269839999999999	4.287593666666667	3.9830566666666662	1.374782333333333	1.1356076666666668
10.204620333333333	0.3260243333333333	0.1484313333333333	0.5852173333333333	4.086410333333332	2.127654333333333	8.073266	2.099239	7.221488333333333	0.2010896666666666	0.3608006666666666	0.6226963333333333	0.0927756666666666	1.0949236666666666	0.1173343333333333	1.7052383333333332	2.6123420000000004	0.1594053333333333	0.3509469999999999	0.0532036666666666	2.093776	0.2150643333333333	0.1549783333333333	0.4631903333333333	3.1497056666666663	0.0766396666666666	1.3721509999999997	0.101306	0.223004	0.144255	0.4054976666666667	0.0534746666666666	0.1961073333333333	1.7929436666666667	5.6497823333333335	1.151955	0.313484	4.102066	3.93329	1.2724896666666663	1.0917303333333332
10.084308666666669	0.324067	0.1392726666666666	0.582405	4.128283	2.0948	8.186280666666667	2.1135056666666667	7.425361666666666	0.1988733333333333	0.348809	0.6018393333333334	0.0952923333333333	1.0846966666666664	0.1131476666666666	1.590683	2.6752496666666667	0.152025	0.3509203333333333	0.0541066666666666	2.116272	0.2131946666666666	0.151686	0.466961	3.110111	0.0751526666666666	1.348891333333333	0.1047456666666666	0.22155	0.1446256666666666	0.4097913333333333	0.053201	0.1919369999999999	1.7897116666666666	5.806288	1.1719150000000005	0.3006696666666666	3.912614	3.860402333333333	1.1789513333333337	1.0494233333333334
9.944274333333334	0.3239753333333333	0.1311846666666666	0.5780353333333333	4.215119	2.05675	8.289081333333332	2.1179973333333333	7.588044333333332	0.1967996666666666	0.3342336666666666	0.581316	0.0980296666666666	1.0687966666666666	0.1097866666666666	1.4863316666666664	2.7464026666666665	0.1459633333333333	0.3502933333333332	0.0549843333333333	2.131988333333333	0.212055	0.1496023333333333	0.4728139999999999	3.0641633333333327	0.0739016666666666	1.3235199999999998	0.1084983333333333	0.2200333333333333	0.1452573333333333	0.4131596666666667	0.0530283333333333	0.1882096666666666	1.7768013333333332	5.974078	1.199615	0.2887333333333333	3.722622333333333	3.761773	1.0934343333333332	1.00953
9.776126666666666	0.326727	0.1243789999999999	0.5706066666666667	4.3487453333333335	2.0128356666666662	8.382855666666666	2.117456333333333	7.705217666666666	0.1946953333333333	0.3186903333333333	0.5615116666666667	0.1009303333333333	1.0476663333333334	0.1071216666666666	1.392089666666667	2.8169366666666664	0.1411486666666666	0.3490406666666666	0.0558553333333333	2.134592333333333	0.2120676666666666	0.1485916666666666	0.4817359999999999	3.009320333333333	0.0730853333333333	1.2953996666666667	0.1125666666666666	0.2184966666666666	0.146225	0.4158146666666666	0.0530643333333333	0.1851243333333333	1.7610136666666667	6.148048	1.2282293333333334	0.2777203333333333	3.534947	3.634524	1.0145146666666665	0.9726133333333332
9.576770666666668	0.3320689999999999	0.1190173333333333	0.5590569999999999	4.529433666666667	1.9632013333333331	8.469489333333334	2.118953666666666	7.776116666666666	0.1924363333333333	0.3050013333333333	0.5422033333333333	0.1038633333333333	1.0218269999999998	0.1049233333333333	1.3075763333333332	2.880377666666667	0.1374153333333333	0.3472563333333333	0.0567123333333333	2.12334	0.213328	0.1483333333333333	0.4941	2.9424743333333327	0.0728313333333333	1.2638646666666664	0.116839	0.2169733333333333	0.147537	0.418066	0.0534439999999999	0.182856	1.7503883333333334	6.320824	1.2495326666666666	0.2675293333333333	3.3519266666666665	3.4765113333333333	0.9404266666666666	0.9386886666666666
9.352884	0.3380623333333333	0.115133	0.543691	4.7547853333333325	1.9089923333333332	8.550918666666666	2.1316213333333334	7.807261333333332	0.1899853333333333	0.2957863333333333	0.5223286666666667	0.1067013333333333	0.9917373333333332	0.1029563333333333	1.231825333333333	2.9387566666666665	0.134433	0.3453256666666666	0.057543	2.107992666666666	0.2154726666666666	0.1483809999999999	0.5089726666666666	2.8569683333333336	0.0731113333333333	1.228369	0.1210369999999999	0.215476	0.14911	0.420236	0.05427	0.1813486666666666	1.7520216666666666	6.486474333333333	1.2612356666666666	0.2579013333333333	3.17514	3.287681	0.869378	0.90686
9.117255	0.3426413333333333	0.1126176666666666	0.5260286666666667	5.020611	1.8537816666666669	8.627994	2.159728	7.806455666666666	0.187376	0.2922423333333333	0.500632	0.1093086666666666	0.957883	0.1010723333333333	1.1634293333333332	2.9972823333333336	0.1318423333333333	0.3437953333333333	0.0583466666666666	2.1006970000000003	0.2178333333333333	0.1482533333333333	0.5244483333333333	2.7511226666666664	0.0737723333333333	1.189851	0.1248796666666666	0.2139923333333333	0.15088	0.4226919999999999	0.0555686666666666	0.1803099999999999	1.768765666666667	6.6416200000000005	1.2679983333333331	0.2485166666666666	3.005401	3.070031333333333	0.800322	0.8758183333333334
8.886704666666667	0.345093	0.1111689999999999	0.50901	5.320946333333333	1.8056223333333332	8.699070666666668	2.1943536666666663	7.776853999999999	0.184705	0.292588	0.4762843333333333	0.1115906666666666	0.9208849999999998	0.099358	1.100614	3.059841	0.1293533333333333	0.3432656666666666	0.0592173333333333	2.1082966666666665	0.2195069999999999	0.1474806666666666	0.5376909999999999	2.6386026666666664	0.0745103333333333	1.1524423333333331	0.128208	0.212506	0.1528936666666666	0.4258893333333333	0.057222	0.1791603333333333	1.7946066666666665	6.787032999999999	1.2837546666666666	0.2390916666666666	2.842413666666667	2.8284743333333333	0.7339496666666665	0.8443126666666667
8.672954666666666	0.3456583333333333	0.1104073333333333	0.4953336666666666	5.647774666666666	1.771689	8.761753666666667	2.222395333333333	7.716512666666666	0.1820513333333333	0.2939826666666666	0.4494149999999999	0.113451	0.8814143333333332	0.0979206666666666	1.0417663333333331	3.128460333333334	0.1267813333333333	0.3440306666666666	0.0602206666666666	2.130624	0.219711	0.1457236666666666	0.54631	2.538405666666667	0.0750323333333333	1.1202679999999998	0.1310436666666666	0.210981	0.1551186666666666	0.4299066666666666	0.0590526666666666	0.1773126666666666	1.8197516666666669	6.924094333333333	1.3207033333333331	0.2294713333333333	2.685318333333333	2.570044333333333	0.6717583333333332	0.8118173333333334
8.472067333333333	0.3453443333333332	0.1099829999999999	0.4857419999999999	5.989820999999999	1.7525213333333334	8.814437666666667	2.234381333333333	7.616506999999999	0.1793903333333333	0.2941296666666667	0.4218713333333333	0.1148139999999999	0.8401206666666666	0.096718	0.9860523333333332	3.202298	0.1240889999999999	0.3456269999999999	0.0613236666666666	2.156845333333333	0.2182096666666666	0.1429146666666666	0.5498496666666666	2.466044	0.0752053333333333	1.094207	0.1336333333333333	0.2093686666666666	0.1572113333333333	0.433901	0.0609106666666666	0.1744776666666666	1.8345776666666664	7.051588	1.377596	0.2197616666666666	2.5330156666666666	2.3039999999999994	0.6153246666666667	0.7794236666666667
8.272586666666665	0.3452016666666666	0.1095983333333333	0.479608	6.3339073333333324	1.744719666666667	8.85638	2.224333	7.466054666666666	0.176665	0.2917683333333333	0.3957139999999999	0.115641	0.7976376666666666	0.0956513333333333	0.9331293333333334	3.2775826666666665	0.1213426666666666	0.3472103333333333	0.0624263333333333	2.1719656666666665	0.2152106666666666	0.1392113333333333	0.548979	2.430872	0.0750493333333333	1.0733686666666666	0.1362466666666666	0.2076439999999999	0.1587813333333333	0.436751	0.06266	0.1706216666666666	1.831719	7.166754999999999	1.4445329999999998	0.2101539999999999	2.384533	2.04039	0.5657886666666666	0.748528
8.061768666666666	0.3456643333333333	0.1090636666666666	0.475135	6.665725666666666	1.7424243333333334	8.887978	2.1907596666666667	7.257097333333332	0.1738506666666666	0.287419	0.3717526666666667	0.1160173333333333	0.7545723333333333	0.0946836666666666	0.8830486666666667	3.346868666666667	0.118676	0.3478576666666666	0.0634253333333333	2.162561	0.2114519999999999	0.1350186666666666	0.5450676666666665	2.431408666666666	0.074747	1.056101	0.1389253333333333	0.2058519999999999	0.1596516666666666	0.4377076666666666	0.0641946666666666	0.166054	1.8089596666666667	7.266181666666666	1.5054039999999995	0.2007753333333333	2.239412	1.7888923333333333	0.5232286666666667	0.7196406666666667
7.831567666666666	0.3467346666666667	0.1083256666666666	0.470202	6.971760999999999	1.7388136666666667	8.910206666666667	2.138413	6.9868326666666665	0.1710173333333333	0.282498	0.3498283333333333	0.1161456666666666	0.7114843333333333	0.0938519999999999	0.836074	3.405174	0.1162409999999999	0.3470173333333333	0.0642603333333333	2.124188	0.207922	0.1308843333333333	0.5398823333333332	2.457037333333333	0.0744796666666666	1.0404036666666665	0.1415906666666666	0.204069	0.1599243333333333	0.4366023333333333	0.065441	0.1612989999999999	1.7694913333333333	7.347139666666666	1.5448293333333334	0.1916616666666666	2.0975653333333333	1.557768	0.4871296666666667	0.6924753333333333
7.585546666666666	0.3480506666666667	0.107551	0.4631243333333333	7.241598666666666	1.727238	8.924207	2.081922333333333	6.661745333333333	0.168393	0.2787103333333333	0.3289109999999999	0.1164083333333333	0.6688276666666666	0.0933153333333333	0.7926036666666667	3.456655333333333	0.114156	0.3450586666666666	0.0649996666666666	2.0712	0.2056853333333333	0.12743	0.5354679999999999	2.486918333333333	0.0742483333333333	1.024203	0.1440833333333333	0.2023556666666666	0.1600929999999999	0.4342366666666666	0.0664009999999999	0.157092	1.723869	7.409257999999999	1.5552563333333334	0.1827193333333333	1.9592576666666663	1.3521866666666666	0.4566156666666666	0.665961
7.332736	0.3492549999999999	0.1069363333333333	0.4533203333333333	7.467918999999999	1.7040529999999998	8.930262333333333	2.035076	6.292227333333334	0.166174	0.2769516666666666	0.3083263333333333	0.1171476666666666	0.6270143333333332	0.0932039999999999	0.7529346666666666	3.5078936666666665	0.1124996666666666	0.3427503333333333	0.065724	2.023249333333333	0.205432	0.1251336666666666	0.5334013333333333	2.502213333333333	0.0739549999999999	1.0066173333333333	0.1463426666666666	0.2007046666666666	0.1606629999999999	0.431617	0.0670656666666666	0.1540313333333333	1.6828983333333334	7.454611333333333	1.5380136666666666	0.1738939999999999	1.824608	1.1744836666666667	0.4307473333333333	0.639302
7.082847666666666	0.3503156666666667	0.1065583333333333	0.4422763333333334	7.647667666666667	1.6723653333333333	8.926646999999999	2.000034666666666	5.888779	0.1643093333333333	0.2760473333333333	0.2890366666666666	0.1184636666666666	0.5864186666666666	0.0934723333333333	0.7170009999999999	3.561751333333333	0.1112829999999999	0.3408446666666666	0.0664476666666666	1.9931956666666664	0.2069613333333333	0.1240643333333333	0.5339189999999999	2.498431666666667	0.0734396666666666	0.9895393333333332	0.1485723333333333	0.1989696666666666	0.1617603333333333	0.429287	0.0673656666666666	0.1522403333333333	1.6507389999999995	7.488474333333334	1.5068263333333334	0.165346	1.693134	1.023306	0.4087036666666666	0.6131426666666667
6.840671333333333	0.3513389999999999	0.1063903333333333	0.4317413333333333	7.779976333333334	1.6376503333333332	8.911646666666666	1.9737576666666663	5.461935666666666	0.1626026666666666	0.2740813333333333	0.2727596666666667	0.1202963333333333	0.5473276666666667	0.0939479999999999	0.6846236666666666	3.618438	0.1104796666666666	0.3397633333333333	0.067106	1.9854383333333327	0.2096869999999999	0.1240476666666666	0.536747	2.4770046666666663	0.0726226666666666	0.975139	0.1510676666666666	0.1969689999999999	0.1631649999999999	0.4272086666666667	0.0672306666666666	0.1515043333333333	1.6272473333333335	7.515547333333332	1.476945	0.1573339999999999	1.564337	0.895621	0.3897446666666666	0.588878
6.599626333333332	0.352438	0.106354	0.4220783333333333	7.865097333333333	1.6041136666666669	8.885710666666666	1.9533306666666668	5.022733	0.1607753333333333	0.2695353333333333	0.2612456666666666	0.1224756666666666	0.509837	0.0943583333333333	0.655691	3.675893333333333	0.1100059999999999	0.3392566666666666	0.0675633333333333	1.992152	0.213065	0.1247486666666666	0.5417109999999999	2.438683666666667	0.0716426666666666	0.9635213333333332	0.1540216666666666	0.194581	0.1642573333333333	0.4245676666666667	0.066689	0.1513459999999999	1.6094389999999998	7.536097000000001	1.454987	0.1500999999999999	1.4383436666666665	0.7879579999999998	0.3731886666666666	0.5681433333333333
6.350528	0.3539783333333333	0.1063976666666666	0.4130043333333333	7.903637333333332	1.5744883333333335	8.850976333333334	1.9382076666666663	4.5830416666666665	0.1586076666666666	0.2617683333333333	0.2554999999999999	0.124804	0.4740746666666666	0.0944829999999999	0.630006	3.7295573333333336	0.1097333333333333	0.3389256666666666	0.0677156666666666	2.00021	0.2165846666666666	0.1257473333333333	0.548399	2.384869	0.0707256666666666	0.9539863333333332	0.1574543333333333	0.1917859999999999	0.1644503333333333	0.420544	0.0658639999999999	0.1512133333333333	1.5955730000000004	7.548169333333333	1.441579333333333	0.1437626666666666	1.3157006666666664	0.6970253333333333	0.3586146666666666	0.5520306666666667
6.090179666666667	0.3568476666666667	0.1066443333333333	0.4042923333333332	7.896095666666666	1.5495626666666666	8.811234333333333	1.9325816666666664	4.155866666666666	0.156097	0.251704	0.254809	0.1271073333333333	0.4404096666666667	0.0943273333333333	0.60704	3.7712916666666665	0.1094626666666666	0.3387259999999999	0.067617	1.9966276666666665	0.219774	0.1265786666666666	0.5556123333333333	2.320031	0.070045	0.9461706666666666	0.161068	0.188718	0.1636156666666666	0.4151233333333333	0.0650259999999999	0.150656	1.589274	7.549251666666668	1.432657	0.1381566666666666	1.1972973333333332	0.6201896666666665	0.346121	0.5401779999999999
5.823813666666666	0.3616786666666666	0.1072676666666666	0.3961203333333333	7.84233	1.528984	8.770147333333334	1.942146	3.752839999999999	0.1533899999999999	0.2411459999999999	0.2574443333333333	0.1291993333333333	0.4093289999999999	0.0940859999999999	0.5859266666666667	3.793929	0.1089573333333333	0.3388376666666666	0.0674343333333333	1.975613	0.2220306666666666	0.1267413333333333	0.5614083333333333	2.2502473333333333	0.0696513333333333	0.9398353333333332	0.1644526666666666	0.1855996666666666	0.162013	0.4090273333333333	0.0644573333333333	0.149326	1.5962736666666666	7.537281666666667	1.4240526666666664	0.1329733333333333	1.083948666666667	0.5551946666666666	0.3358899999999999	0.531337
5.569610333333333	0.3679099999999999	0.108447	0.3895113333333333	7.740834666666666	1.5115549999999998	8.729481333333334	1.971094	3.381085333333334	0.1507476666666666	0.2323419999999999	0.2610706666666666	0.1308373333333333	0.3812886666666666	0.0941223333333333	0.5653666666666667	3.7962979999999993	0.1079879999999999	0.3395886666666666	0.067412	1.947514	0.222526	0.1257506666666666	0.5630166666666665	2.18196	0.0693559999999999	0.934608	0.167243	0.1826526666666666	0.1602813333333333	0.4037983333333333	0.0643473333333333	0.1470323333333333	1.621368	7.511695333333334	1.4157393333333337	0.127845	0.9760396666666666	0.500021	0.3277376666666667	0.5236706666666666
5.347771	0.3742246666666666	0.1103546666666666	0.3858033333333333	7.589390999999999	1.4961933333333333	8.689510333333333	2.020096333333333	3.0451909999999995	0.1483663333333333	0.2271516666666666	0.2635106666666666	0.1318243333333333	0.3565196666666667	0.0946916666666666	0.544225	3.781672666666666	0.1064033333333333	0.3411716666666666	0.0677106666666666	1.928835	0.220665	0.1233616666666666	0.5584173333333333	2.119679	0.0689239999999999	0.930109	0.1691816666666666	0.1800226666666666	0.1589233333333333	0.4006586666666666	0.0647693333333333	0.143754	1.6657823333333337	7.473338333333333	1.4113086666666663	0.1224816666666666	0.8738769999999999	0.4530243333333333	0.3210943333333333	0.515387
5.169853333333333	0.3787736666666667	0.113201	0.38617	7.385604333333333	1.4827466666666669	8.648938666666666	2.0831586666666664	2.7481063333333333	0.146179	0.2260759999999999	0.2635703333333333	0.1321359999999999	0.3347329999999999	0.0955986666666666	0.5221756666666666	3.7573576666666657	0.1042526666666666	0.3433433333333333	0.0682133333333333	1.9337263333333332	0.2167256666666666	0.1199213333333333	0.548182	2.063253	0.068252	0.9261233333333332	0.1702096666666666	0.1776533333333333	0.1577413333333333	0.3992883333333333	0.0656533333333333	0.13973	1.7234239999999998	7.424712333333334	1.4179196666666667	0.1168126666666666	0.7780623333333333	0.4132386666666666	0.3148686666666667	0.5053696666666667
5.036658	0.3800319999999999	0.1171236666666666	0.3909273333333333	7.128179666666666	1.471131	8.605684333333333	2.150869	2.4910756666666662	0.1440129999999999	0.228645	0.260975	0.1318949999999999	0.3154046666666666	0.0964576666666666	0.4993653333333332	3.730078333333333	0.1017016666666666	0.3456153333333333	0.06867	1.968632333333333	0.2114466666666666	0.1160536666666666	0.5343003333333333	2.011504	0.0673453333333333	0.9223873333333332	0.1703926666666666	0.1754133333333333	0.156239	0.3985266666666666	0.0668426666666666	0.135294	1.784630666666667	7.367483333333332	1.4396129999999998	0.1109209999999999	0.6893573333333333	0.3801286666666666	0.308004	0.4931833333333333
4.933145666666666	0.377716	0.1220916666666666	0.3985973333333333	6.818694	1.4603953333333333	8.557312	2.2127306666666664	2.2724976666666663	0.141708	0.2334993333333333	0.256656	0.1313853333333333	0.297965	0.0968679999999999	0.476249	3.701369	0.0989943333333333	0.3473966666666666	0.0688023333333333	2.025008	0.2058223333333333	0.1124716666666666	0.519461	1.9655476666666667	0.0663376666666666	0.9184136666666666	0.1699006666666666	0.1731789999999999	0.153935	0.396879	0.068155	0.13077	1.838941333333333	7.299834000000001	1.4696486666666666	0.1050163333333333	0.6085836666666666	0.353465	0.3000066666666666	0.4793303333333333
4.839654666666666	0.372316	0.12794	0.4069589999999999	6.461358999999999	1.4489790000000002	8.501619	2.261416666666667	2.088576	0.139185	0.2393539999999999	0.2520346666666667	0.1309119999999999	0.281935	0.0965676666666666	0.4534723333333333	3.669735333333333	0.0963886666666666	0.3480726666666666	0.0684153333333333	2.088069	0.2007723333333333	0.109738	0.5062736666666667	1.9280956666666669	0.065371	0.9138776666666666	0.1689493333333333	0.1708849999999999	0.1505133333333333	0.3931429999999999	0.06942	0.1264556666666666	1.8791303333333331	7.218712333333333	1.4964309999999998	0.0993483333333333	0.5364119999999999	0.3330736666666666	0.2907983333333333	0.4648396666666666
4.7413126666666665	0.3648553333333333	0.1344126666666666	0.4139273333333333	6.063874	1.4348936666666667	8.437277666666667	2.297653	1.9331563333333333	0.136521	0.2459239999999999	0.248504	0.1306843333333333	0.2670686666666667	0.0955766666666666	0.431873	3.632004	0.0941016666666666	0.3471393333333333	0.0675149999999999	2.143556	0.1968543333333333	0.1080533333333333	0.4965526666666666	1.9027513333333328	0.0645093333333333	0.909095	0.1677646666666666	0.1685556666666666	0.1460143333333333	0.3871446666666667	0.0705486666666666	0.122611	1.905861	7.121981666666667	1.508461333333333	0.094141	0.4731069999999999	0.3185863333333333	0.280651	0.4510356666666666
4.628494333333333	0.3563806666666666	0.1412846666666666	0.4181516666666666	5.636652333333332	1.416912333333333	8.363621333333333	2.324391	1.800166333333333	0.1338566666666666	0.2536456666666666	0.2468636666666666	0.1307873333333333	0.2533406666666666	0.0941436666666666	0.4122079999999999	3.585385	0.0922773333333333	0.3444543333333333	0.0662513333333333	2.181461	0.1942823333333333	0.1073303333333333	0.4911636666666666	1.8910133333333332	0.063761	0.9046436666666666	0.1664776666666666	0.1662583333333333	0.140734	0.3795893333333333	0.0715196666666666	0.1194326666666666	1.9221963333333327	7.009829666666667	1.499615666666667	0.0895433333333333	0.4185493333333333	0.309436	0.2699663333333333	0.4389003333333333
4.498739333333333	0.3475313333333333	0.1485196666666667	0.41983	5.193143666666667	1.3960616666666663	8.280616666666667	2.341728333333333	1.685849666666667	0.1313123333333333	0.2635519999999999	0.2466706666666666	0.131153	0.240975	0.0927193333333333	0.394894	3.529443333333333	0.0909336666666666	0.3406446666666666	0.0648973333333333	2.200667333333333	0.1928896666666666	0.1072613333333333	0.489645	1.8887556666666667	0.0631123333333333	0.9010753333333332	0.165015	0.1640576666666666	0.1352209999999999	0.3721906666666666	0.072395	0.117017	1.9289326666666664	6.886690333333332	1.4757046666666669	0.085557	0.3721306666666666	0.304768	0.2591013333333333	0.4283843333333332
4.355123	0.3388	0.156103	0.419867	4.747961666666666	1.3750566666666666	8.188075666666666	2.3481556666666665	1.5871966666666664	0.12897	0.2764893333333333	0.247197	0.1316676666666666	0.230201	0.0916343333333333	0.3801719999999999	3.4655033333333334	0.090039	0.336651	0.0637076666666666	2.2051730000000003	0.1925496666666666	0.1075286666666666	0.4916083333333333	1.890348	0.062549	0.8988236666666667	0.163267	0.1619979999999999	0.1299956666666666	0.3666139999999999	0.0732519999999999	0.1154726666666666	1.925768333333333	6.757544666666667	1.447112	0.0821129999999999	0.333019	0.3036723333333333	0.2483703333333333	0.4191456666666666
4.206732	0.3307426666666666	0.163901	0.4193363333333333	4.3153516666666665	1.3581573333333332	8.08485	2.341799	1.5004646666666668	0.126838	0.2922243333333333	0.2483553333333333	0.132298	0.2209903333333333	0.090733	0.3682133333333333	3.396326	0.0895803333333333	0.3333806666666666	0.06278	2.201821	0.193598	0.1080683333333333	0.4980376666666666	1.8923283333333327	0.0621023333333333	0.898043	0.1612643333333333	0.160069	0.1252813333333333	0.3634276666666666	0.0741103333333333	0.1150046666666666	1.9125353333333333	6.624454333333334	1.422891333333333	0.0791226666666666	0.3003346666666666	0.3053836666666667	0.237995	0.411235
4.062927666666667	0.3237493333333333	0.171567	0.4191766666666667	3.907774	1.349015	7.969202666666666	2.321561333333333	1.4212313333333333	0.1248853333333333	0.3094849999999999	0.250669	0.1330203333333333	0.2130976666666666	0.0896689999999999	0.3588586666666666	3.323284	0.0895299999999999	0.3314443333333333	0.0621136666666666	2.195019333333333	0.1962896666666666	0.108899	0.5098253333333332	1.8928066666666663	0.0618356666666666	0.8982916666666667	0.159158	0.158235	0.1210886666666666	0.3623653333333332	0.074902	0.1157306666666666	1.889777	6.487764333333333	1.4093353333333334	0.0765253333333333	0.2732156666666666	0.3092913333333333	0.2280266666666666	0.4049959999999999
3.9284783333333335	0.3177363333333333	0.1784476666666666	0.4199513333333333	3.533707666666667	1.3483009999999995	7.839124666666666	2.2888306666666667	1.3444973333333334	0.1230793333333333	0.3256763333333333	0.2553286666666666	0.1337786666666666	0.2060403333333333	0.0881503333333333	0.3512483333333333	3.243281333333333	0.0897996666666666	0.3308259999999999	0.061639	2.181763333333333	0.2002253333333333	0.1100283333333333	0.5261196666666667	1.891054	0.0618466666666666	0.8980606666666666	0.1572076666666666	0.1564396666666666	0.117257	0.36239	0.075414	0.117404	1.8596596666666667	6.346982333333334	1.4080173333333332	0.074329	0.2508843333333333	0.3149696666666666	0.2181806666666666	0.400974
3.808726666666666	0.3123493333333333	0.1838283333333333	0.4218266666666666	3.1983056666666663	1.354644	7.693381333333334	2.249255	1.266457333333333	0.1214483333333333	0.3382176666666666	0.2630586666666666	0.1344326666666666	0.199315	0.0861253333333333	0.3441649999999999	3.152609	0.0902613333333333	0.3311026666666666	0.0612953333333333	2.1612883333333333	0.2045233333333333	0.1113573333333333	0.544627	1.886129	0.0621846666666666	0.89586	0.1555723333333333	0.1546796666666666	0.1136913333333333	0.3624643333333333	0.075408	0.1195199999999999	1.8271343333333332	6.201715999999999	1.417344333333333	0.0725163333333333	0.2326836666666666	0.322055	0.2081366666666667	0.3992283333333333
3.7146896666666662	0.3071359999999999	0.1872313333333333	0.424478	2.902693666666667	1.3648503333333333	7.532837333333333	2.2156626666666663	1.1867456666666665	0.1201649999999999	0.3458983333333333	0.272828	0.1347226666666666	0.1926179999999999	0.0840043333333333	0.3363163333333333	3.0507219999999995	0.0907393333333333	0.3315626666666666	0.0610993333333333	2.14531	0.2078916666666666	0.1126279999999999	0.5615486666666667	1.8757246666666665	0.062779	0.8913356666666666	0.154056	0.1530679999999999	0.1105886666666666	0.362299	0.0747486666666666	0.1213116666666666	1.801739	6.052551666666667	1.4329413333333332	0.0709336666666666	0.2181743333333333	0.3301083333333333	0.1978193333333333	0.3985083333333333
3.6551519999999993	0.3019243333333333	0.1885816666666666	0.4275496666666666	2.645865333333333	1.3748516666666664	7.359682999999999	2.20061	1.107291	0.119388	0.3489536666666666	0.2825189999999999	0.1343463333333333	0.1859193333333333	0.0823153333333333	0.3266903333333333	2.939447	0.0910253333333333	0.3316836666666666	0.0611193333333333	2.1483726666666665	0.2091326666666667	0.1134836666666666	0.5730389999999999	1.8581003333333328	0.0634889999999999	0.8849376666666665	0.15225	0.1517523333333333	0.1082313333333333	0.3621793333333332	0.0734593333333333	0.1220846666666666	1.7921346666666669	5.900877666666666	1.450357333333333	0.0693266666666666	0.2070096666666666	0.3385976666666667	0.1874943333333333	0.3969483333333333
3.627321666666666	0.29727	0.1885106666666667	0.4311036666666666	2.4254763333333336	1.3803193333333332	7.176965333333333	2.2084036666666664	1.031822	0.1191003333333333	0.3495616666666666	0.2893366666666666	0.133066	0.1796129999999999	0.0813673333333333	0.3150436666666666	2.8227403333333334	0.0908933333333333	0.3316369999999999	0.061445	2.1781966666666666	0.207725	0.1135876666666666	0.5767659999999999	1.8344363333333331	0.06417	0.8777809999999999	0.1496323333333333	0.1508163333333333	0.1067829999999999	0.3629426666666667	0.0718363333333333	0.121561	1.8000316666666667	5.748789	1.4675649999999998	0.0673516666666666	0.1988839999999999	0.3468616666666667	0.1778999999999999	0.3926686666666666
3.6205766666666666	0.2938696666666667	0.1878183333333333	0.4351676666666666	2.2382016666666664	1.3781143333333332	6.986912	2.235371333333333	0.963644	0.119167	0.350398	0.2909653333333333	0.1308063333333333	0.1741926666666666	0.0811896666666666	0.3017613333333333	2.705097333333333	0.0902603333333333	0.3317966666666666	0.0621393333333333	2.234709	0.2039176666666666	0.1127886666666666	0.5725733333333333	1.8083663333333333	0.0647083333333333	0.8708793333333333	0.1458123333333333	0.1502803333333333	0.1062246666666666	0.3653436666666666	0.070235	0.1199003333333333	1.82138	5.597103666666667	1.484352	0.0647583333333333	0.1935546666666666	0.3543613333333333	0.16981	0.3844253333333333
3.61798	0.2920133333333333	0.1869916666666666	0.439279	2.079476666666667	1.3682576666666666	6.789048333333333	2.267926333333333	0.9033956666666666	0.1193606666666666	0.3533446666666667	0.2868686666666666	0.1278333333333333	0.1699516666666666	0.0813936666666666	0.2879553333333333	2.590241666666667	0.0893993333333333	0.3322726666666666	0.0631686666666666	2.306776	0.199087	0.1114093333333333	0.5638803333333333	1.7861279999999995	0.065098	0.8643886666666667	0.1408206666666666	0.1500623333333333	0.1062349999999999	0.3694263333333333	0.0688843333333333	0.117852	1.845948	5.443038666666666	1.5023046666666666	0.0616023333333333	0.1909406666666666	0.3609706666666667	0.1635436666666667	0.3725166666666666
3.6024456666666667	0.2915186666666667	0.1862013333333333	0.442723	1.944081333333333	1.3533826666666666	6.581659999999999	2.291031666666666	0.8501673333333334	0.1194626666666666	0.3591176666666666	0.2778536666666666	0.1245596666666666	0.1668946666666667	0.0814026666666666	0.2749926666666666	2.4809756666666667	0.0887459999999999	0.332881	0.0644213333333333	2.3775803333333334	0.194987	0.1100233333333333	0.5555893333333333	1.773397	0.0653883333333333	0.8579476666666667	0.1349863333333333	0.150016	0.1063116666666666	0.3746096666666666	0.0678703333333333	0.1163226666666666	1.8631386666666667	5.282746666666666	1.524269	0.0581273333333333	0.1910809999999999	0.3668473333333333	0.159	0.3581513333333334
3.563063666666667	0.2916269999999999	0.1852296666666666	0.4447876666666666	1.8264916666666664	1.3390176666666669	6.362921999999999	2.296069333333333	0.802211	0.1193709999999999	0.3665503333333333	0.2660646666666666	0.121413	0.1645913333333333	0.0806533333333333	0.2640883333333333	2.3787303333333334	0.088722	0.3330723333333333	0.065703	2.428606	0.1931093333333333	0.1093396666666666	0.552421	1.7719403333333332	0.0656646666666666	0.850931	0.1288983333333333	0.1499516666666666	0.105876	0.379683	0.0671	0.116005	1.867448	5.113631	1.5541336666666667	0.0547066666666666	0.1941646666666666	0.3723576666666666	0.1555503333333333	0.3432256666666666
3.498225	0.2917866666666666	0.183693	0.445128	1.7217716666666665	1.3308939999999998	6.131697	2.2806086666666663	0.7579443333333333	0.1191333333333333	0.3735703333333333	0.25419	0.1187103333333333	0.1625643333333333	0.0789186666666666	0.255893	2.284088333333333	0.0895799999999999	0.3324676666666666	0.0668843333333333	2.4492713333333334	0.1942413333333333	0.1098799999999999	0.5572103333333333	1.7807333333333335	0.0659843333333333	0.8431203333333334	0.123193	0.1497273333333333	0.1046906666666666	0.3838313333333333	0.0664086666666666	0.11719	1.857124666666667	4.934669999999999	1.5940506666666665	0.0517043333333333	0.2002949999999999	0.3778303333333332	0.1526549999999999	0.3297586666666666
3.4214233333333333	0.2925163333333333	0.1812153333333333	0.4442996666666666	1.6266649999999998	1.332263	5.8885223333333325	2.249778	0.7168363333333334	0.1190253333333333	0.3779266666666667	0.2448373333333333	0.1165139999999999	0.160659	0.0767193333333333	0.249913	2.196862	0.0911739999999999	0.3314303333333332	0.0680543333333333	2.4485076666666665	0.1977993333333333	0.111613	0.5686796666666666	1.7961769999999997	0.0663146666666666	0.8354746666666666	0.1183356666666666	0.1493523333333333	0.1033726666666666	0.3877526666666666	0.065659	0.1194923333333333	1.8338616666666667	4.747206	1.6412503333333333	0.0493466666666666	0.209257	0.3832739999999999	0.1504566666666666	0.3194873333333333
3.349085333333333	0.2947553333333333	0.1776213333333333	0.443426	1.5390063333333333	1.34348	5.635341666666667	2.2107	0.6785640000000001	0.1193343333333333	0.3782326666666666	0.2399176666666666	0.1147039999999999	0.1589103333333333	0.0747709999999999	0.2452663333333333	2.115974666666667	0.0931816666666666	0.3305313333333333	0.0693813333333333	2.440574333333333	0.2024866666666666	0.114077	0.5834966666666666	1.813745	0.06659	0.8293986666666667	0.1145913333333333	0.14891	0.1027013333333333	0.3925773333333333	0.0648046666666666	0.1222669999999999	1.8006196666666667	4.554162333333333	1.6918766666666665	0.0477229999999999	0.2205263333333333	0.3884326666666666	0.1494273333333333	0.3135333333333333
3.289148333333333	0.299322	0.1731753333333333	0.4440226666666666	1.4575523333333331	1.3606386666666666	5.3757	2.1679516666666667	0.642287	0.120147	0.3752423333333333	0.2397256666666666	0.113005	0.1574496666666666	0.0734936666666666	0.2412923333333333	2.038909	0.0952536666666666	0.330074	0.070982	2.432345333333333	0.2067449999999999	0.116409	0.5977253333333333	1.8289993333333328	0.066754	0.8260526666666667	0.1118933333333333	0.148497	0.1029726666666666	0.3988729999999999	0.063992	0.1249663333333333	1.760236	4.3598490000000005	1.7444713333333333	0.0467446666666666	0.2332293333333333	0.3927576666666666	0.1500659999999999	0.3119176666666666
3.2404046666666666	0.3066053333333333	0.1682613333333333	0.4470073333333334	1.3815333333333333	1.3780893333333333	5.113401333333333	2.124196	0.6074020000000001	0.1214236666666666	0.3705843333333333	0.2434713333333333	0.1111626666666666	0.1563883333333333	0.0729829999999999	0.2376776666666666	1.9623843333333333	0.0971746666666666	0.3301883333333332	0.0728853333333333	2.423984	0.209414	0.1178913333333333	0.608466	1.837359	0.0668086666666666	0.8255576666666666	0.1100003333333333	0.1481683333333333	0.1040953333333333	0.406526	0.0633929999999999	0.1272733333333333	1.7157276666666663	4.168481	1.798517	0.0462506666666666	0.2464546666666666	0.3958056666666666	0.1527029999999999	0.3138353333333333
3.189991333333333	0.3161746666666666	0.1630753333333333	0.4515523333333333	1.3104749999999998	1.3903746666666663	4.851229	2.080810666666667	0.574407	0.123026	0.3657393333333333	0.2493883333333333	0.1091103333333333	0.1557013333333333	0.072938	0.2345806666666666	1.882881	0.0990289999999999	0.3309076666666666	0.0749696666666666	2.408864666666666	0.2105066666666666	0.1185293333333333	0.615682	1.8338706666666664	0.066857	0.8258943333333333	0.108541	0.1478946666666666	0.1056243333333333	0.4144733333333332	0.063057	0.1293016666666666	1.6710503333333333	3.982666333333333	1.8527923333333332	0.046074	0.259575	0.3976463333333332	0.1572529999999999	0.3177193333333333
3.125582333333333	0.327118	0.1575806666666666	0.4559186666666667	1.2439763333333334	1.3941063333333332	4.590604000000001	2.0410669999999995	0.5437733333333333	0.1248316666666666	0.3613576666666667	0.2556936666666666	0.1068863333333333	0.15527	0.0729119999999999	0.2321566666666666	1.798174	0.1009943333333333	0.3322013333333333	0.07705	2.382550333333333	0.210608	0.1187093333333333	0.6206336666666666	1.8150196666666665	0.0670083333333333	0.8242213333333333	0.1071976666666666	0.147609	0.1071336666666666	0.4214033333333333	0.0628933333333333	0.1312833333333333	1.632369	3.8034003333333337	1.903642	0.0460586666666666	0.27208	0.3985986666666666	0.1633266666666666	0.3219696666666666
3.0476726666666663	0.3382169999999999	0.151412	0.4580886666666666	1.1815573333333331	1.3903416666666666	4.33091	2.013519666666667	0.5148213333333332	0.1268226666666666	0.3564163333333334	0.2614143333333333	0.1045666666666666	0.1548996666666666	0.0725486666666666	0.230031	1.709356	0.1031349999999999	0.3339773333333333	0.078937	2.3522936666666667	0.2104666666666666	0.1189456666666666	0.624686	1.7811276666666669	0.067272	0.8180236666666667	0.1058376666666666	0.1472656666666666	0.1085806666666666	0.4263783333333333	0.06264	0.1333016666666666	1.6096766666666669	3.629618	1.9428013333333327	0.0460743333333333	0.283478	0.399037	0.170214	0.3256933333333333
2.965476	0.3481626666666666	0.1442343333333333	0.4566913333333333	1.1226333333333334	1.3821276666666664	4.071388333333333	2.006693333333333	0.4864553333333333	0.1290299999999999	0.349279	0.2661546666666666	0.1022026666666666	0.1543973333333333	0.0717786666666666	0.2274636666666666	1.6197573333333333	0.1053499999999999	0.3361086666666666	0.0805159999999999	2.3319093333333334	0.2104559999999999	0.119567	0.628286	1.7346766666666666	0.0675823333333333	0.8061459999999999	0.1044643333333333	0.1468166666666666	0.1102016666666666	0.429162	0.0620326666666666	0.1352103333333333	1.6112323333333334	3.4601293333333336	1.9623643333333332	0.0460126666666666	0.29328	0.3992296666666666	0.1770603333333333	0.3284453333333333
2.8947566666666664	0.355745	0.136109	0.452123	1.0664919999999998	1.372653	3.81302	2.0233376666666665	0.4579316666666666	0.13147	0.3386856666666666	0.2699273333333333	0.0997413333333333	0.1536386666666666	0.071091	0.2234116666666666	1.5345963333333332	0.1072666666666666	0.3384383333333333	0.0818256666666666	2.3378853333333334	0.210015	0.1203713333333333	0.6298326666666666	1.6795056666666666	0.0678086666666666	0.7902456666666666	0.1031456666666666	0.1462233333333333	0.1124416666666666	0.4306966666666666	0.0609996666666666	0.1365346666666666	1.63714	3.2953196666666664	1.960199	0.0457913333333333	0.3010513333333333	0.3991643333333333	0.1829966666666666	0.3301306666666667
2.8487343333333333	0.3601149999999999	0.127531	0.445856	1.0124426666666666	1.364407666666667	3.55841	2.0611096666666664	0.429409	0.134092	0.3247773333333333	0.2726166666666667	0.0970793333333333	0.1525803333333333	0.0710376666666666	0.2171356666666666	1.4592963333333335	0.1085123333333333	0.3406556666666667	0.0829496666666666	2.38126	0.2082386666666666	0.1208539999999999	0.6271599999999999	1.6209556666666665	0.0678193333333333	0.7735663333333332	0.1018699999999999	0.145445	0.1155243333333333	0.4320949999999999	0.059688	0.1367536666666666	1.6818613333333334	3.1356749999999995	1.9395526666666665	0.0453606666666666	0.30646	0.3986153333333332	0.1873566666666666	0.330642
2.8282016666666663	0.3611986666666666	0.1195356666666666	0.4400643333333333	0.9599823333333334	1.3582133333333333	3.312043333333333	2.1115543333333338	0.4027486666666667	0.1366959999999999	0.3105103333333333	0.2734416666666666	0.0940966666666666	0.1512773333333333	0.0717619999999999	0.2088749999999999	1.3978316666666666	0.1089696666666666	0.3421656666666666	0.083911	2.457406333333333	0.2044546666666666	0.1203836666666666	0.6190126666666667	1.5667006666666667	0.0675716666666666	0.7601103333333332	0.1003669999999999	0.1444773333333333	0.1189516666666666	0.4336616666666666	0.058563	0.1356366666666666	1.734952	2.980115	1.9100013333333328	0.0447243333333333	0.309417	0.397173	0.1899846666666666	0.3296433333333333
2.8239663333333334	0.3594656666666667	0.113229	0.4365156666666667	0.9087873333333332	1.3537173333333334	3.0783176666666665	2.163145333333333	0.3801853333333333	0.1390236666666666	0.299658	0.2717146666666666	0.0907373333333333	0.1498113333333333	0.0730336666666666	0.1994986666666666	1.351759333333333	0.108719	0.34242	0.0846853333333333	2.549056	0.198627	0.1185833333333333	0.6058626666666667	1.525153	0.0671106666666666	0.75284	0.098358	0.1433163333333333	0.1218903333333333	0.4350683333333333	0.0581453333333333	0.1332646666666666	1.784705	2.826170333333333	1.8808806666666664	0.0439289999999999	0.3100259999999999	0.3945343333333332	0.1910543333333333	0.327051
2.8168453333333336	0.3558989999999999	0.1092759999999999	0.4354106666666666	0.858735	1.3494663333333332	2.859498666666666	2.203127	0.363105	0.1408289999999999	0.2949963333333333	0.2676416666666666	0.0871266666666666	0.1482093333333333	0.074222	0.1903156666666666	1.3183763333333336	0.1080323333333333	0.3413296666666666	0.085197	2.626000333333333	0.1919763333333333	0.1157996666666666	0.5912633333333334	1.5035916666666669	0.0666053333333333	0.7515403333333333	0.0958043333333333	0.141964	0.1234926666666666	0.4353963333333333	0.0587573333333333	0.1302073333333333	1.8211553333333328	2.669894333333333	1.8549626666666663	0.0430646666666666	0.3086516666666666	0.3908706666666666	0.191019	0.3236853333333333
2.7905716666666662	0.3516193333333333	0.1078036666666666	0.436081	0.8098189999999998	1.3440473333333334	2.6556116666666667	2.220633	0.3518843333333333	0.142009	0.2976546666666667	0.2620766666666666	0.0835399999999999	0.1464846666666666	0.074739	0.182596	1.2925599999999997	0.1072903333333333	0.339206	0.0854076666666666	2.661770666666666	0.1862043333333333	0.1128013333333333	0.5799223333333333	1.504559	0.0662296666666666	0.7541003333333334	0.0929013333333333	0.14043	0.1233313333333333	0.4339019999999999	0.060453	0.1272183333333333	1.8373146666666669	2.5083216666666663	1.8321843333333327	0.0422803333333333	0.3057623333333333	0.3866986666666666	0.190415	0.3206949999999999
2.745350666666667	0.3476186666666666	0.1081143333333333	0.4374566666666667	0.7620903333333334	1.3371833333333332	2.463751666666667	2.210713	0.3454463333333333	0.1427606666666666	0.3059983333333333	0.2563759999999999	0.0804339999999999	0.1446696666666666	0.0745306666666666	0.1770733333333333	1.2679063333333336	0.1069306666666666	0.3368609999999999	0.0854126666666666	2.651572333333333	0.1828323333333333	0.1105796666666666	0.5760476666666666	1.520644	0.0660573333333333	0.7571783333333333	0.090112	0.1387673333333333	0.1219476666666666	0.4308539999999999	0.0628806666666666	0.1250296666666666	1.8316073333333331	2.3423453333333333	1.812765333333333	0.041802	0.3018543333333333	0.3828549999999999	0.1897483333333333	0.3190929999999999
2.6907250000000005	0.3448526666666666	0.1092753333333333	0.438601	0.7157996666666667	1.329706	2.280601	2.175208333333333	0.3418143333333333	0.1434363333333333	0.3171773333333333	0.251802	0.0781966666666666	0.1428956666666666	0.073957	0.1739973333333333	1.2396356666666666	0.1072673333333333	0.335271	0.085401	2.605338333333333	0.1825996666666666	0.1098456666666666	0.5818436666666666	1.5407	0.0660853333333333	0.757692	0.087958	0.1370716666666666	0.1204046666666666	0.427515	0.065554	0.1240613333333333	1.8073083333333333	2.176025	1.7980513333333334	0.0418623333333333	0.2972573333333333	0.3800039999999999	0.1895633333333333	0.3194583333333333
2.6407496666666668	0.3442939999999999	0.1105883333333333	0.439222	0.6715506666666667	1.3237166666666664	2.104760666666667	2.125895666666666	0.3384723333333332	0.144414	0.3282156666666666	0.2488849999999999	0.0769	0.1414773333333333	0.0738056666666666	0.1729933333333333	1.2079893333333334	0.1082693333333333	0.335307	0.0856266666666666	2.5451939999999995	0.1846333333333333	0.1104486666666666	0.5953706666666667	1.5549886666666664	0.0662506666666666	0.7542873333333333	0.0867953333333333	0.1355096666666666	0.1199723333333333	0.4263193333333333	0.0680866666666666	0.1240599999999999	1.7736903333333336	2.0167006666666665	1.791219	0.0425903333333333	0.291917	0.3781043333333332	0.1905083333333333	0.3215816666666666
2.606319	0.3464923333333333	0.111619	0.4393176666666666	0.6299446666666667	1.3209893333333336	1.9360793333333333	2.0775153333333334	0.3338846666666666	0.145961	0.3366546666666666	0.2477586666666666	0.0763563333333333	0.1407066666666666	0.074775	0.1732983333333333	1.1762676666666665	0.1097023333333333	0.3374623333333333	0.086269	2.494811666666666	0.1872973333333333	0.111715	0.6123409999999999	1.5576426666666667	0.0664696666666666	0.7471676666666667	0.0867413333333333	0.1342023333333333	0.121556	0.4293066666666666	0.0702166666666666	0.124387	1.7409356666666669	1.8710723333333328	1.794971	0.0440319999999999	0.285457	0.3765909999999999	0.1929103333333333	0.3250119999999999
2.5867836666666664	0.3509063333333332	0.1122533333333333	0.4389116666666666	0.591155	1.321144	1.7753073333333331	2.0417286666666667	0.3292333333333333	0.1480426666666666	0.3412666666666666	0.2483096666666666	0.0761369999999999	0.140614	0.0769796666666666	0.1738509999999999	1.1496956666666664	0.111221	0.3414406666666666	0.0872563333333333	2.4695096666666667	0.18883	0.1126386666666666	0.6272436666666666	1.5500953333333332	0.0666643333333333	0.738328	0.0875089999999999	0.1331196666666666	0.1250056666666666	0.436339	0.0718609999999999	0.1242053333333333	1.7156010000000002	1.741127	1.808893	0.046093	0.27719	0.3744546666666666	0.1962183333333333	0.3294936666666666
2.572740333333333	0.3560793333333333	0.1125896666666666	0.437891	0.5549716666666666	1.3219833333333333	1.6233639999999998	2.025254666666666	0.3261409999999999	0.1504213333333333	0.3418273333333333	0.2500696666666666	0.0758226666666666	0.1409646666666666	0.080052	0.1737203333333333	1.1323683333333332	0.1124953333333333	0.346352	0.0883436666666666	2.472189	0.188056	0.1123919999999999	0.6357536666666666	1.5375853333333334	0.0667583333333333	0.7299193333333333	0.0886073333333333	0.1321213333333333	0.1294506666666666	0.4455999999999999	0.0730456666666666	0.1228773333333333	1.7017273333333331	1.6259403333333335	1.829772	0.0485983333333333	0.2665396666666667	0.3707703333333332	0.1992563333333333	0.3346389999999999
2.5466083333333334	0.3595326666666666	0.1128759999999999	0.435866	0.520695	1.3192496666666664	1.4807963333333334	2.0266266666666666	0.324522	0.1526689999999999	0.3392086666666666	0.251926	0.0752856666666666	0.1411913333333333	0.0831943333333333	0.1725659999999999	1.1239076666666663	0.1133599999999999	0.350749	0.0891353333333333	2.486109666666667	0.1852796666666666	0.11088	0.6375259999999999	1.526833	0.0666583333333333	0.7227206666666666	0.089486	0.1310076666666666	0.1334303333333333	0.453615	0.0738679999999999	0.1204129999999999	1.7012336666666668	1.5226213333333332	1.851136	0.051259	0.2535493333333333	0.3652913333333333	0.2003203333333333	0.3395183333333333
2.4937316666666667	0.3587909999999999	0.1133386666666666	0.4323503333333333	0.4875946666666665	1.3085173333333333	1.3477316666666666	2.040592	0.3231953333333333	0.154381	0.3346746666666667	0.2525826666666666	0.0746156666666666	0.140669	0.0856463333333333	0.1705703333333333	1.120921	0.1137806666666666	0.3533906666666667	0.0892756666666666	2.492017333333333	0.181771	0.1086183333333333	0.6350766666666666	1.522348	0.0663176666666666	0.7167473333333333	0.0897076666666666	0.1295859999999999	0.1356553333333333	0.4570923333333333	0.074416	0.1172589999999999	1.714082	1.427965	1.8665303333333327	0.0538126666666666	0.2387879999999999	0.358306	0.1978476666666666	0.3430349999999999
2.4144336666666666	0.3525006666666667	0.1139839999999999	0.4269886666666667	0.4553253333333333	1.2870806666666668	1.2237886666666666	2.061091333333333	0.3203843333333332	0.1553669999999999	0.3293193333333333	0.2509886666666666	0.0741193333333333	0.1389943333333333	0.0872266666666666	0.1685113333333333	1.1176456666666668	0.113881	0.35407	0.088641	2.4843900000000003	0.1795033333333333	0.1067343333333333	0.6334679999999999	1.522368	0.0657933333333333	0.7116790000000001	0.0891729999999999	0.1277923333333333	0.1357956666666666	0.4548199999999999	0.0746879999999999	0.1141939999999999	1.737542666666667	1.3397276666666669	1.872909333333333	0.0561066666666666	0.2234433333333333	0.3506656666666666	0.1912086666666667	0.3443009999999999
2.319539	0.340954	0.1146959999999999	0.4199293333333333	0.4240806666666666	1.254732	1.1085466666666668	2.083529	0.3147946666666666	0.155621	0.3239443333333334	0.2466663333333333	0.0740766666666666	0.1361093333333333	0.0881126666666666	0.1672209999999999	1.1091263333333332	0.113797	0.3532636666666666	0.0873386666666666	2.4674953333333334	0.1800446666666666	0.1061726666666666	0.637157	1.52259	0.0652073333333333	0.7072709999999999	0.0880106666666666	0.1256893333333333	0.134229	0.4476419999999999	0.07468	0.1118813333333333	1.7677926666666668	1.2562766666666665	1.8712026666666663	0.0581376666666666	0.208674	0.343092	0.1809326666666666	0.3429939999999999
2.2288526666666666	0.3271373333333334	0.1152793333333333	0.4123886666666666	0.3948493333333333	1.2152336666666668	1.0020126666666669	2.1070203333333337	0.3068526666666666	0.155341	0.3188006666666667	0.24021	0.0745056666666666	0.1325466666666666	0.088792	0.1670776666666666	1.0945363333333331	0.1135619999999999	0.3519683333333333	0.0857496666666666	2.4535306666666665	0.183328	0.1068349999999999	0.6467403333333333	1.5193043333333331	0.0647013333333333	0.7037169999999999	0.0865739999999999	0.1235443333333333	0.131964	0.438979	0.0744693333333333	0.1103906666666666	1.8010046666666666	1.1763856666666666	1.868205	0.06007	0.1950036666666666	0.335496	0.169305	0.33989
2.1619036666666664	0.3148896666666667	0.1155533333333333	0.4059263333333333	0.368735	1.1734	0.904342	2.13165	0.2979456666666666	0.1548173333333333	0.3135526666666666	0.2327743333333333	0.0752336666666666	0.1290386666666666	0.0897426666666666	0.1680963333333333	1.0756359999999998	0.1131313333333333	0.3511329999999999	0.084311	2.453640333333333	0.1883296666666666	0.1080836666666666	0.6603793333333332	1.5111823333333332	0.0643973333333333	0.7013743333333333	0.0852249999999999	0.121641	0.1301173333333333	0.4326443333333333	0.07415	0.1094846666666666	1.8331266666666663	1.0991479999999998	1.8735026666666663	0.0621083333333333	0.1824576666666666	0.3273286666666666	0.158999	0.336275
2.128757	0.307348	0.115427	0.4018553333333333	0.3462836666666666	1.1325539999999998	0.8155969999999999	2.155954	0.2899336666666666	0.154356	0.307039	0.2257326666666666	0.0759226666666666	0.126231	0.0911873333333333	0.16995	1.055958	0.1124313333333333	0.3511343333333334	0.0832943333333333	2.469044	0.1934529999999999	0.109067	0.6745303333333332	1.501587	0.0643256666666666	0.700478	0.0841743333333333	0.1201453333333333	0.1294286666666666	0.430803	0.073778	0.1088196666666666	1.859577	1.0241066666666665	1.8972456666666664	0.064316	0.170592	0.3178233333333333	0.151845	0.3335336666666666
2.1301596666666667	0.306538	0.1148953333333333	0.4009549999999999	0.3276113333333333	1.0946816666666666	0.7356463333333333	2.177084	0.284012	0.1542123333333333	0.2982019999999999	0.2203176666666666	0.0762263333333333	0.124609	0.0930833333333333	0.1722686666666666	1.0388646666666663	0.1114073333333333	0.351994	0.0828249999999999	2.493549	0.1972086666666666	0.1091026666666666	0.6856526666666665	1.4957336666666663	0.064461	0.7007363333333333	0.0834993333333333	0.1191023333333333	0.1302356666666666	0.4340996666666666	0.0733816666666666	0.1081216666666666	1.8764643333333333	0.9512943333333334	1.946775333333333	0.066701	0.1588709999999999	0.3063246666666666	0.1488066666666666	0.3328043333333333
2.154793333333333	0.3126236666666667	0.1140569999999999	0.403041	0.312369	1.0602626666666666	0.6640173333333332	2.190712	0.2794583333333333	0.154503	0.2870383333333333	0.2172163333333333	0.0759393333333333	0.1244216666666666	0.0950986666666666	0.1749116666666666	1.0257046666666667	0.1101086666666666	0.3535196666666665	0.0828346666666666	2.514426333333333	0.198868	0.1080479999999999	0.6918186666666666	1.4982656666666667	0.0647043333333333	0.700812	0.083165	0.1184336666666666	0.1323423333333333	0.4413589999999999	0.0729799999999999	0.1073553333333333	1.8820796666666668	0.8814803333333332	2.0219206666666665	0.0692133333333333	0.1470203333333333	0.2926316666666666	0.1496509999999999	0.3345896666666666
2.1872046666666667	0.3243149999999999	0.11309	0.4071203333333333	0.2999216666666666	1.029073	0.5998913333333333	2.192566	0.2746226666666666	0.15524	0.2742246666666666	0.2166233333333333	0.0750023333333333	0.1256596666666666	0.0968626666666666	0.1778156666666666	1.016338	0.1085593333333333	0.3555556666666666	0.0831716666666666	2.521208	0.1984423333333333	0.1061966666666666	0.6927083333333331	1.510772	0.0649703333333333	0.6991653333333334	0.08312	0.1179916666666666	0.1354083333333333	0.4507616666666666	0.0725763333333333	0.1066203333333333	1.8755423333333332	0.8157063333333332	2.114727333333333	0.0717703333333333	0.1350309999999999	0.276915	0.1532683333333333	0.3388636666666667
2.213945	0.3386806666666667	0.1122929999999999	0.4113266666666666	0.2893526666666666	1.0005326666666667	0.5420133333333333	2.180063333333333	0.2676736666666666	0.1563003333333333	0.2610563333333333	0.2180523333333333	0.0735446666666666	0.1279506666666666	0.0982386666666666	0.1808593333333333	1.009129	0.1066626666666666	0.3581656666666666	0.083626	2.515341	0.196853	0.1042783333333333	0.6900726666666667	1.5279166666666666	0.0652263333333333	0.6950186666666667	0.08338	0.1176193333333333	0.1392536666666666	0.4606773333333332	0.0721723333333333	0.1060726666666666	1.8558186666666665	0.7549946666666667	2.206548333333333	0.0742013333333333	0.1232566666666666	0.2597686666666666	0.1575363333333333	0.344927
2.225003	0.351791	0.112188	0.4139533333333332	0.2795269999999999	0.9734876666666664	0.4892176666666666	2.152966	0.256969	0.1574446666666666	0.2499006666666666	0.2203209999999999	0.0718183333333333	0.1306576666666666	0.099244	0.183823	1.001280333333333	0.1042863333333333	0.3612933333333332	0.0839556666666666	2.5075996666666667	0.195274	0.103099	0.6860596666666665	1.5372339999999998	0.0655046666666666	0.6891563333333333	0.0839033333333333	0.1171816666666666	0.1436813333333333	0.4696443333333333	0.0718523333333333	0.1058083333333333	1.8223576666666663	0.7005533333333333	2.2760653333333334	0.0763366666666666	0.1122833333333333	0.2419266666666666	0.15973	0.3512553333333333
